<?xml version="1.0" encoding="UTF-8"?>
<root t='150' id='1' V150='13' creationTimestamp='0x163039cdde7' V1='4' name='AddressIDType' incarnation='8'>
  <rootElem t='167' id='2' V167='21' V283='1' occurMaxTimes='1' minSize='-1' maxSize='-1' groupType='1' repHandlerStruct='' inheritsFrom='' namespaceIndex='1' V281='13' V1='4' name='AddressIDType'>
    <structNode t='150' idref='1'/>
    <child t='167' id='3' V167='21' V283='1' occurMinTimes='1' occurMaxTimes='1' minSize='-1' maxSize='-1' dataType='2' repHandlerStruct='' visible='true' inheritsFrom='' namespaceIndex='1' V281='13' V1='4' name='AddressID'>
      <structNode t='150' idref='1'/>
    </child>
  </rootElem>
  <defaultRep t='172' id='4' V172='6' autoFixNamespaceMismatch='true' V170='10' V692='1' unnamedElemsNamespace='1' V690='1' ignoreExcluded='true' fixInvalidCharacters='true' V1='4' name='XML'>
    <namespaceContainers t='220' ref='Namespace Containers/WebIntegration_v2_AccountManagementService_6_4_1_v57_AccountManagementService_ESB_v57_0.1.wsdl_0.1.xml'/>
  </defaultRep>
  <namespaceList t='161' id='5' V161='1' namespaceUri='___osdtDummy___' V1='4'>
  </namespaceList>
  <namespaceList t='161' id='6' V161='1' namespaceUri='http://www.homeserve.com/Europe/GB/Address/v2' namespacePrefix='hsega' V1='4'>
  </namespaceList>
  <child t='162' id='7' V1='4' name='Representations'>
    <child t='172' idref='4'/>
  </child>
  <child t='165' id='8' V1='4' name='Document Bindings'>
    <child t='166' id='9' V166='5' docType='1' V1='4' name='/hsega:AddressIDType'>
      <elemNode t='167' idref='2'/>
    </child>
  </child>
</root>
