<hscds:GetContractsResponse xmlns:hscds="http://www.homeserve.com/Europe/GB/Customer/Contract/ContractService/v1" xmlns:hsega="http://www.homeserve.com/Europe/GB/Address/v1" xmlns:hsegcccdo="http://www.homeserve.com/Europe/GB/Customer/Contract/ContractServiceOperations/v1" xmlns:hsga="http://www.homeserve.com/Global/Address/v1" xmlns:hsgc="http://www.homeserve.com/Global/Customer/v1" xmlns:hsgca="http://www.homeserve.com/Global/Customer/Appointment/v1" xmlns:hsgca1="http://www.homeserve.com/Global/Customer/Asset/v1" xmlns:hsgcc="http://www.homeserve.com/Global/Customer/Claim/v1" xmlns:hsgccc="http://www.homeserve.com/Global/Customer/Contract/Service/v1" xmlns:hsgccs="http://www.homeserve.com/Global/Customer/Contract/v2" xmlns:hsgcd="http://www.homeserve.com/Global/Customer/ContactDetails/v1" xmlns:hsgcm="http://www.homeserve.com/Global/Common/v1" xmlns:hsgcn="http://www.homeserve.com/Global/Customer/Contract/v1" xmlns:hsgco="http://www.homeserve.com/Global/Common/CommonService/v1" xmlns:hsgco1="http://www.homeserve.com/Global/Country/v1" xmlns:hsgps="http://www.homeserve.com/Global/ProductSpine/v1" xmlns:hsgpstc="http://www.homeserve.com/Global/ProductSpine/TermsAndConditions/v1" xmlns:hsgpt="http://www.homeserve.com/Global/Partner/v1" xmlns:soap="http://schemas.xmlsoap.org/wsdl/soap/" xmlns:wsdl="http://schemas.xmlsoap.org/wsdl/" xmlns:xs="http://www.w3.org/2001/XMLSchema" xmlns:xsi="http://www.w3.org/2001/XMLSchema-instance">
   <hsegcccdo:Outcome>
      <hsgco:ResultCode>0</hsgco:ResultCode>
      <hsgco:ResultDescription>Success</hsgco:ResultDescription>
   </hsegcccdo:Outcome>
   <hsegcccdo:Contracts>
      <hsgccs:Contract>
         <hsgccs:ContractID>CN6400051257</hsgccs:ContractID>
         <hsgccs:ContractDetails>
            <hsgccs:MajorVersion>1</hsgccs:MajorVersion>
            <hsgccs:MinorVersion>1</hsgccs:MinorVersion>
            <hsgccs:Status>Open-Inforce</hsgccs:Status>
            <hsgccs:StartDate>2018-11-29</hsgccs:StartDate>
            <hsgccs:EndDate>2019-11-28</hsgccs:EndDate>
            <hsgccs:InceptionDate>2018-11-29</hsgccs:InceptionDate>
            <hsgccs:LastUpdated>2018-11-29T00:00:00</hsgccs:LastUpdated>
            <hsgccs:CancellationDate>1970-01-01</hsgccs:CancellationDate>
            <hsgccs:Offers>
               <hsgps:Offer>
                  <hsgps:OfferID>OF42</hsgps:OfferID>
                  <hsgps:OfferName>GasBoilerBreakdownCover</hsgps:OfferName>
                  <hsgps:Status>Open-Inforce</hsgps:Status>
                  <hsgps:EffectiveDate>2018-11-29</hsgps:EffectiveDate>
                  <hsgps:ExpiryDate>2019-11-28</hsgps:ExpiryDate>
                  <hsgps:LastUpdated>1970-01-01T00:00:00</hsgps:LastUpdated>
                  <hsgps:CountryCode>UK</hsgps:CountryCode>
                  <hsgps:PartnerOptions>
                     <hsgps:PartnerOptions>
                        <hsgps:PartnerOptionID>PO22</hsgps:PartnerOptionID>
                        <hsgps:PartnerOptionName>Boiler</hsgps:PartnerOptionName>
                        <hsgps:Status>Open-Inforce</hsgps:Status>
                        <hsgps:EffectiveDate>2018-11-29</hsgps:EffectiveDate>
                        <hsgps:ExpiryDate>2019-11-28</hsgps:ExpiryDate>
                        <hsgps:LastUpdated>1970-01-01T00:00:00</hsgps:LastUpdated>
                        <hsgps:Partner>
                           <hsgpt:PartnerID>HS</hsgpt:PartnerID>
                        </hsgps:Partner>
                        <hsgps:Packages>
                           <hsgps:Package>
                              <hsgps:PackageID>PK22</hsgps:PackageID>
                              <hsgps:PackageName>Boiler</hsgps:PackageName>
                              <hsgps:PackageDefinition/>
                              <hsgps:Status>	Open-Inforce</hsgps:Status>
                              <hsgps:EffectiveDate>2018-11-29</hsgps:EffectiveDate>
                              <hsgps:ExpiryDate>2019-11-28</hsgps:ExpiryDate>
                              <hsgps:LastUpdated>1970-01-01T00:00:00</hsgps:LastUpdated>
                              <hsgps:Categories>
                                 <hsgps:Category>
                                    <hsgps:CategoryID>CAT22</hsgps:CategoryID>
                                    <hsgps:CategoryName>Boiler</hsgps:CategoryName>
                                    <hsgps:CategoryDefinition/>
                                    <hsgps:Status>Open-Inforce</hsgps:Status>
                                    <hsgps:EffectiveDate>2018-11-29</hsgps:EffectiveDate>
                                    <hsgps:ExpiryDate>2019-11-28</hsgps:ExpiryDate>
                                    <hsgps:LastUpdated>1970-01-01T00:00:00</hsgps:LastUpdated>
                                    <hsgps:Products>
                                       <hsgps:Product>
                                          <hsgps:ProductID>PR16</hsgps:ProductID>
                                          <hsgps:ProductName>Boiler</hsgps:ProductName>
                                          <hsgps:ProductLine>Insurance</hsgps:ProductLine>
                                          <hsgps:Status>Open-Inforce</hsgps:Status>
                                          <hsgps:EffectiveDate>2018-11-29</hsgps:EffectiveDate>
                                          <hsgps:ExpiryDate>2019-11-28</hsgps:ExpiryDate>
                                          <hsgps:LastUpdated>1970-01-01T00:00:00</hsgps:LastUpdated>
                                          <hsgps:Features>
                                             <hsgps:Feature>
                                                <hsgps:FeatureID>FE121</hsgps:FeatureID>
                                                <hsgps:FeatureName>GasSupplyPipeRepairs</hsgps:FeatureName>
                                                <hsgps:Status>Open-Inforce</hsgps:Status>
                                                <hsgps:EffectiveDate>2018-11-29</hsgps:EffectiveDate>
                                                <hsgps:ExpiryDate>2019-11-28</hsgps:ExpiryDate>
                                                <hsgps:LastUpdated>1970-01-01T00:00:00</hsgps:LastUpdated>
                                                <hsgps:OverlapCover>false</hsgps:OverlapCover>
                                                <hsgps:ExcessExempt>false</hsgps:ExcessExempt>
                                             </hsgps:Feature>
                                             <hsgps:Feature>
                                                <hsgps:FeatureID>FE145</hsgps:FeatureID>
                                                <hsgps:FeatureName>WaterPipesTanksAndCylinders</hsgps:FeatureName>
                                                <hsgps:Status>Open-Inforce</hsgps:Status>
                                                <hsgps:EffectiveDate>2018-11-29</hsgps:EffectiveDate>
                                                <hsgps:ExpiryDate>2019-11-28</hsgps:ExpiryDate>
                                                <hsgps:LastUpdated>1970-01-01T00:00:00</hsgps:LastUpdated>
                                                <hsgps:OverlapCover>false</hsgps:OverlapCover>
                                                <hsgps:ExcessExempt>false</hsgps:ExcessExempt>
                                             </hsgps:Feature>
                                             <hsgps:Feature>
                                                <hsgps:FeatureID>FE73</hsgps:FeatureID>
                                                <hsgps:FeatureName>LossOfHeatingAndorHotWaterDueToBoilerBreakdown</hsgps:FeatureName>
                                                <hsgps:Status>Open-Inforce</hsgps:Status>
                                                <hsgps:EffectiveDate>2018-11-29</hsgps:EffectiveDate>
                                                <hsgps:ExpiryDate>2019-11-28</hsgps:ExpiryDate>
                                                <hsgps:LastUpdated>1970-01-01T00:00:00</hsgps:LastUpdated>
                                                <hsgps:OverlapCover>false</hsgps:OverlapCover>
                                                <hsgps:ExcessExempt>false</hsgps:ExcessExempt>
                                             </hsgps:Feature>
                                             <hsgps:Feature>
                                                <hsgps:FeatureID>FE144</hsgps:FeatureID>
                                                <hsgps:FeatureName>ReplaceHeatExchanger</hsgps:FeatureName>
                                                <hsgps:Status>Open-Inforce</hsgps:Status>
                                                <hsgps:EffectiveDate>2018-11-29</hsgps:EffectiveDate>
                                                <hsgps:ExpiryDate>2019-11-28</hsgps:ExpiryDate>
                                                <hsgps:LastUpdated>1970-01-01T00:00:00</hsgps:LastUpdated>
                                                <hsgps:OverlapCover>false</hsgps:OverlapCover>
                                                <hsgps:ExcessExempt>false</hsgps:ExcessExempt>
                                             </hsgps:Feature>
                                             <hsgps:Feature>
                                                <hsgps:FeatureID>FE122</hsgps:FeatureID>
                                                <hsgps:FeatureName>GSPRepairsLeadingToTheMeter</hsgps:FeatureName>
                                                <hsgps:Status>Open-Inforce</hsgps:Status>
                                                <hsgps:EffectiveDate>2018-11-29</hsgps:EffectiveDate>
                                                <hsgps:ExpiryDate>2019-11-28</hsgps:ExpiryDate>
                                                <hsgps:LastUpdated>1970-01-01T00:00:00</hsgps:LastUpdated>
                                                <hsgps:OverlapCover>false</hsgps:OverlapCover>
                                                <hsgps:ExcessExempt>false</hsgps:ExcessExempt>
                                             </hsgps:Feature>
                                             <hsgps:Feature>
                                                <hsgps:FeatureID>FE149</hsgps:FeatureID>
                                                <hsgps:FeatureName>FaultyRadiators</hsgps:FeatureName>
                                                <hsgps:Status>Open-Inforce</hsgps:Status>
                                                <hsgps:EffectiveDate>2018-11-29</hsgps:EffectiveDate>
                                                <hsgps:ExpiryDate>2019-11-28</hsgps:ExpiryDate>
                                                <hsgps:LastUpdated>1970-01-01T00:00:00</hsgps:LastUpdated>
                                                <hsgps:OverlapCover>false</hsgps:OverlapCover>
                                                <hsgps:ExcessExempt>false</hsgps:ExcessExempt>
                                             </hsgps:Feature>
                                          </hsgps:Features>
                                          <hsgps:AssetsID>
                                             <hsgca1:AssetID>
                                                <hsgca1:AssetID/>
                                             </hsgca1:AssetID>
                                          </hsgps:AssetsID>
                                       </hsgps:Product>
                                    </hsgps:Products>
                                 </hsgps:Category>
                              </hsgps:Categories>
                              <hsgps:TermsAndConditions>
                                 <hsgpstc:TermsAndConditionsDetail>
                                    <hsgcm:Name>ClaimFromDate</hsgcm:Name>
                                    <hsgcm:ValueType>StringValue</hsgcm:ValueType>
                                    <hsgcm:StringValue>20181129</hsgcm:StringValue>
                                 </hsgpstc:TermsAndConditionsDetail>
                                 <hsgpstc:TermsAndConditionsDetail>
                                    <hsgcm:Name>ClaimsMonetaryLimit</hsgcm:Name>
                                    <hsgcm:ValueType>StringValue</hsgcm:ValueType>
                                    <hsgcm:StringValue>99999</hsgcm:StringValue>
                                 </hsgpstc:TermsAndConditionsDetail>
                                 <hsgpstc:TermsAndConditionsDetail>
                                    <hsgcm:Name>ExcessAmount</hsgcm:Name>
                                    <hsgcm:ValueType>StringValue</hsgcm:ValueType>
                                    <hsgcm:StringValue>0.00</hsgcm:StringValue>
                                 </hsgpstc:TermsAndConditionsDetail>
                                 <hsgpstc:TermsAndConditionsDetail>
                                    <hsgcm:Name>MaxClaimsPermitted</hsgcm:Name>
                                    <hsgcm:ValueType>StringValue</hsgcm:ValueType>
                                    <hsgcm:StringValue>99999</hsgcm:StringValue>
                                 </hsgpstc:TermsAndConditionsDetail>
                                 <hsgpstc:TermsAndConditionsDetail>
                                    <hsgcm:Name>WaitPeriod</hsgcm:Name>
                                    <hsgcm:ValueType>StringValue</hsgcm:ValueType>
                                    <hsgcm:StringValue>0</hsgcm:StringValue>
                                 </hsgpstc:TermsAndConditionsDetail>
                              </hsgps:TermsAndConditions>
                           </hsgps:Package>
                        </hsgps:Packages>
                     </hsgps:PartnerOptions>
                     <hsgps:PartnerOptions>
                        <hsgps:PartnerOptionID>PO28</hsgps:PartnerOptionID>
                        <hsgps:PartnerOptionName>BoilerHealthCheck</hsgps:PartnerOptionName>
                        <hsgps:Status>Open-Inforce</hsgps:Status>
                        <hsgps:EffectiveDate>2018-11-29</hsgps:EffectiveDate>
                        <hsgps:ExpiryDate>2019-11-28</hsgps:ExpiryDate>
                        <hsgps:LastUpdated>1970-01-01T00:00:00</hsgps:LastUpdated>
                        <hsgps:Partner>
                           <hsgpt:PartnerID>HS</hsgpt:PartnerID>
                        </hsgps:Partner>
                        <hsgps:Packages>
                           <hsgps:Package>
                              <hsgps:PackageID>PK28</hsgps:PackageID>
                              <hsgps:PackageName>BoilerHealthCheck</hsgps:PackageName>
                              <hsgps:PackageDefinition/>
                              <hsgps:Status>Open-Inforce</hsgps:Status>
                              <hsgps:EffectiveDate>2018-11-29</hsgps:EffectiveDate>
                              <hsgps:ExpiryDate>2019-11-28</hsgps:ExpiryDate>
                              <hsgps:LastUpdated>1970-01-01T00:00:00</hsgps:LastUpdated>
                              <hsgps:Categories>
                                 <hsgps:Category>
                                    <hsgps:CategoryID>CAT28</hsgps:CategoryID>
                                    <hsgps:CategoryName>BoilerHealthCheck</hsgps:CategoryName>
                                    <hsgps:CategoryDefinition/>
                                    <hsgps:Status>Open-Inforce</hsgps:Status>
                                    <hsgps:EffectiveDate>2018-11-29</hsgps:EffectiveDate>
                                    <hsgps:ExpiryDate>2019-11-28</hsgps:ExpiryDate>
                                    <hsgps:LastUpdated>1970-01-01T00:00:00</hsgps:LastUpdated>
                                    <hsgps:Products>
                                       <hsgps:Product>
                                          <hsgps:ProductID>PR24</hsgps:ProductID>
                                          <hsgps:ProductName>BoilerHealthCheck</hsgps:ProductName>
                                          <hsgps:ProductLine>Inspection</hsgps:ProductLine>
                                          <hsgps:Status>Open-Inforce</hsgps:Status>
                                          <hsgps:EffectiveDate>2018-11-29</hsgps:EffectiveDate>
                                          <hsgps:ExpiryDate>2019-11-28</hsgps:ExpiryDate>
                                          <hsgps:LastUpdated>1970-01-01T00:00:00</hsgps:LastUpdated>
                                          <hsgps:Features>
                                             <hsgps:Feature>
                                                <hsgps:FeatureID>FE148</hsgps:FeatureID>
                                                <hsgps:FeatureName>BoilerHealthCheck</hsgps:FeatureName>
                                                <hsgps:Status>Open-Inforce</hsgps:Status>
                                                <hsgps:EffectiveDate>2018-11-29</hsgps:EffectiveDate>
                                                <hsgps:ExpiryDate>2019-11-28</hsgps:ExpiryDate>
                                                <hsgps:LastUpdated>1970-01-01T00:00:00</hsgps:LastUpdated>
                                                <hsgps:OverlapCover>false</hsgps:OverlapCover>
                                                <hsgps:ExcessExempt>false</hsgps:ExcessExempt>
                                             </hsgps:Feature>
                                          </hsgps:Features>
                                          <hsgps:AssetsID>
                                             <hsgca1:AssetID>
                                                <hsgca1:AssetID/>
                                             </hsgca1:AssetID>
                                          </hsgps:AssetsID>
                                       </hsgps:Product>
                                    </hsgps:Products>
                                 </hsgps:Category>
                              </hsgps:Categories>
                           </hsgps:Package>
                        </hsgps:Packages>
                     </hsgps:PartnerOptions>
                  </hsgps:PartnerOptions>
                  <hsgps:TermsAndConditions>
                     <hsgpstc:TermsAndConditionsDetail>
                        <hsgcm:Name>Boiler Powered by Natural Gas</hsgcm:Name>
                        <hsgcm:ValueType>StringValue</hsgcm:ValueType>
                        <hsgcm:StringValue>Yes</hsgcm:StringValue>
                     </hsgpstc:TermsAndConditionsDetail>
                     <hsgpstc:TermsAndConditionsDetail>
                        <hsgcm:Name>CustomerType</hsgcm:Name>
                        <hsgcm:ValueType>StringValue</hsgcm:ValueType>
                        <hsgcm:StringValue>Homeowner</hsgcm:StringValue>
                     </hsgpstc:TermsAndConditionsDetail>
                     <hsgpstc:TermsAndConditionsDetail>
                        <hsgcm:Name>MarketingChannel</hsgcm:Name>
                        <hsgcm:ValueType>StringValue</hsgcm:ValueType>
                        <hsgcm:StringValue>Inbound Telephone</hsgcm:StringValue>
                     </hsgpstc:TermsAndConditionsDetail>
                     <hsgpstc:TermsAndConditionsDetail>
                        <hsgcm:Name>PaymentFrequency</hsgcm:Name>
                        <hsgcm:ValueType>StringValue</hsgcm:ValueType>
                        <hsgcm:StringValue>Annually</hsgcm:StringValue>
                     </hsgpstc:TermsAndConditionsDetail>
                     <hsgpstc:TermsAndConditionsDetail>
                        <hsgcm:Name>PaymentMethod</hsgcm:Name>
                        <hsgcm:ValueType>StringValue</hsgcm:ValueType>
                        <hsgcm:StringValue>Direct Debit</hsgcm:StringValue>
                     </hsgpstc:TermsAndConditionsDetail>
                     <hsgpstc:TermsAndConditionsDetail>
                        <hsgcm:Name>ProductLineInterest</hsgcm:Name>
                        <hsgcm:ValueType>StringValue</hsgcm:ValueType>
                        <hsgcm:StringValue>Inspection</hsgcm:StringValue>
                     </hsgpstc:TermsAndConditionsDetail>
                     <hsgpstc:TermsAndConditionsDetail>
                        <hsgcm:Name>ProductLineInterest</hsgcm:Name>
                        <hsgcm:ValueType>StringValue</hsgcm:ValueType>
                        <hsgcm:StringValue>Insurance</hsgcm:StringValue>
                     </hsgpstc:TermsAndConditionsDetail>
                     <hsgpstc:TermsAndConditionsDetail>
                        <hsgcm:Name>PropertyMainPlaceResidence</hsgcm:Name>
                        <hsgcm:ValueType>StringValue</hsgcm:ValueType>
                        <hsgcm:StringValue>Yes</hsgcm:StringValue>
                     </hsgpstc:TermsAndConditionsDetail>
                     <hsgpstc:TermsAndConditionsDetail>
                        <hsgcm:Name>PropertyType</hsgcm:Name>
                        <hsgcm:ValueType>StringValue</hsgcm:ValueType>
                        <hsgcm:StringValue>House</hsgcm:StringValue>
                     </hsgpstc:TermsAndConditionsDetail>
                     <hsgpstc:TermsAndConditionsDetail>
                        <hsgcm:Name>PropertyUsedForBusiness</hsgcm:Name>
                        <hsgcm:ValueType>StringValue</hsgcm:ValueType>
                        <hsgcm:StringValue>No</hsgcm:StringValue>
                     </hsgpstc:TermsAndConditionsDetail>
                     <hsgpstc:TermsAndConditionsDetail>
                        <hsgcm:Name>RequiredCover</hsgcm:Name>
                        <hsgcm:ValueType>StringValue</hsgcm:ValueType>
                        <hsgcm:StringValue>All</hsgcm:StringValue>
                     </hsgpstc:TermsAndConditionsDetail>
                     <hsgpstc:TermsAndConditionsDetail>
                        <hsgcm:Name>RequiredCover</hsgcm:Name>
                        <hsgcm:ValueType>StringValue</hsgcm:ValueType>
                        <hsgcm:StringValue>Heating</hsgcm:StringValue>
                     </hsgpstc:TermsAndConditionsDetail>
                  </hsgps:TermsAndConditions>
               </hsgps:Offer>
            </hsgccs:Offers>
            <hsgccs:Assets>
               <hsgca1:Asset>
                  <hsgca1:AssetID>CAH-3118</hsgca1:AssetID>
                  <hsgca1:EffectiveDate>2018-11-29</hsgca1:EffectiveDate>
                  <hsgca1:ExpiryDate>2019-11-28</hsgca1:ExpiryDate>
                  <hsgca1:AssetType>
                     <hsgca1:AssetTypeID>Boiler</hsgca1:AssetTypeID>
                     <hsgca1:AssetTypeName/>
                  </hsgca1:AssetType>
                  <hsgca1:AssetDetail>
                     <hsgcm:Name>Model</hsgcm:Name>
                     <hsgcm:ValueType>StringValue</hsgcm:ValueType>
                     <hsgcm:StringValue>240eco</hsgcm:StringValue>
                  </hsgca1:AssetDetail>
                  <hsgca1:AssetDetail>
                     <hsgcm:Name>Make</hsgcm:Name>
                     <hsgcm:ValueType>StringValue</hsgcm:ValueType>
                     <hsgcm:StringValue>Alpha</hsgcm:StringValue>
                  </hsgca1:AssetDetail>
                  <hsgca1:AssetDetail>
                     <hsgcm:Name>SerialNumber</hsgcm:Name>
                     <hsgcm:ValueType>StringValue</hsgcm:ValueType>
                     <hsgcm:StringValue>33434343434</hsgcm:StringValue>
                  </hsgca1:AssetDetail>
                  <hsgca1:AssetDetail>
                     <hsgcm:Name>Age</hsgcm:Name>
                     <hsgcm:ValueType>StringValue</hsgcm:ValueType>
                     <hsgcm:StringValue>3</hsgcm:StringValue>
                  </hsgca1:AssetDetail>
                  <hsgca1:AssetDetail>
                     <hsgcm:Name>DateOfInstallation</hsgcm:Name>
                     <hsgcm:ValueType>StringValue</hsgcm:ValueType>
                     <hsgcm:StringValue>20151129</hsgcm:StringValue>
                  </hsgca1:AssetDetail>
                  <hsgca1:AssetDetail>
                     <hsgcm:Name>InspectionStatus</hsgcm:Name>
                     <hsgcm:ValueType>StringValue</hsgcm:ValueType>
                     <hsgcm:StringValue>Logged</hsgcm:StringValue>
                  </hsgca1:AssetDetail>
               </hsgca1:Asset>
            </hsgccs:Assets>
         </hsgccs:ContractDetails>
         <hsgccs:Customer>
            <hsgc:SystemReference/>
            <hsgc:AccountNumber>AN6000111501</hsgc:AccountNumber>
            <hsgc:Name>
               <hsgc:Title>Cdr</hsgc:Title>
               <hsgc:FirstName>Biggles</hsgc:FirstName>
               <hsgc:LastName>Pilot</hsgc:LastName>
            </hsgc:Name>
            <hsgc:DateOfBirth/>
            <hsgc:Status/>
            <hsgc:ContactDetails>
               <hsgcd:Email>
                  <hsgcd:EmailAddress>eservecctest1@homeserve.com</hsgcd:EmailAddress>
                  <hsgcd:Type/>
               </hsgcd:Email>
               <hsgcd:Email>
                  <hsgcd:EmailAddress>eservecctest2@homeserve.com</hsgcd:EmailAddress>
                  <hsgcd:Type/>
               </hsgcd:Email>
               <hsgcd:Phone>
                  <hsgcd:Number>01828111111</hsgcd:Number>
                  <hsgcd:Type>Home</hsgcd:Type>
               </hsgcd:Phone>
               <hsgcd:Phone>
                  <hsgcd:Number>01888111111</hsgcd:Number>
                  <hsgcd:Type>Work</hsgcd:Type>
               </hsgcd:Phone>
               <hsgcd:Phone>
                  <hsgcd:Number>07882111111</hsgcd:Number>
                  <hsgcd:Type>Mobile</hsgcd:Type>
               </hsgcd:Phone>
            </hsgc:ContactDetails>
         </hsgccs:Customer>
         <hsgccs:Addresses>
            <hsega:Address>
               <hsega:AddressType>Service Address</hsega:AddressType>
               <hsega:BuildingName>1 COASTGUARD COTTAGES</hsega:BuildingName>
               <hsega:City>ISLE OF SCILLY</hsega:City>
               <hsega:County>ISLE OF SCILLY</hsega:County>
               <hsega:Postcode>TR22 0PL</hsega:Postcode>
            </hsega:Address>
         </hsgccs:Addresses>
      </hsgccs:Contract>
      <hsgccs:Contract>
         <hsgccs:ContractID>CN6400051265</hsgccs:ContractID>
         <hsgccs:ContractDetails>
            <hsgccs:MajorVersion>1</hsgccs:MajorVersion>
            <hsgccs:MinorVersion>1</hsgccs:MinorVersion>
            <hsgccs:Status>Open-Inforce</hsgccs:Status>
            <hsgccs:StartDate>2018-11-29</hsgccs:StartDate>
            <hsgccs:EndDate>2019-11-28</hsgccs:EndDate>
            <hsgccs:InceptionDate>2018-11-29</hsgccs:InceptionDate>
            <hsgccs:LastUpdated>2018-11-29T00:00:00</hsgccs:LastUpdated>
            <hsgccs:CancellationDate>1970-01-01</hsgccs:CancellationDate>
            <hsgccs:Offers>
               <hsgps:Offer>
                  <hsgps:OfferID>OF38</hsgps:OfferID>
                  <hsgps:OfferName>PlumbingAndElectrics</hsgps:OfferName>
                  <hsgps:Status>Open-Inforce</hsgps:Status>
                  <hsgps:EffectiveDate>2018-11-29</hsgps:EffectiveDate>
                  <hsgps:ExpiryDate>2019-11-28</hsgps:ExpiryDate>
                  <hsgps:LastUpdated>1970-01-01T00:00:00</hsgps:LastUpdated>
                  <hsgps:CountryCode>UK</hsgps:CountryCode>
                  <hsgps:PartnerOptions>
                     <hsgps:PartnerOptions>
                        <hsgps:PartnerOptionID>PO20</hsgps:PartnerOptionID>
                        <hsgps:PartnerOptionName>PlumbingAndDrainage</hsgps:PartnerOptionName>
                        <hsgps:Status>Open-Inforce</hsgps:Status>
                        <hsgps:EffectiveDate>2018-11-29</hsgps:EffectiveDate>
                        <hsgps:ExpiryDate>2019-11-28</hsgps:ExpiryDate>
                        <hsgps:LastUpdated>1970-01-01T00:00:00</hsgps:LastUpdated>
                        <hsgps:Partner>
                           <hsgpt:PartnerID>HS</hsgpt:PartnerID>
                        </hsgps:Partner>
                        <hsgps:Packages>
                           <hsgps:Package>
                              <hsgps:PackageID>PK20</hsgps:PackageID>
                              <hsgps:PackageName>PlumbingAndDrainage</hsgps:PackageName>
                              <hsgps:PackageDefinition/>
                              <hsgps:Status>Open-Inforce</hsgps:Status>
                              <hsgps:EffectiveDate>2018-11-29</hsgps:EffectiveDate>
                              <hsgps:ExpiryDate>2019-11-28</hsgps:ExpiryDate>
                              <hsgps:LastUpdated>1970-01-01T00:00:00</hsgps:LastUpdated>
                              <hsgps:Categories>
                                 <hsgps:Category>
                                    <hsgps:CategoryID>CAT20</hsgps:CategoryID>
                                    <hsgps:CategoryName>PlumbingAndDrainage</hsgps:CategoryName>
                                    <hsgps:CategoryDefinition/>
                                    <hsgps:Status>Open-Inforce</hsgps:Status>
                                    <hsgps:EffectiveDate>2018-11-29</hsgps:EffectiveDate>
                                    <hsgps:ExpiryDate>2019-11-28</hsgps:ExpiryDate>
                                    <hsgps:LastUpdated>1970-01-01T00:00:00</hsgps:LastUpdated>
                                    <hsgps:Products>
                                       <hsgps:Product>
                                          <hsgps:ProductID>PR14</hsgps:ProductID>
                                          <hsgps:ProductName>ExternalDrains</hsgps:ProductName>
                                          <hsgps:ProductLine>Insurance</hsgps:ProductLine>
                                          <hsgps:Status>Open-Inforce</hsgps:Status>
                                          <hsgps:EffectiveDate>2018-11-29</hsgps:EffectiveDate>
                                          <hsgps:ExpiryDate>2019-11-28</hsgps:ExpiryDate>
                                          <hsgps:LastUpdated>1970-01-01T00:00:00</hsgps:LastUpdated>
                                          <hsgps:Features>
                                             <hsgps:Feature>
                                                <hsgps:FeatureID>FE82</hsgps:FeatureID>
                                                <hsgps:FeatureName>ClearingBlockedDrainsToRestoreFlow</hsgps:FeatureName>
                                                <hsgps:Status>Open-Inforce</hsgps:Status>
                                                <hsgps:EffectiveDate>2018-11-29</hsgps:EffectiveDate>
                                                <hsgps:ExpiryDate>2019-11-28</hsgps:ExpiryDate>
                                                <hsgps:LastUpdated>1970-01-01T00:00:00</hsgps:LastUpdated>
                                                <hsgps:OverlapCover>false</hsgps:OverlapCover>
                                                <hsgps:ExcessExempt>false</hsgps:ExcessExempt>
                                             </hsgps:Feature>
                                             <hsgps:Feature>
                                                <hsgps:FeatureID>FE88</hsgps:FeatureID>
                                                <hsgps:FeatureName>Guttering</hsgps:FeatureName>
                                                <hsgps:Status>Open-Inforce</hsgps:Status>
                                                <hsgps:EffectiveDate>2018-11-29</hsgps:EffectiveDate>
                                                <hsgps:ExpiryDate>2019-11-28</hsgps:ExpiryDate>
                                                <hsgps:LastUpdated>1970-01-01T00:00:00</hsgps:LastUpdated>
                                                <hsgps:OverlapCover>false</hsgps:OverlapCover>
                                                <hsgps:ExcessExempt>false</hsgps:ExcessExempt>
                                             </hsgps:Feature>
                                             <hsgps:Feature>
                                                <hsgps:FeatureID>FE89</hsgps:FeatureID>
                                                <hsgps:FeatureName>Soakaways</hsgps:FeatureName>
                                                <hsgps:Status>Open-Inforce</hsgps:Status>
                                                <hsgps:EffectiveDate>2018-11-29</hsgps:EffectiveDate>
                                                <hsgps:ExpiryDate>2019-11-28</hsgps:ExpiryDate>
                                                <hsgps:LastUpdated>1970-01-01T00:00:00</hsgps:LastUpdated>
                                                <hsgps:OverlapCover>false</hsgps:OverlapCover>
                                                <hsgps:ExcessExempt>false</hsgps:ExcessExempt>
                                             </hsgps:Feature>
                                             <hsgps:Feature>
                                                <hsgps:FeatureID>FE138</hsgps:FeatureID>
                                                <hsgps:FeatureName>SharedDrains</hsgps:FeatureName>
                                                <hsgps:Status>Open-Inforce</hsgps:Status>
                                                <hsgps:EffectiveDate>2018-11-29</hsgps:EffectiveDate>
                                                <hsgps:ExpiryDate>2019-11-28</hsgps:ExpiryDate>
                                                <hsgps:LastUpdated>1970-01-01T00:00:00</hsgps:LastUpdated>
                                                <hsgps:OverlapCover>false</hsgps:OverlapCover>
                                                <hsgps:ExcessExempt>false</hsgps:ExcessExempt>
                                             </hsgps:Feature>
                                          </hsgps:Features>
                                          <hsgps:AssetsID>
                                             <hsgca1:AssetID>
                                                <hsgca1:AssetID/>
                                             </hsgca1:AssetID>
                                          </hsgps:AssetsID>
                                       </hsgps:Product>
                                       <hsgps:Product>
                                          <hsgps:ProductID>PR12</hsgps:ProductID>
                                          <hsgps:ProductName>PlumbingFittings</hsgps:ProductName>
                                          <hsgps:ProductLine>Insurance</hsgps:ProductLine>
                                          <hsgps:Status>Open-Inforce</hsgps:Status>
                                          <hsgps:EffectiveDate>2018-11-29</hsgps:EffectiveDate>
                                          <hsgps:ExpiryDate>2019-11-28</hsgps:ExpiryDate>
                                          <hsgps:LastUpdated>1970-01-01T00:00:00</hsgps:LastUpdated>
                                          <hsgps:Features>
                                             <hsgps:Feature>
                                                <hsgps:FeatureID>FE93</hsgps:FeatureID>
                                                <hsgps:FeatureName>RepairInternalSinkAndBathTaps</hsgps:FeatureName>
                                                <hsgps:Status>Open-Inforce</hsgps:Status>
                                                <hsgps:EffectiveDate>2018-11-29</hsgps:EffectiveDate>
                                                <hsgps:ExpiryDate>2019-11-28</hsgps:ExpiryDate>
                                                <hsgps:LastUpdated>1970-01-01T00:00:00</hsgps:LastUpdated>
                                                <hsgps:OverlapCover>false</hsgps:OverlapCover>
                                                <hsgps:ExcessExempt>false</hsgps:ExcessExempt>
                                             </hsgps:Feature>
                                             <hsgps:Feature>
                                                <hsgps:FeatureID>FE91</hsgps:FeatureID>
                                                <hsgps:FeatureName>TankOrToiletOverflowingExternallyOrInternally</hsgps:FeatureName>
                                                <hsgps:Status>Open-Inforce</hsgps:Status>
                                                <hsgps:EffectiveDate>2018-11-29</hsgps:EffectiveDate>
                                                <hsgps:ExpiryDate>2019-11-28</hsgps:ExpiryDate>
                                                <hsgps:LastUpdated>1970-01-01T00:00:00</hsgps:LastUpdated>
                                                <hsgps:OverlapCover>false</hsgps:OverlapCover>
                                                <hsgps:ExcessExempt>false</hsgps:ExcessExempt>
                                             </hsgps:Feature>
                                             <hsgps:Feature>
                                                <hsgps:FeatureID>FE74</hsgps:FeatureID>
                                                <hsgps:FeatureName>ShowersBreakdowns</hsgps:FeatureName>
                                                <hsgps:Status>Open-Inforce</hsgps:Status>
                                                <hsgps:EffectiveDate>2018-11-29</hsgps:EffectiveDate>
                                                <hsgps:ExpiryDate>2019-11-28</hsgps:ExpiryDate>
                                                <hsgps:LastUpdated>1970-01-01T00:00:00</hsgps:LastUpdated>
                                                <hsgps:OverlapCover>false</hsgps:OverlapCover>
                                                <hsgps:ExcessExempt>false</hsgps:ExcessExempt>
                                             </hsgps:Feature>
                                          </hsgps:Features>
                                          <hsgps:AssetsID>
                                             <hsgca1:AssetID>
                                                <hsgca1:AssetID/>
                                             </hsgca1:AssetID>
                                          </hsgps:AssetsID>
                                       </hsgps:Product>
                                       <hsgps:Product>
                                          <hsgps:ProductID>PR11</hsgps:ProductID>
                                          <hsgps:ProductName>PlumbingPipes</hsgps:ProductName>
                                          <hsgps:ProductLine>Insurance</hsgps:ProductLine>
                                          <hsgps:Status>Open-Inforce</hsgps:Status>
                                          <hsgps:EffectiveDate>2018-11-29</hsgps:EffectiveDate>
                                          <hsgps:ExpiryDate>2019-11-28</hsgps:ExpiryDate>
                                          <hsgps:LastUpdated>1970-01-01T00:00:00</hsgps:LastUpdated>
                                          <hsgps:Features>
                                             <hsgps:Feature>
                                                <hsgps:FeatureID>FE57</hsgps:FeatureID>
                                                <hsgps:FeatureName>LeakingOrBlockedInternalWaterPipes</hsgps:FeatureName>
                                                <hsgps:Status>Open-Inforce</hsgps:Status>
                                                <hsgps:EffectiveDate>2018-11-29</hsgps:EffectiveDate>
                                                <hsgps:ExpiryDate>2019-11-28</hsgps:ExpiryDate>
                                                <hsgps:LastUpdated>1970-01-01T00:00:00</hsgps:LastUpdated>
                                                <hsgps:OverlapCover>false</hsgps:OverlapCover>
                                                <hsgps:ExcessExempt>false</hsgps:ExcessExempt>
                                             </hsgps:Feature>
                                             <hsgps:Feature>
                                                <hsgps:FeatureID>FE73</hsgps:FeatureID>
                                                <hsgps:FeatureName>LossOfHeatingAndorHotWaterDueToBoilerBreakdown</hsgps:FeatureName>
                                                <hsgps:Status>Open-Inforce</hsgps:Status>
                                                <hsgps:EffectiveDate>2018-11-29</hsgps:EffectiveDate>
                                                <hsgps:ExpiryDate>2019-11-28</hsgps:ExpiryDate>
                                                <hsgps:LastUpdated>1970-01-01T00:00:00</hsgps:LastUpdated>
                                                <hsgps:OverlapCover>false</hsgps:OverlapCover>
                                                <hsgps:ExcessExempt>false</hsgps:ExcessExempt>
                                             </hsgps:Feature>
                                          </hsgps:Features>
                                          <hsgps:AssetsID>
                                             <hsgca1:AssetID>
                                                <hsgca1:AssetID/>
                                             </hsgca1:AssetID>
                                          </hsgps:AssetsID>
                                       </hsgps:Product>
                                       <hsgps:Product>
                                          <hsgps:ProductID>PR13</hsgps:ProductID>
                                          <hsgps:ProductName>InternalDrains</hsgps:ProductName>
                                          <hsgps:ProductLine>Insurance</hsgps:ProductLine>
                                          <hsgps:Status>Open-Inforce</hsgps:Status>
                                          <hsgps:EffectiveDate>2018-11-29</hsgps:EffectiveDate>
                                          <hsgps:ExpiryDate>2019-11-28</hsgps:ExpiryDate>
                                          <hsgps:LastUpdated>1970-01-01T00:00:00</hsgps:LastUpdated>
                                          <hsgps:Features>
                                             <hsgps:Feature>
                                                <hsgps:FeatureID>FE76</hsgps:FeatureID>
                                                <hsgps:FeatureName>LeakingOrBlockedToiletsOrSinks</hsgps:FeatureName>
                                                <hsgps:Status>Open-Inforce</hsgps:Status>
                                                <hsgps:EffectiveDate>2018-11-29</hsgps:EffectiveDate>
                                                <hsgps:ExpiryDate>2019-11-28</hsgps:ExpiryDate>
                                                <hsgps:LastUpdated>1970-01-01T00:00:00</hsgps:LastUpdated>
                                                <hsgps:OverlapCover>false</hsgps:OverlapCover>
                                                <hsgps:ExcessExempt>false</hsgps:ExcessExempt>
                                             </hsgps:Feature>
                                             <hsgps:Feature>
                                                <hsgps:FeatureID>FE139</hsgps:FeatureID>
                                                <hsgps:FeatureName>LeakingInternalDrainsOrWastePipes</hsgps:FeatureName>
                                                <hsgps:Status>Open-Inforce</hsgps:Status>
                                                <hsgps:EffectiveDate>2018-11-29</hsgps:EffectiveDate>
                                                <hsgps:ExpiryDate>2019-11-28</hsgps:ExpiryDate>
                                                <hsgps:LastUpdated>1970-01-01T00:00:00</hsgps:LastUpdated>
                                                <hsgps:OverlapCover>false</hsgps:OverlapCover>
                                                <hsgps:ExcessExempt>false</hsgps:ExcessExempt>
                                             </hsgps:Feature>
                                          </hsgps:Features>
                                          <hsgps:AssetsID>
                                             <hsgca1:AssetID>
                                                <hsgca1:AssetID/>
                                             </hsgca1:AssetID>
                                          </hsgps:AssetsID>
                                       </hsgps:Product>
                                       <hsgps:Product>
                                          <hsgps:ProductID>PR10</hsgps:ProductID>
                                          <hsgps:ProductName>WaterSupplyPipeExternal</hsgps:ProductName>
                                          <hsgps:ProductLine>Insurance</hsgps:ProductLine>
                                          <hsgps:Status>Open-Inforce</hsgps:Status>
                                          <hsgps:EffectiveDate>2018-11-29</hsgps:EffectiveDate>
                                          <hsgps:ExpiryDate>2019-11-28</hsgps:ExpiryDate>
                                          <hsgps:LastUpdated>1970-01-01T00:00:00</hsgps:LastUpdated>
                                          <hsgps:Features>
                                             <hsgps:Feature>
                                                <hsgps:FeatureID>FE52</hsgps:FeatureID>
                                                <hsgps:FeatureName>LeakingOrBlockedWaterSupplyPipe</hsgps:FeatureName>
                                                <hsgps:Status>Open-Inforce</hsgps:Status>
                                                <hsgps:EffectiveDate>2018-11-29</hsgps:EffectiveDate>
                                                <hsgps:ExpiryDate>2019-11-28</hsgps:ExpiryDate>
                                                <hsgps:LastUpdated>1970-01-01T00:00:00</hsgps:LastUpdated>
                                                <hsgps:OverlapCover>false</hsgps:OverlapCover>
                                                <hsgps:ExcessExempt>false</hsgps:ExcessExempt>
                                             </hsgps:Feature>
                                          </hsgps:Features>
                                          <hsgps:AssetsID>
                                             <hsgca1:AssetID>
                                                <hsgca1:AssetID/>
                                             </hsgca1:AssetID>
                                          </hsgps:AssetsID>
                                       </hsgps:Product>
                                    </hsgps:Products>
                                 </hsgps:Category>
                              </hsgps:Categories>
                              <hsgps:TermsAndConditions>
                                 <hsgpstc:TermsAndConditionsDetail>
                                    <hsgcm:Name>ClaimFromDate</hsgcm:Name>
                                    <hsgcm:ValueType>StringValue</hsgcm:ValueType>
                                    <hsgcm:StringValue>20181227</hsgcm:StringValue>
                                 </hsgpstc:TermsAndConditionsDetail>
                                 <hsgpstc:TermsAndConditionsDetail>
                                    <hsgcm:Name>ClaimsMonetaryLimit</hsgcm:Name>
                                    <hsgcm:ValueType>StringValue</hsgcm:ValueType>
                                    <hsgcm:StringValue>4000</hsgcm:StringValue>
                                 </hsgpstc:TermsAndConditionsDetail>
                                 <hsgpstc:TermsAndConditionsDetail>
                                    <hsgcm:Name>ExcessAmount</hsgcm:Name>
                                    <hsgcm:ValueType>StringValue</hsgcm:ValueType>
                                    <hsgcm:StringValue>0.00</hsgcm:StringValue>
                                 </hsgpstc:TermsAndConditionsDetail>
                                 <hsgpstc:TermsAndConditionsDetail>
                                    <hsgcm:Name>MaxClaimsPermitted</hsgcm:Name>
                                    <hsgcm:ValueType>StringValue</hsgcm:ValueType>
                                    <hsgcm:StringValue>3</hsgcm:StringValue>
                                 </hsgpstc:TermsAndConditionsDetail>
                                 <hsgpstc:TermsAndConditionsDetail>
                                    <hsgcm:Name>WaitPeriod</hsgcm:Name>
                                    <hsgcm:ValueType>StringValue</hsgcm:ValueType>
                                    <hsgcm:StringValue>28</hsgcm:StringValue>
                                 </hsgpstc:TermsAndConditionsDetail>
                              </hsgps:TermsAndConditions>
                           </hsgps:Package>
                        </hsgps:Packages>
                     </hsgps:PartnerOptions>
                     <hsgps:PartnerOptions>
                        <hsgps:PartnerOptionID>PO21</hsgps:PartnerOptionID>
                        <hsgps:PartnerOptionName>Electrics</hsgps:PartnerOptionName>
                        <hsgps:Status>Open-Inforce</hsgps:Status>
                        <hsgps:EffectiveDate>2018-11-29</hsgps:EffectiveDate>
                        <hsgps:ExpiryDate>2019-11-28</hsgps:ExpiryDate>
                        <hsgps:LastUpdated>1970-01-01T00:00:00</hsgps:LastUpdated>
                        <hsgps:Partner>
                           <hsgpt:PartnerID>HS</hsgpt:PartnerID>
                        </hsgps:Partner>
                        <hsgps:Packages>
                           <hsgps:Package>
                              <hsgps:PackageID>PK21</hsgps:PackageID>
                              <hsgps:PackageName>Electrics</hsgps:PackageName>
                              <hsgps:PackageDefinition/>
                              <hsgps:Status>Open-Inforce</hsgps:Status>
                              <hsgps:EffectiveDate>2018-11-29</hsgps:EffectiveDate>
                              <hsgps:ExpiryDate>2019-11-28</hsgps:ExpiryDate>
                              <hsgps:LastUpdated>1970-01-01T00:00:00</hsgps:LastUpdated>
                              <hsgps:Categories>
                                 <hsgps:Category>
                                    <hsgps:CategoryID>CAT21</hsgps:CategoryID>
                                    <hsgps:CategoryName>Electrics</hsgps:CategoryName>
                                    <hsgps:CategoryDefinition/>
                                    <hsgps:Status>Open-Inforce</hsgps:Status>
                                    <hsgps:EffectiveDate>2018-11-29</hsgps:EffectiveDate>
                                    <hsgps:ExpiryDate>2019-11-28</hsgps:ExpiryDate>
                                    <hsgps:LastUpdated>1970-01-01T00:00:00</hsgps:LastUpdated>
                                    <hsgps:Products>
                                       <hsgps:Product>
                                          <hsgps:ProductID>PR15</hsgps:ProductID>
                                          <hsgps:ProductName>Electrics</hsgps:ProductName>
                                          <hsgps:ProductLine>Insurance</hsgps:ProductLine>
                                          <hsgps:Status>Open-Inforce</hsgps:Status>
                                          <hsgps:EffectiveDate>2018-11-29</hsgps:EffectiveDate>
                                          <hsgps:ExpiryDate>2019-11-28</hsgps:ExpiryDate>
                                          <hsgps:LastUpdated>1970-01-01T00:00:00</hsgps:LastUpdated>
                                          <hsgps:Features>
                                             <hsgps:Feature>
                                                <hsgps:FeatureID>FE141</hsgps:FeatureID>
                                                <hsgps:FeatureName>SecurityAndGardenLightingRepairs</hsgps:FeatureName>
                                                <hsgps:Status>Open-Inforce</hsgps:Status>
                                                <hsgps:EffectiveDate>2018-11-29</hsgps:EffectiveDate>
                                                <hsgps:ExpiryDate>2019-11-28</hsgps:ExpiryDate>
                                                <hsgps:LastUpdated>1970-01-01T00:00:00</hsgps:LastUpdated>
                                                <hsgps:OverlapCover>false</hsgps:OverlapCover>
                                                <hsgps:ExcessExempt>false</hsgps:ExcessExempt>
                                             </hsgps:Feature>
                                             <hsgps:Feature>
                                                <hsgps:FeatureID>FE142</hsgps:FeatureID>
                                                <hsgps:FeatureName>ImmersionHeaters</hsgps:FeatureName>
                                                <hsgps:Status>Open-Inforce</hsgps:Status>
                                                <hsgps:EffectiveDate>2018-11-29</hsgps:EffectiveDate>
                                                <hsgps:ExpiryDate>2019-11-28</hsgps:ExpiryDate>
                                                <hsgps:LastUpdated>1970-01-01T00:00:00</hsgps:LastUpdated>
                                                <hsgps:OverlapCover>false</hsgps:OverlapCover>
                                                <hsgps:ExcessExempt>false</hsgps:ExcessExempt>
                                             </hsgps:Feature>
                                             <hsgps:Feature>
                                                <hsgps:FeatureID>FE105</hsgps:FeatureID>
                                                <hsgps:FeatureName>HouseholdAppliances</hsgps:FeatureName>
                                                <hsgps:Status>Open-Inforce</hsgps:Status>
                                                <hsgps:EffectiveDate>2018-11-29</hsgps:EffectiveDate>
                                                <hsgps:ExpiryDate>2019-11-28</hsgps:ExpiryDate>
                                                <hsgps:LastUpdated>1970-01-01T00:00:00</hsgps:LastUpdated>
                                                <hsgps:OverlapCover>false</hsgps:OverlapCover>
                                                <hsgps:ExcessExempt>false</hsgps:ExcessExempt>
                                             </hsgps:Feature>
                                             <hsgps:Feature>
                                                <hsgps:FeatureID>FE140</hsgps:FeatureID>
                                                <hsgps:FeatureName>ElectricalBoilerFaults</hsgps:FeatureName>
                                                <hsgps:Status>Open-Inforce</hsgps:Status>
                                                <hsgps:EffectiveDate>2018-11-29</hsgps:EffectiveDate>
                                                <hsgps:ExpiryDate>2019-11-28</hsgps:ExpiryDate>
                                                <hsgps:LastUpdated>1970-01-01T00:00:00</hsgps:LastUpdated>
                                                <hsgps:OverlapCover>false</hsgps:OverlapCover>
                                                <hsgps:ExcessExempt>false</hsgps:ExcessExempt>
                                             </hsgps:Feature>
                                             <hsgps:Feature>
                                                <hsgps:FeatureID>FE97</hsgps:FeatureID>
                                                <hsgps:FeatureName>FuseboxProblem</hsgps:FeatureName>
                                                <hsgps:Status>Open-Inforce</hsgps:Status>
                                                <hsgps:EffectiveDate>2018-11-29</hsgps:EffectiveDate>
                                                <hsgps:ExpiryDate>2019-11-28</hsgps:ExpiryDate>
                                                <hsgps:LastUpdated>1970-01-01T00:00:00</hsgps:LastUpdated>
                                                <hsgps:OverlapCover>false</hsgps:OverlapCover>
                                                <hsgps:ExcessExempt>false</hsgps:ExcessExempt>
                                             </hsgps:Feature>
                                             <hsgps:Feature>
                                                <hsgps:FeatureID>FE96</hsgps:FeatureID>
                                                <hsgps:FeatureName>ElectricalWiringBreakdowns</hsgps:FeatureName>
                                                <hsgps:Status>Open-Inforce</hsgps:Status>
                                                <hsgps:EffectiveDate>2018-11-29</hsgps:EffectiveDate>
                                                <hsgps:ExpiryDate>2019-11-28</hsgps:ExpiryDate>
                                                <hsgps:LastUpdated>1970-01-01T00:00:00</hsgps:LastUpdated>
                                                <hsgps:OverlapCover>false</hsgps:OverlapCover>
                                                <hsgps:ExcessExempt>false</hsgps:ExcessExempt>
                                             </hsgps:Feature>
                                             <hsgps:Feature>
                                                <hsgps:FeatureID>FE99</hsgps:FeatureID>
                                                <hsgps:FeatureName>BrokenLightSwitch</hsgps:FeatureName>
                                                <hsgps:Status>Open-Inforce</hsgps:Status>
                                                <hsgps:EffectiveDate>2018-11-29</hsgps:EffectiveDate>
                                                <hsgps:ExpiryDate>2019-11-28</hsgps:ExpiryDate>
                                                <hsgps:LastUpdated>1970-01-01T00:00:00</hsgps:LastUpdated>
                                                <hsgps:OverlapCover>false</hsgps:OverlapCover>
                                                <hsgps:ExcessExempt>false</hsgps:ExcessExempt>
                                             </hsgps:Feature>
                                             <hsgps:Feature>
                                                <hsgps:FeatureID>FE103</hsgps:FeatureID>
                                                <hsgps:FeatureName>PowerSocketsPowerSwitchOrPowerOutletBroken</hsgps:FeatureName>
                                                <hsgps:Status>Open-Inforce</hsgps:Status>
                                                <hsgps:EffectiveDate>2018-11-29</hsgps:EffectiveDate>
                                                <hsgps:ExpiryDate>2019-11-28</hsgps:ExpiryDate>
                                                <hsgps:LastUpdated>1970-01-01T00:00:00</hsgps:LastUpdated>
                                                <hsgps:OverlapCover>false</hsgps:OverlapCover>
                                                <hsgps:ExcessExempt>false</hsgps:ExcessExempt>
                                             </hsgps:Feature>
                                          </hsgps:Features>
                                          <hsgps:AssetsID>
                                             <hsgca1:AssetID>
                                                <hsgca1:AssetID/>
                                             </hsgca1:AssetID>
                                          </hsgps:AssetsID>
                                       </hsgps:Product>
                                    </hsgps:Products>
                                 </hsgps:Category>
                              </hsgps:Categories>
                              <hsgps:TermsAndConditions>
                                 <hsgpstc:TermsAndConditionsDetail>
                                    <hsgcm:Name>ClaimFromDate</hsgcm:Name>
                                    <hsgcm:ValueType>StringValue</hsgcm:ValueType>
                                    <hsgcm:StringValue>20181213</hsgcm:StringValue>
                                 </hsgpstc:TermsAndConditionsDetail>
                                 <hsgpstc:TermsAndConditionsDetail>
                                    <hsgcm:Name>ClaimsMonetaryLimit</hsgcm:Name>
                                    <hsgcm:ValueType>StringValue</hsgcm:ValueType>
                                    <hsgcm:StringValue>4000</hsgcm:StringValue>
                                 </hsgpstc:TermsAndConditionsDetail>
                                 <hsgpstc:TermsAndConditionsDetail>
                                    <hsgcm:Name>ExcessAmount</hsgcm:Name>
                                    <hsgcm:ValueType>StringValue</hsgcm:ValueType>
                                    <hsgcm:StringValue>30.00</hsgcm:StringValue>
                                 </hsgpstc:TermsAndConditionsDetail>
                                 <hsgpstc:TermsAndConditionsDetail>
                                    <hsgcm:Name>MaxClaimsPermitted</hsgcm:Name>
                                    <hsgcm:ValueType>StringValue</hsgcm:ValueType>
                                    <hsgcm:StringValue>99999</hsgcm:StringValue>
                                 </hsgpstc:TermsAndConditionsDetail>
                                 <hsgpstc:TermsAndConditionsDetail>
                                    <hsgcm:Name>WaitPeriod</hsgcm:Name>
                                    <hsgcm:ValueType>StringValue</hsgcm:ValueType>
                                    <hsgcm:StringValue>14</hsgcm:StringValue>
                                 </hsgpstc:TermsAndConditionsDetail>
                              </hsgps:TermsAndConditions>
                           </hsgps:Package>
                        </hsgps:Packages>
                     </hsgps:PartnerOptions>
                  </hsgps:PartnerOptions>
                  <hsgps:TermsAndConditions>
                     <hsgpstc:TermsAndConditionsDetail>
                        <hsgcm:Name>CancelPeriod</hsgcm:Name>
                        <hsgcm:ValueType>StringValue</hsgcm:ValueType>
                        <hsgcm:StringValue>28</hsgcm:StringValue>
                     </hsgpstc:TermsAndConditionsDetail>
                     <hsgpstc:TermsAndConditionsDetail>
                        <hsgcm:Name>ContractLength</hsgcm:Name>
                        <hsgcm:ValueType>StringValue</hsgcm:ValueType>
                        <hsgcm:StringValue>12</hsgcm:StringValue>
                     </hsgpstc:TermsAndConditionsDetail>
                     <hsgpstc:TermsAndConditionsDetail>
                        <hsgcm:Name>CoolingOffDate</hsgcm:Name>
                        <hsgcm:ValueType>StringValue</hsgcm:ValueType>
                        <hsgcm:StringValue>20181226T120000.000 GMT</hsgcm:StringValue>
                     </hsgpstc:TermsAndConditionsDetail>
                     <hsgpstc:TermsAndConditionsDetail>
                        <hsgcm:Name>CustomerType</hsgcm:Name>
                        <hsgcm:ValueType>StringValue</hsgcm:ValueType>
                        <hsgcm:StringValue>Homeowner</hsgcm:StringValue>
                     </hsgpstc:TermsAndConditionsDetail>
                     <hsgpstc:TermsAndConditionsDetail>
                        <hsgcm:Name>MarketingChannel</hsgcm:Name>
                        <hsgcm:ValueType>StringValue</hsgcm:ValueType>
                        <hsgcm:StringValue>Inbound Telephone</hsgcm:StringValue>
                     </hsgpstc:TermsAndConditionsDetail>
                     <hsgpstc:TermsAndConditionsDetail>
                        <hsgcm:Name>PaymentFrequency</hsgcm:Name>
                        <hsgcm:ValueType>StringValue</hsgcm:ValueType>
                        <hsgcm:StringValue>Annually</hsgcm:StringValue>
                     </hsgpstc:TermsAndConditionsDetail>
                     <hsgpstc:TermsAndConditionsDetail>
                        <hsgcm:Name>PaymentMethod</hsgcm:Name>
                        <hsgcm:ValueType>StringValue</hsgcm:ValueType>
                        <hsgcm:StringValue>Direct Debit</hsgcm:StringValue>
                     </hsgpstc:TermsAndConditionsDetail>
                     <hsgpstc:TermsAndConditionsDetail>
                        <hsgcm:Name>ProductLineInterest</hsgcm:Name>
                        <hsgcm:ValueType>StringValue</hsgcm:ValueType>
                        <hsgcm:StringValue>Insurance</hsgcm:StringValue>
                     </hsgpstc:TermsAndConditionsDetail>
                     <hsgpstc:TermsAndConditionsDetail>
                        <hsgcm:Name>PropertyMainPlaceResidence</hsgcm:Name>
                        <hsgcm:ValueType>StringValue</hsgcm:ValueType>
                        <hsgcm:StringValue>Yes</hsgcm:StringValue>
                     </hsgpstc:TermsAndConditionsDetail>
                     <hsgpstc:TermsAndConditionsDetail>
                        <hsgcm:Name>PropertyType</hsgcm:Name>
                        <hsgcm:ValueType>StringValue</hsgcm:ValueType>
                        <hsgcm:StringValue>House</hsgcm:StringValue>
                     </hsgpstc:TermsAndConditionsDetail>
                     <hsgpstc:TermsAndConditionsDetail>
                        <hsgcm:Name>PropertyUsedForBusiness</hsgcm:Name>
                        <hsgcm:ValueType>StringValue</hsgcm:ValueType>
                        <hsgcm:StringValue>No</hsgcm:StringValue>
                     </hsgpstc:TermsAndConditionsDetail>
                     <hsgpstc:TermsAndConditionsDetail>
                        <hsgcm:Name>RequiredCover</hsgcm:Name>
                        <hsgcm:ValueType>StringValue</hsgcm:ValueType>
                        <hsgcm:StringValue>All</hsgcm:StringValue>
                     </hsgpstc:TermsAndConditionsDetail>
                     <hsgpstc:TermsAndConditionsDetail>
                        <hsgcm:Name>RequiredCover</hsgcm:Name>
                        <hsgcm:ValueType>StringValue</hsgcm:ValueType>
                        <hsgcm:StringValue>Electrics</hsgcm:StringValue>
                     </hsgpstc:TermsAndConditionsDetail>
                     <hsgpstc:TermsAndConditionsDetail>
                        <hsgcm:Name>RequiredCover</hsgcm:Name>
                        <hsgcm:ValueType>StringValue</hsgcm:ValueType>
                        <hsgcm:StringValue>Plumbing</hsgcm:StringValue>
                     </hsgpstc:TermsAndConditionsDetail>
                  </hsgps:TermsAndConditions>
               </hsgps:Offer>
            </hsgccs:Offers>
            <hsgccs:Assets/>
         </hsgccs:ContractDetails>
         <hsgccs:Customer>
            <hsgc:SystemReference/>
            <hsgc:AccountNumber>AN6000111511</hsgc:AccountNumber>
            <hsgc:Name>
               <hsgc:Title>Ms</hsgc:Title>
               <hsgc:FirstName>D D</hsgc:FirstName>
               <hsgc:LastName>Dee</hsgc:LastName>
            </hsgc:Name>
            <hsgc:DateOfBirth>2016-01-01</hsgc:DateOfBirth>
            <hsgc:Status/>
            <hsgc:ContactDetails>
               <hsgcd:Phone>
                  <hsgcd:Number>01222222222</hsgcd:Number>
                  <hsgcd:Type>Work</hsgcd:Type>
               </hsgcd:Phone>
            </hsgc:ContactDetails>
         </hsgccs:Customer>
         <hsgccs:Addresses>
            <hsega:Address>
               <hsega:AddressType>Service Address</hsega:AddressType>
               <hsega:BuildingName>2 COASTGUARD COTTAGES</hsega:BuildingName>
               <hsega:City>ISLE OF SCILLY</hsega:City>
               <hsega:County>ISLE OF SCILLY</hsega:County>
               <hsega:Postcode>TR22 0PL</hsega:Postcode>
            </hsega:Address>
         </hsgccs:Addresses>
      </hsgccs:Contract>
      <hsgccs:Contract>
         <hsgccs:ContractID>CN6400051291</hsgccs:ContractID>
         <hsgccs:ContractDetails>
            <hsgccs:MajorVersion>1</hsgccs:MajorVersion>
            <hsgccs:MinorVersion>1</hsgccs:MinorVersion>
            <hsgccs:Status>Open-Inforce</hsgccs:Status>
            <hsgccs:StartDate>2018-11-29</hsgccs:StartDate>
            <hsgccs:EndDate>2019-11-28</hsgccs:EndDate>
            <hsgccs:InceptionDate>2018-11-29</hsgccs:InceptionDate>
            <hsgccs:LastUpdated>2018-11-29T00:00:00</hsgccs:LastUpdated>
            <hsgccs:CancellationDate>1970-01-01</hsgccs:CancellationDate>
            <hsgccs:Offers>
               <hsgps:Offer>
                  <hsgps:OfferID>OF30</hsgps:OfferID>
                  <hsgps:OfferName>PlumbingDrainagePlus</hsgps:OfferName>
                  <hsgps:Status>Open-Inforce</hsgps:Status>
                  <hsgps:EffectiveDate>2018-12-27</hsgps:EffectiveDate>
                  <hsgps:ExpiryDate>2019-11-28</hsgps:ExpiryDate>
                  <hsgps:LastUpdated>1970-01-01T00:00:00</hsgps:LastUpdated>
                  <hsgps:CountryCode>UK</hsgps:CountryCode>
                  <hsgps:PartnerOptions>
                     <hsgps:PartnerOptions>
                        <hsgps:PartnerOptionID>PO20</hsgps:PartnerOptionID>
                        <hsgps:PartnerOptionName>PlumbingAndDrainage</hsgps:PartnerOptionName>
                        <hsgps:Status>Open-Inforce</hsgps:Status>
                        <hsgps:EffectiveDate>2018-12-27</hsgps:EffectiveDate>
                        <hsgps:ExpiryDate>2019-11-28</hsgps:ExpiryDate>
                        <hsgps:LastUpdated>1970-01-01T00:00:00</hsgps:LastUpdated>
                        <hsgps:Partner>
                           <hsgpt:PartnerID>HS</hsgpt:PartnerID>
                        </hsgps:Partner>
                        <hsgps:Packages>
                           <hsgps:Package>
                              <hsgps:PackageID>PK20</hsgps:PackageID>
                              <hsgps:PackageName>PlumbingAndDrainage</hsgps:PackageName>
                              <hsgps:PackageDefinition/>
                              <hsgps:Status>Open-Inforce</hsgps:Status>
                              <hsgps:EffectiveDate>2018-12-27</hsgps:EffectiveDate>
                              <hsgps:ExpiryDate>2019-11-28</hsgps:ExpiryDate>
                              <hsgps:LastUpdated>1970-01-01T00:00:00</hsgps:LastUpdated>
                              <hsgps:Categories>
                                 <hsgps:Category>
                                    <hsgps:CategoryID>CAT20</hsgps:CategoryID>
                                    <hsgps:CategoryName>PlumbingAndDrainage</hsgps:CategoryName>
                                    <hsgps:CategoryDefinition/>
                                    <hsgps:Status>Open-Inforce</hsgps:Status>
                                    <hsgps:EffectiveDate>2018-12-27</hsgps:EffectiveDate>
                                    <hsgps:ExpiryDate>2019-11-28</hsgps:ExpiryDate>
                                    <hsgps:LastUpdated>1970-01-01T00:00:00</hsgps:LastUpdated>
                                    <hsgps:Products>
                                       <hsgps:Product>
                                          <hsgps:ProductID>PR14</hsgps:ProductID>
                                          <hsgps:ProductName>ExternalDrains</hsgps:ProductName>
                                          <hsgps:ProductLine>Insurance</hsgps:ProductLine>
                                          <hsgps:Status>Open-Inforce</hsgps:Status>
                                          <hsgps:EffectiveDate>2018-12-27</hsgps:EffectiveDate>
                                          <hsgps:ExpiryDate>2019-11-28</hsgps:ExpiryDate>
                                          <hsgps:LastUpdated>1970-01-01T00:00:00</hsgps:LastUpdated>
                                          <hsgps:Features>
                                             <hsgps:Feature>
                                                <hsgps:FeatureID>FE82</hsgps:FeatureID>
                                                <hsgps:FeatureName>ClearingBlockedDrainsToRestoreFlow</hsgps:FeatureName>
                                                <hsgps:Status>Open-Inforce</hsgps:Status>
                                                <hsgps:EffectiveDate>2018-12-27</hsgps:EffectiveDate>
                                                <hsgps:ExpiryDate>2019-11-28</hsgps:ExpiryDate>
                                                <hsgps:LastUpdated>1970-01-01T00:00:00</hsgps:LastUpdated>
                                                <hsgps:OverlapCover>false</hsgps:OverlapCover>
                                                <hsgps:ExcessExempt>false</hsgps:ExcessExempt>
                                             </hsgps:Feature>
                                             <hsgps:Feature>
                                                <hsgps:FeatureID>FE88</hsgps:FeatureID>
                                                <hsgps:FeatureName>Guttering</hsgps:FeatureName>
                                                <hsgps:Status>Open-Inforce</hsgps:Status>
                                                <hsgps:EffectiveDate>2018-12-27</hsgps:EffectiveDate>
                                                <hsgps:ExpiryDate>2019-11-28</hsgps:ExpiryDate>
                                                <hsgps:LastUpdated>1970-01-01T00:00:00</hsgps:LastUpdated>
                                                <hsgps:OverlapCover>false</hsgps:OverlapCover>
                                                <hsgps:ExcessExempt>false</hsgps:ExcessExempt>
                                             </hsgps:Feature>
                                             <hsgps:Feature>
                                                <hsgps:FeatureID>FE89</hsgps:FeatureID>
                                                <hsgps:FeatureName>Soakaways</hsgps:FeatureName>
                                                <hsgps:Status>Open-Inforce</hsgps:Status>
                                                <hsgps:EffectiveDate>2018-12-27</hsgps:EffectiveDate>
                                                <hsgps:ExpiryDate>2019-11-28</hsgps:ExpiryDate>
                                                <hsgps:LastUpdated>1970-01-01T00:00:00</hsgps:LastUpdated>
                                                <hsgps:OverlapCover>false</hsgps:OverlapCover>
                                                <hsgps:ExcessExempt>false</hsgps:ExcessExempt>
                                             </hsgps:Feature>
                                             <hsgps:Feature>
                                                <hsgps:FeatureID>FE138</hsgps:FeatureID>
                                                <hsgps:FeatureName>SharedDrains</hsgps:FeatureName>
                                                <hsgps:Status>Open-Inforce</hsgps:Status>
                                                <hsgps:EffectiveDate>2018-12-27</hsgps:EffectiveDate>
                                                <hsgps:ExpiryDate>2019-11-28</hsgps:ExpiryDate>
                                                <hsgps:LastUpdated>1970-01-01T00:00:00</hsgps:LastUpdated>
                                                <hsgps:OverlapCover>false</hsgps:OverlapCover>
                                                <hsgps:ExcessExempt>false</hsgps:ExcessExempt>
                                             </hsgps:Feature>
                                          </hsgps:Features>
                                          <hsgps:AssetsID>
                                             <hsgca1:AssetID>
                                                <hsgca1:AssetID/>
                                             </hsgca1:AssetID>
                                          </hsgps:AssetsID>
                                       </hsgps:Product>
                                       <hsgps:Product>
                                          <hsgps:ProductID>PR12</hsgps:ProductID>
                                          <hsgps:ProductName>PlumbingFittings</hsgps:ProductName>
                                          <hsgps:ProductLine>Insurance</hsgps:ProductLine>
                                          <hsgps:Status>Open-Inforce</hsgps:Status>
                                          <hsgps:EffectiveDate>2018-12-27</hsgps:EffectiveDate>
                                          <hsgps:ExpiryDate>2019-11-28</hsgps:ExpiryDate>
                                          <hsgps:LastUpdated>1970-01-01T00:00:00</hsgps:LastUpdated>
                                          <hsgps:Features>
                                             <hsgps:Feature>
                                                <hsgps:FeatureID>FE93</hsgps:FeatureID>
                                                <hsgps:FeatureName>RepairInternalSinkAndBathTaps</hsgps:FeatureName>
                                                <hsgps:Status>Open-Inforce</hsgps:Status>
                                                <hsgps:EffectiveDate>2018-12-27</hsgps:EffectiveDate>
                                                <hsgps:ExpiryDate>2019-11-28</hsgps:ExpiryDate>
                                                <hsgps:LastUpdated>1970-01-01T00:00:00</hsgps:LastUpdated>
                                                <hsgps:OverlapCover>false</hsgps:OverlapCover>
                                                <hsgps:ExcessExempt>false</hsgps:ExcessExempt>
                                             </hsgps:Feature>
                                             <hsgps:Feature>
                                                <hsgps:FeatureID>FE91</hsgps:FeatureID>
                                                <hsgps:FeatureName>TankOrToiletOverflowingExternallyOrInternally</hsgps:FeatureName>
                                                <hsgps:Status>Open-Inforce</hsgps:Status>
                                                <hsgps:EffectiveDate>2018-12-27</hsgps:EffectiveDate>
                                                <hsgps:ExpiryDate>2019-11-28</hsgps:ExpiryDate>
                                                <hsgps:LastUpdated>1970-01-01T00:00:00</hsgps:LastUpdated>
                                                <hsgps:OverlapCover>false</hsgps:OverlapCover>
                                                <hsgps:ExcessExempt>false</hsgps:ExcessExempt>
                                             </hsgps:Feature>
                                             <hsgps:Feature>
                                                <hsgps:FeatureID>FE74</hsgps:FeatureID>
                                                <hsgps:FeatureName>ShowersBreakdowns</hsgps:FeatureName>
                                                <hsgps:Status>Open-Inforce</hsgps:Status>
                                                <hsgps:EffectiveDate>2018-12-27</hsgps:EffectiveDate>
                                                <hsgps:ExpiryDate>2019-11-28</hsgps:ExpiryDate>
                                                <hsgps:LastUpdated>1970-01-01T00:00:00</hsgps:LastUpdated>
                                                <hsgps:OverlapCover>false</hsgps:OverlapCover>
                                                <hsgps:ExcessExempt>false</hsgps:ExcessExempt>
                                             </hsgps:Feature>
                                          </hsgps:Features>
                                          <hsgps:AssetsID>
                                             <hsgca1:AssetID>
                                                <hsgca1:AssetID/>
                                             </hsgca1:AssetID>
                                          </hsgps:AssetsID>
                                       </hsgps:Product>
                                       <hsgps:Product>
                                          <hsgps:ProductID>PR11</hsgps:ProductID>
                                          <hsgps:ProductName>PlumbingPipes</hsgps:ProductName>
                                          <hsgps:ProductLine>Insurance</hsgps:ProductLine>
                                          <hsgps:Status>Open-Inforce</hsgps:Status>
                                          <hsgps:EffectiveDate>2018-12-27</hsgps:EffectiveDate>
                                          <hsgps:ExpiryDate>2019-11-28</hsgps:ExpiryDate>
                                          <hsgps:LastUpdated>1970-01-01T00:00:00</hsgps:LastUpdated>
                                          <hsgps:Features>
                                             <hsgps:Feature>
                                                <hsgps:FeatureID>FE57</hsgps:FeatureID>
                                                <hsgps:FeatureName>LeakingOrBlockedInternalWaterPipes</hsgps:FeatureName>
                                                <hsgps:Status>Open-Inforce</hsgps:Status>
                                                <hsgps:EffectiveDate>2018-12-27</hsgps:EffectiveDate>
                                                <hsgps:ExpiryDate>2019-11-28</hsgps:ExpiryDate>
                                                <hsgps:LastUpdated>1970-01-01T00:00:00</hsgps:LastUpdated>
                                                <hsgps:OverlapCover>false</hsgps:OverlapCover>
                                                <hsgps:ExcessExempt>false</hsgps:ExcessExempt>
                                             </hsgps:Feature>
                                             <hsgps:Feature>
                                                <hsgps:FeatureID>FE73</hsgps:FeatureID>
                                                <hsgps:FeatureName>LossOfHeatingAndorHotWaterDueToBoilerBreakdown</hsgps:FeatureName>
                                                <hsgps:Status>Open-Inforce</hsgps:Status>
                                                <hsgps:EffectiveDate>2018-12-27</hsgps:EffectiveDate>
                                                <hsgps:ExpiryDate>2019-11-28</hsgps:ExpiryDate>
                                                <hsgps:LastUpdated>1970-01-01T00:00:00</hsgps:LastUpdated>
                                                <hsgps:OverlapCover>false</hsgps:OverlapCover>
                                                <hsgps:ExcessExempt>false</hsgps:ExcessExempt>
                                             </hsgps:Feature>
                                          </hsgps:Features>
                                          <hsgps:AssetsID>
                                             <hsgca1:AssetID>
                                                <hsgca1:AssetID/>
                                             </hsgca1:AssetID>
                                          </hsgps:AssetsID>
                                       </hsgps:Product>
                                       <hsgps:Product>
                                          <hsgps:ProductID>PR13</hsgps:ProductID>
                                          <hsgps:ProductName>InternalDrains</hsgps:ProductName>
                                          <hsgps:ProductLine>Insurance</hsgps:ProductLine>
                                          <hsgps:Status>Open-Inforce</hsgps:Status>
                                          <hsgps:EffectiveDate>2018-12-27</hsgps:EffectiveDate>
                                          <hsgps:ExpiryDate>2019-11-28</hsgps:ExpiryDate>
                                          <hsgps:LastUpdated>1970-01-01T00:00:00</hsgps:LastUpdated>
                                          <hsgps:Features>
                                             <hsgps:Feature>
                                                <hsgps:FeatureID>FE76</hsgps:FeatureID>
                                                <hsgps:FeatureName>LeakingOrBlockedToiletsOrSinks</hsgps:FeatureName>
                                                <hsgps:Status>Open-Inforce</hsgps:Status>
                                                <hsgps:EffectiveDate>2018-12-27</hsgps:EffectiveDate>
                                                <hsgps:ExpiryDate>2019-11-28</hsgps:ExpiryDate>
                                                <hsgps:LastUpdated>1970-01-01T00:00:00</hsgps:LastUpdated>
                                                <hsgps:OverlapCover>false</hsgps:OverlapCover>
                                                <hsgps:ExcessExempt>false</hsgps:ExcessExempt>
                                             </hsgps:Feature>
                                             <hsgps:Feature>
                                                <hsgps:FeatureID>FE139</hsgps:FeatureID>
                                                <hsgps:FeatureName>LeakingInternalDrainsOrWastePipes</hsgps:FeatureName>
                                                <hsgps:Status>Open-Inforce</hsgps:Status>
                                                <hsgps:EffectiveDate>2018-12-27</hsgps:EffectiveDate>
                                                <hsgps:ExpiryDate>2019-11-28</hsgps:ExpiryDate>
                                                <hsgps:LastUpdated>1970-01-01T00:00:00</hsgps:LastUpdated>
                                                <hsgps:OverlapCover>false</hsgps:OverlapCover>
                                                <hsgps:ExcessExempt>false</hsgps:ExcessExempt>
                                             </hsgps:Feature>
                                          </hsgps:Features>
                                          <hsgps:AssetsID>
                                             <hsgca1:AssetID>
                                                <hsgca1:AssetID/>
                                             </hsgca1:AssetID>
                                          </hsgps:AssetsID>
                                       </hsgps:Product>
                                       <hsgps:Product>
                                          <hsgps:ProductID>PR10</hsgps:ProductID>
                                          <hsgps:ProductName>WaterSupplyPipeExternal</hsgps:ProductName>
                                          <hsgps:ProductLine>Insurance</hsgps:ProductLine>
                                          <hsgps:Status>Open-Inforce</hsgps:Status>
                                          <hsgps:EffectiveDate>2018-12-27</hsgps:EffectiveDate>
                                          <hsgps:ExpiryDate>2019-11-28</hsgps:ExpiryDate>
                                          <hsgps:LastUpdated>1970-01-01T00:00:00</hsgps:LastUpdated>
                                          <hsgps:Features>
                                             <hsgps:Feature>
                                                <hsgps:FeatureID>FE52</hsgps:FeatureID>
                                                <hsgps:FeatureName>LeakingOrBlockedWaterSupplyPipe</hsgps:FeatureName>
                                                <hsgps:Status>Open-Inforce</hsgps:Status>
                                                <hsgps:EffectiveDate>2018-12-27</hsgps:EffectiveDate>
                                                <hsgps:ExpiryDate>2019-11-28</hsgps:ExpiryDate>
                                                <hsgps:LastUpdated>1970-01-01T00:00:00</hsgps:LastUpdated>
                                                <hsgps:OverlapCover>false</hsgps:OverlapCover>
                                                <hsgps:ExcessExempt>false</hsgps:ExcessExempt>
                                             </hsgps:Feature>
                                          </hsgps:Features>
                                          <hsgps:AssetsID>
                                             <hsgca1:AssetID>
                                                <hsgca1:AssetID/>
                                             </hsgca1:AssetID>
                                          </hsgps:AssetsID>
                                       </hsgps:Product>
                                    </hsgps:Products>
                                 </hsgps:Category>
                              </hsgps:Categories>
                              <hsgps:TermsAndConditions>
                                 <hsgpstc:TermsAndConditionsDetail>
                                    <hsgcm:Name>ClaimFromDate</hsgcm:Name>
                                    <hsgcm:ValueType>StringValue</hsgcm:ValueType>
                                    <hsgcm:StringValue>20181227</hsgcm:StringValue>
                                 </hsgpstc:TermsAndConditionsDetail>
                                 <hsgpstc:TermsAndConditionsDetail>
                                    <hsgcm:Name>ClaimsMonetaryLimit</hsgcm:Name>
                                    <hsgcm:ValueType>StringValue</hsgcm:ValueType>
                                    <hsgcm:StringValue>4000</hsgcm:StringValue>
                                 </hsgpstc:TermsAndConditionsDetail>
                                 <hsgpstc:TermsAndConditionsDetail>
                                    <hsgcm:Name>ExcessAmount</hsgcm:Name>
                                    <hsgcm:ValueType>StringValue</hsgcm:ValueType>
                                    <hsgcm:StringValue>0.00</hsgcm:StringValue>
                                 </hsgpstc:TermsAndConditionsDetail>
                                 <hsgpstc:TermsAndConditionsDetail>
                                    <hsgcm:Name>MaxClaimsPermitted</hsgcm:Name>
                                    <hsgcm:ValueType>StringValue</hsgcm:ValueType>
                                    <hsgcm:StringValue>3</hsgcm:StringValue>
                                 </hsgpstc:TermsAndConditionsDetail>
                                 <hsgpstc:TermsAndConditionsDetail>
                                    <hsgcm:Name>WaitPeriod</hsgcm:Name>
                                    <hsgcm:ValueType>StringValue</hsgcm:ValueType>
                                    <hsgcm:StringValue>28</hsgcm:StringValue>
                                 </hsgpstc:TermsAndConditionsDetail>
                              </hsgps:TermsAndConditions>
                           </hsgps:Package>
                        </hsgps:Packages>
                     </hsgps:PartnerOptions>
                  </hsgps:PartnerOptions>
                  <hsgps:TermsAndConditions>
                     <hsgpstc:TermsAndConditionsDetail>
                        <hsgcm:Name>CancelPeriod</hsgcm:Name>
                        <hsgcm:ValueType>StringValue</hsgcm:ValueType>
                        <hsgcm:StringValue>28</hsgcm:StringValue>
                     </hsgpstc:TermsAndConditionsDetail>
                     <hsgpstc:TermsAndConditionsDetail>
                        <hsgcm:Name>ContractLength</hsgcm:Name>
                        <hsgcm:ValueType>StringValue</hsgcm:ValueType>
                        <hsgcm:StringValue>12</hsgcm:StringValue>
                     </hsgpstc:TermsAndConditionsDetail>
                     <hsgpstc:TermsAndConditionsDetail>
                        <hsgcm:Name>CoolingOffDate</hsgcm:Name>
                        <hsgcm:ValueType>StringValue</hsgcm:ValueType>
                        <hsgcm:StringValue>20181226T120000.000 GMT</hsgcm:StringValue>
                     </hsgpstc:TermsAndConditionsDetail>
                     <hsgpstc:TermsAndConditionsDetail>
                        <hsgcm:Name>CustomerType</hsgcm:Name>
                        <hsgcm:ValueType>StringValue</hsgcm:ValueType>
                        <hsgcm:StringValue>Homeowner</hsgcm:StringValue>
                     </hsgpstc:TermsAndConditionsDetail>
                     <hsgpstc:TermsAndConditionsDetail>
                        <hsgcm:Name>MarketingChannel</hsgcm:Name>
                        <hsgcm:ValueType>StringValue</hsgcm:ValueType>
                        <hsgcm:StringValue>Inbound Telephone</hsgcm:StringValue>
                     </hsgpstc:TermsAndConditionsDetail>
                     <hsgpstc:TermsAndConditionsDetail>
                        <hsgcm:Name>PaymentFrequency</hsgcm:Name>
                        <hsgcm:ValueType>StringValue</hsgcm:ValueType>
                        <hsgcm:StringValue>Annually</hsgcm:StringValue>
                     </hsgpstc:TermsAndConditionsDetail>
                     <hsgpstc:TermsAndConditionsDetail>
                        <hsgcm:Name>PaymentMethod</hsgcm:Name>
                        <hsgcm:ValueType>StringValue</hsgcm:ValueType>
                        <hsgcm:StringValue>Direct Debit</hsgcm:StringValue>
                     </hsgpstc:TermsAndConditionsDetail>
                     <hsgpstc:TermsAndConditionsDetail>
                        <hsgcm:Name>ProductLineInterest</hsgcm:Name>
                        <hsgcm:ValueType>StringValue</hsgcm:ValueType>
                        <hsgcm:StringValue>Insurance</hsgcm:StringValue>
                     </hsgpstc:TermsAndConditionsDetail>
                     <hsgpstc:TermsAndConditionsDetail>
                        <hsgcm:Name>PropertyMainPlaceResidence</hsgcm:Name>
                        <hsgcm:ValueType>StringValue</hsgcm:ValueType>
                        <hsgcm:StringValue>Yes</hsgcm:StringValue>
                     </hsgpstc:TermsAndConditionsDetail>
                     <hsgpstc:TermsAndConditionsDetail>
                        <hsgcm:Name>PropertyType</hsgcm:Name>
                        <hsgcm:ValueType>StringValue</hsgcm:ValueType>
                        <hsgcm:StringValue>House</hsgcm:StringValue>
                     </hsgpstc:TermsAndConditionsDetail>
                     <hsgpstc:TermsAndConditionsDetail>
                        <hsgcm:Name>PropertyUsedForBusiness</hsgcm:Name>
                        <hsgcm:ValueType>StringValue</hsgcm:ValueType>
                        <hsgcm:StringValue>No</hsgcm:StringValue>
                     </hsgpstc:TermsAndConditionsDetail>
                     <hsgpstc:TermsAndConditionsDetail>
                        <hsgcm:Name>RequiredCover</hsgcm:Name>
                        <hsgcm:ValueType>StringValue</hsgcm:ValueType>
                        <hsgcm:StringValue>All</hsgcm:StringValue>
                     </hsgpstc:TermsAndConditionsDetail>
                     <hsgpstc:TermsAndConditionsDetail>
                        <hsgcm:Name>RequiredCover</hsgcm:Name>
                        <hsgcm:ValueType>StringValue</hsgcm:ValueType>
                        <hsgcm:StringValue>Plumbing</hsgcm:StringValue>
                     </hsgpstc:TermsAndConditionsDetail>
                  </hsgps:TermsAndConditions>
               </hsgps:Offer>
            </hsgccs:Offers>
            <hsgccs:Assets/>
         </hsgccs:ContractDetails>
         <hsgccs:Customer>
            <hsgc:SystemReference/>
            <hsgc:AccountNumber>AN6000111544</hsgc:AccountNumber>
            <hsgc:Name>
               <hsgc:Title>Mrs</hsgc:Title>
               <hsgc:FirstName>Pam</hsgc:FirstName>
               <hsgc:LastName>Ayres</hsgc:LastName>
            </hsgc:Name>
            <hsgc:DateOfBirth>2016-01-01</hsgc:DateOfBirth>
            <hsgc:Status/>
            <hsgc:ContactDetails>
               <hsgcd:Phone>
                  <hsgcd:Number>01212121212</hsgcd:Number>
                  <hsgcd:Type>Home</hsgcd:Type>
               </hsgcd:Phone>
            </hsgc:ContactDetails>
         </hsgccs:Customer>
         <hsgccs:Addresses>
            <hsega:Address>
               <hsega:AddressType>Service Address</hsega:AddressType>
               <hsega:BuildingName>3 COASTGUARD COTTAGES</hsega:BuildingName>
               <hsega:City>ISLE OF SCILLY</hsega:City>
               <hsega:County>ISLE OF SCILLY</hsega:County>
               <hsega:Postcode>TR22 0PL</hsega:Postcode>
            </hsega:Address>
         </hsgccs:Addresses>
      </hsgccs:Contract>
   </hsegcccdo:Contracts>
</hscds:GetContractsResponse>