<?xml version="1.0" encoding="UTF-8"?>
<root t='150' id='1' V150='13' creationTimestamp='0x1631fc43f50' V1='4' name='ChequeType' incarnation='8'>
  <rootElem t='167' id='2' V167='21' V283='1' occurMaxTimes='1' minSize='-1' maxSize='-1' groupType='1' repHandlerStruct='' inheritsFrom='' namespaceIndex='1' V281='13' V1='4' name='ChequeType'>
    <structNode t='150' idref='1'/>
    <child t='167' id='3' V167='21' V283='1' occurMinTimes='1' occurMaxTimes='1' minSize='-1' maxSize='-1' dataType='2' repHandlerStruct='' visible='true' inheritsFrom='' namespaceIndex='1' V281='13' V1='4' name='ChequeNumber'>
      <structNode t='150' idref='1'/>
    </child>
    <child t='167' id='4' V167='21' V283='1' occurMaxTimes='1' minSize='-1' maxSize='-1' dataType='2' repHandlerStruct='' visible='true' inheritsFrom='' namespaceIndex='1' V281='13' V1='4' name='NameOnCheque'>
      <structNode t='150' idref='1'/>
    </child>
    <child t='167' id='5' V167='21' inheritsFromIncarnation='8' inheritsFromTimestamp='0x1631fc43f50' inheritsInThisStruct='true' V283='1' occurMaxTimes='1' minSize='-1' maxSize='-1' inheritsFromCopyRule='20' dataType='2' repHandlerStruct='' visible='true' inheritsFrom='Structures/R6.4.1/CompositeDataBlock_02May2018/Types/hsegdbc/ChequeTypeEnum.xml' namespaceIndex='1' V281='13' V1='4' name='ChequeType'>
      <structNode t='150' idref='1'/>
      <savedDerivedCopy t='167' id='6' V167='21' needInheritInit='true' inheritsInThisStruct='true' V283='1' occurMaxTimes='1' minSize='-1' maxSize='-1' inheritsFromCopyRule='20' dataType='2' repHandlerStruct='' visible='true' inheritsFrom='Structures/R6.4.1/CompositeDataBlock_02May2018/Types/hsegdbc/ChequeTypeEnum.xml' namespaceIndex='1' V281='13' V1='4' name='ChequeType'>
      </savedDerivedCopy>
      <savedOrigCopyAtInheritsFrom t='167' id='7' V167='21' V283='1' occurMaxTimes='1' minSize='-1' maxSize='-1' dataType='2' repHandlerStruct='' inheritsFrom='' namespaceIndex='1' V281='13' V1='4' name='ChequeTypeEnum'>
      </savedOrigCopyAtInheritsFrom>
    </child>
    <child t='167' id='8' V167='21' V283='1' occurMinTimes='1' occurMaxTimes='1' minSize='-1' maxSize='-1' dataType='31' repHandlerStruct='' visible='true' inheritsFrom='' namespaceIndex='1' V281='13' V1='4' name='IssueDate'>
      <structNode t='150' idref='1'/>
    </child>
    <child t='167' id='9' V167='21' V283='1' occurMaxTimes='1' minSize='-1' maxSize='-1' dataType='2' repHandlerStruct='' visible='true' inheritsFrom='' namespaceIndex='1' V281='13' V1='4' name='AccountNumber'>
      <structNode t='150' idref='1'/>
    </child>
    <child t='167' id='10' V167='21' V283='1' occurMaxTimes='1' minSize='-1' maxSize='-1' dataType='2' repHandlerStruct='' visible='true' inheritsFrom='' namespaceIndex='1' V281='13' V1='4' name='SortCode'>
      <structNode t='150' idref='1'/>
    </child>
    <child t='167' id='11' V167='21' V283='1' occurMinTimes='1' occurMaxTimes='1' minSize='-1' maxSize='-1' dataType='22' repHandlerStruct='' visible='true' inheritsFrom='' namespaceIndex='1' V281='13' V1='4' name='Amount'>
      <structNode t='150' idref='1'/>
    </child>
    <child t='167' id='12' V167='21' V283='1' occurMaxTimes='1' minSize='-1' maxSize='-1' dataType='31' repHandlerStruct='' visible='true' inheritsFrom='' namespaceIndex='1' V281='13' V1='4' name='DateDeleted'>
      <structNode t='150' idref='1'/>
    </child>
    <child t='167' id='13' V167='21' V283='1' occurMaxTimes='1' minSize='-1' maxSize='-1' dataType='2' repHandlerStruct='' visible='true' inheritsFrom='' namespaceIndex='1' V281='13' V1='4' name='DeletedBy'>
      <structNode t='150' idref='1'/>
    </child>
  </rootElem>
  <defaultRep t='172' id='14' V172='6' autoFixNamespaceMismatch='true' V170='10' V692='1' unnamedElemsNamespace='1' V690='1' ignoreExcluded='true' fixInvalidCharacters='true' V1='4' name='XML'>
    <namespaceContainers t='220' ref='Namespace Containers/R6.4.1_CompositeDataBlock_02May2018.xml'/>
  </defaultRep>
  <namespaceList t='161' id='15' V161='1' namespaceUri='___osdtDummy___' V1='4'>
  </namespaceList>
  <namespaceList t='161' id='16' V161='1' namespaceUri='http://www.homeserve.com/Europe/GB/Document/BuildingBlocks/v2/CompositeDatablock' namespacePrefix='hsegdbc' V1='4'>
  </namespaceList>
  <child t='162' id='17' V1='4' name='Representations'>
    <child t='172' idref='14'/>
  </child>
  <child t='165' id='18' V1='4' name='Document Bindings'>
    <child t='166' id='19' V166='5' docType='1' V1='4' name='/hsegdbc:ChequeType'>
      <elemNode t='167' idref='2'/>
    </child>
  </child>
</root>
