<?xml version="1.0" encoding="UTF-8"?>
<root t='150' id='1' V150='13' creationTimestamp='0x16295b777e1' V1='4' name='UpdateClaimDetailsRequestType' incarnation='8'>
  <rootElem t='167' id='2' V167='21' V283='1' occurMaxTimes='1' minSize='-1' maxSize='-1' groupType='1' repHandlerStruct='' inheritsFrom='' namespaceIndex='1' V281='13' V1='4' name='UpdateClaimDetailsRequestType'>
    <structNode t='150' idref='1'/>
    <child t='167' id='3' V167='21' V283='1' occurMinTimes='1' occurMaxTimes='1' minSize='-1' maxSize='-1' dataType='2' repHandlerStruct='' visible='true' inheritsFrom='' V281='13' V1='4' name='Status'>
      <structNode t='150' idref='1'/>
    </child>
    <child t='167' id='4' V167='21' V283='1' occurMaxTimes='1' minSize='-1' maxSize='-1' dataType='2' repHandlerStruct='' visible='true' inheritsFrom='' V281='13' V1='4' name='ExcessFee'>
      <structNode t='150' idref='1'/>
    </child>
    <child t='167' id='5' V167='21' V283='1' occurMaxTimes='1' minSize='-1' maxSize='-1' dataType='2' repHandlerStruct='' visible='true' inheritsFrom='' V281='13' V1='4' name='ExcessPaid'>
      <structNode t='150' idref='1'/>
    </child>
    <child t='167' id='6' V167='21' V283='1' occurMinTimes='1' occurMaxTimes='-1' minSize='-1' maxSize='-1' groupType='1' repHandlerStruct='' visible='true' inheritsFrom='' V281='13' V1='4' name='JobDetails' checksumValid='true' checksum='+TESylhOOd9dYdbceOzoi28vF4Q='>
      <structNode t='150' idref='1'/>
      <child t='167' id='7' V167='21' V283='1' occurMinTimes='1' occurMaxTimes='-1' minSize='-1' maxSize='-1' groupType='1' repHandlerStruct='' visible='true' inheritsFrom='' V281='13' V1='4' name='ContractReferences'>
        <structNode t='150' idref='1'/>
        <child t='167' id='8' V167='21' V283='1' occurMaxTimes='1' minSize='-1' maxSize='-1' dataType='2' repHandlerStruct='' visible='true' inheritsFrom='' V281='13' V1='4' name='PartnerOptionID'>
          <structNode t='150' idref='1'/>
        </child>
        <child t='167' id='9' V167='21' V283='1' occurMaxTimes='1' minSize='-1' maxSize='-1' dataType='2' repHandlerStruct='' visible='true' inheritsFrom='' V281='13' V1='4' name='ProductID'>
          <structNode t='150' idref='1'/>
        </child>
        <child t='167' id='10' V167='21' V283='1' occurMaxTimes='1' minSize='-1' maxSize='-1' dataType='2' repHandlerStruct='' visible='true' inheritsFrom='' V281='13' V1='4' name='PackageID'>
          <structNode t='150' idref='1'/>
        </child>
        <child t='167' id='11' V167='21' V283='1' occurMinTimes='1' occurMaxTimes='1' minSize='-1' maxSize='-1' dataType='2' repHandlerStruct='' visible='true' inheritsFrom='' V281='13' V1='4' name='ProductLine'>
          <structNode t='150' idref='1'/>
        </child>
        <child t='167' id='12' V167='21' V283='1' occurMinTimes='1' occurMaxTimes='1' minSize='-1' maxSize='-1' dataType='2' repHandlerStruct='' visible='true' inheritsFrom='' V281='13' V1='4' name='ContractID'>
          <structNode t='150' idref='1'/>
        </child>
        <child t='167' id='13' V167='21' V283='1' occurMaxTimes='1' minSize='-1' maxSize='-1' groupType='1' repHandlerStruct='' visible='true' inheritsFrom='' V281='13' V1='4' name='Daignostics'>
          <structNode t='150' idref='1'/>
          <child t='167' id='14' V167='21' V283='1' occurMinTimes='1' occurMaxTimes='1' minSize='-1' maxSize='-1' dataType='2' repHandlerStruct='' visible='true' inheritsFrom='' V281='13' V1='4' name='DiagnosticDescription'>
            <structNode t='150' idref='1'/>
          </child>
          <child t='167' id='15' V167='21' V283='1' occurMinTimes='1' occurMaxTimes='1' minSize='-1' maxSize='-1' dataType='2' repHandlerStruct='' visible='true' inheritsFrom='' V281='13' V1='4' name='CoverageType'>
            <structNode t='150' idref='1'/>
          </child>
          <child t='167' id='16' V167='21' V283='1' occurMinTimes='1' occurMaxTimes='1' minSize='-1' maxSize='-1' dataType='2' repHandlerStruct='' visible='true' inheritsFrom='' V281='13' V1='4' name='SORCode'>
            <structNode t='150' idref='1'/>
          </child>
          <child t='167' id='17' V167='21' V283='1' occurMaxTimes='1' minSize='-1' maxSize='-1' dataType='2' repHandlerStruct='' visible='true' inheritsFrom='' V281='13' V1='4' name='SkillCode'>
            <structNode t='150' idref='1'/>
          </child>
        </child>
        <child t='167' id='18' V167='21' V283='1' occurMinTimes='1' occurMaxTimes='1' minSize='-1' maxSize='-1' dataType='2' repHandlerStruct='' visible='true' inheritsFrom='' V281='13' V1='4' name='IsCompleted'>
          <structNode t='150' idref='1'/>
        </child>
      </child>
      <child t='167' id='19' V167='21' V283='1' occurMinTimes='1' occurMaxTimes='1' minSize='-1' maxSize='-1' dataType='31' repHandlerStruct='' visible='true' inheritsFrom='' V281='13' V1='4' name='ReportedDate'>
        <structNode t='150' idref='1'/>
      </child>
      <child t='167' id='20' V167='21' V283='1' occurMinTimes='1' occurMaxTimes='1' minSize='-1' maxSize='-1' dataType='2' repHandlerStruct='' visible='true' inheritsFrom='' V281='13' V1='4' name='ReferenceID'>
        <structNode t='150' idref='1'/>
      </child>
      <child t='167' id='21' V167='21' V283='1' occurMinTimes='1' occurMaxTimes='1' minSize='-1' maxSize='-1' dataType='2' repHandlerStruct='' visible='true' inheritsFrom='' V281='13' V1='4' name='Status'>
        <structNode t='150' idref='1'/>
      </child>
      <child t='167' id='22' V167='21' V283='1' occurMaxTimes='1' minSize='-1' maxSize='-1' dataType='2' repHandlerStruct='' visible='true' inheritsFrom='' V281='13' V1='4' name='WorkRequestReference'>
        <structNode t='150' idref='1'/>
      </child>
      <child t='167' id='23' V167='21' V283='1' occurMaxTimes='1' minSize='-1' maxSize='-1' dataType='31' repHandlerStruct='' visible='true' inheritsFrom='' V281='13' V1='4' name='AppointmentDate'>
        <structNode t='150' idref='1'/>
      </child>
      <child t='167' id='24' V167='21' V283='1' occurMaxTimes='1' minSize='-1' maxSize='-1' dataType='2' repHandlerStruct='' visible='true' inheritsFrom='' V281='13' V1='4' name='AppointmentSlot'>
        <structNode t='150' idref='1'/>
      </child>
      <child t='167' id='25' V167='21' V283='1' occurMaxTimes='1' minSize='-1' maxSize='-1' dataType='2' repHandlerStruct='' visible='true' inheritsFrom='' V281='13' V1='4' name='AdditionalNotes'>
        <structNode t='150' idref='1'/>
      </child>
      <child t='167' id='26' V167='21' V283='1' occurMaxTimes='1' minSize='-1' maxSize='-1' dataType='2' repHandlerStruct='' visible='true' inheritsFrom='' V281='13' V1='4' name='ContractorName'>
        <structNode t='150' idref='1'/>
      </child>
      <child t='167' id='27' V167='21' V283='1' occurMaxTimes='1' minSize='-1' maxSize='-1' dataType='2' repHandlerStruct='' visible='true' inheritsFrom='' V281='13' V1='4' name='CustomerPayment'>
        <structNode t='150' idref='1'/>
      </child>
      <child t='167' id='28' V167='21' V283='1' occurMinTimes='1' occurMaxTimes='1' minSize='-1' maxSize='-1' dataType='2' repHandlerStruct='' visible='true' inheritsFrom='' V281='13' V1='4' name='JobProgressionStatus'>
        <structNode t='150' idref='1'/>
      </child>
      <child t='167' id='29' V167='21' V283='1' occurMaxTimes='1' minSize='-1' maxSize='-1' dataType='2' repHandlerStruct='' visible='true' inheritsFrom='' V281='13' V1='4' name='ReasonType'>
        <structNode t='150' idref='1'/>
      </child>
      <child t='167' id='30' V167='21' V283='1' occurMaxTimes='1' minSize='-1' maxSize='-1' dataType='2' repHandlerStruct='' visible='true' inheritsFrom='' V281='13' V1='4' name='ReasonDesription'>
        <structNode t='150' idref='1'/>
      </child>
      <child t='167' id='31' V167='21' V283='1' occurMaxTimes='-1' minSize='-1' maxSize='-1' groupType='1' repHandlerStruct='' visible='true' inheritsFrom='' V281='13' V1='4' name='Letters'>
        <structNode t='150' idref='1'/>
        <child t='167' id='32' V167='21' V283='1' occurMinTimes='1' occurMaxTimes='1' minSize='-1' maxSize='-1' dataType='2' repHandlerStruct='' visible='true' inheritsFrom='' V281='13' V1='4' name='Name'>
          <structNode t='150' idref='1'/>
        </child>
        <child t='167' id='33' V167='21' V283='1' occurMinTimes='1' occurMaxTimes='1' minSize='-1' maxSize='-1' dataType='30' repHandlerStruct='' visible='true' inheritsFrom='' V281='13' V1='4' name='CreateTime'>
          <structNode t='150' idref='1'/>
        </child>
      </child>
      <child t='167' id='34' V167='21' V283='1' occurMaxTimes='1' minSize='-1' maxSize='-1' dataType='30' repHandlerStruct='' visible='true' inheritsFrom='' V281='13' V1='4' name='CompletionDate'>
        <structNode t='150' idref='1'/>
      </child>
      <child t='167' id='35' V167='21' V283='1' occurMinTimes='1' occurMaxTimes='1' minSize='-1' maxSize='-1' dataType='2' repHandlerStruct='' visible='true' inheritsFrom='' V281='13' V1='4' name='JobHandler'>
        <structNode t='150' idref='1'/>
      </child>
      <child t='167' id='36' V167='21' V283='1' occurMinTimes='1' occurMaxTimes='1' minSize='-1' maxSize='-1' dataType='2' repHandlerStruct='' visible='true' inheritsFrom='' V281='13' V1='4' name='ServiceJob'>
        <structNode t='150' idref='1'/>
      </child>
      <child t='167' id='37' V167='21' V283='1' occurMaxTimes='1' minSize='-1' maxSize='-1' dataType='2' repHandlerStruct='' visible='true' inheritsFrom='' V281='13' V1='4' name='BER'>
        <structNode t='150' idref='1'/>
      </child>
      <child t='167' id='38' V167='21' V283='1' occurMaxTimes='1' minSize='-1' maxSize='-1' dataType='2' repHandlerStruct='' visible='true' inheritsFrom='' V281='13' V1='4' name='ContactNumber'>
        <structNode t='150' idref='1'/>
      </child>
      <child t='167' id='39' V167='21' V283='1' occurMinTimes='1' occurMaxTimes='1' minSize='-1' maxSize='-1' dataType='2' repHandlerStruct='' visible='true' inheritsFrom='' V281='13' V1='4' name='JobType'>
        <structNode t='150' idref='1'/>
      </child>
      <child t='167' id='40' V167='21' V283='1' occurMaxTimes='1' minSize='-1' maxSize='-1' dataType='2' repHandlerStruct='' visible='true' inheritsFrom='' V281='13' V1='4' name='JobCost'>
        <structNode t='150' idref='1'/>
      </child>
      <child t='167' id='41' V167='21' V283='1' occurMinTimes='1' occurMaxTimes='1' minSize='-1' maxSize='-1' dataType='2' repHandlerStruct='' visible='true' inheritsFrom='' V281='13' V1='4' name='CustomerRefund'>
        <structNode t='150' idref='1'/>
      </child>
    </child>
    <child t='167' id='42' V167='21' V283='1' occurMinTimes='1' occurMaxTimes='1' minSize='-1' maxSize='-1' dataType='2' repHandlerStruct='' visible='true' inheritsFrom='' V281='13' V1='4' name='ClaimReference'>
      <structNode t='150' idref='1'/>
    </child>
    <child t='167' id='43' V167='21' V283='1' occurMinTimes='1' occurMaxTimes='1' minSize='-1' maxSize='-1' dataType='31' repHandlerStruct='' visible='true' inheritsFrom='' V281='13' V1='4' name='ReportedDate'>
      <structNode t='150' idref='1'/>
    </child>
  </rootElem>
  <defaultRep t='172' id='44' V172='6' autoFixNamespaceMismatch='true' V170='10' V692='1' V690='1' ignoreExcluded='true' fixInvalidCharacters='true' V1='4' name='XML'>
    <namespaceContainers t='220' ref='Namespace Containers/UpdateClaims_CR234-UpdateClaims_CR234-eServe-UpdateClaims_0.1.xml'/>
  </defaultRep>
  <namespaceList t='161' id='45' V161='1' namespaceUri='___osdtDummy___' V1='4'>
  </namespaceList>
  <namespaceList t='161' id='46' V161='1' namespaceUri='urn:PegaRULES:SOAP:UpdateContractEvents:Services' namespacePrefix='tns' V1='4'>
  </namespaceList>
  <child t='162' id='47' V1='4' name='Representations'>
    <child t='172' idref='44'/>
  </child>
  <child t='165' id='48' V1='4' name='Document Bindings'>
    <child t='166' id='49' V166='5' docType='1' V1='4' name='/tns:UpdateClaimDetailsRequestType'>
      <elemNode t='167' idref='2'/>
    </child>
  </child>
</root>
