<?xml version="1.0" encoding="UTF-8"?>
<root t='190' id='1' V190='11' inStruct='Structures/ContractsService/17Dec2015/ContractsService/Elements/hscds/GetContractsRequest.xml' outStruct='Structures/eServeGetContracts/17Dec2015/eServeGetContracts/Elements/tns/GetContractDetailsRequest.xml' inputRep='172' outputRep='172' nextMap='' inputStructUserName='GetContractsRequest' outputStructUserName='GetContractDetailsRequest' V1='4' name='GetContractsRequest' incarnation='1487'>
  <inputMapElem t='200' id='2' V200='7' input='true' shown='5' structElemExists='true' V283='1' occurMinTimes='1' occurMaxTimes='1' minSize='-1' maxSize='-1' inheritsFromCopyRule='20' groupType='1' repHandlerStruct='' visible='true' inheritsFrom='Structures/ContractsService/17Dec2015/ContractsService/Types/hsegcccdo/GetContractsRequestType.xml' namespaceIndex='1' V281='13' V1='4' name='GetContractsRequest'>
    <mapNode t='190' idref='1'/>
    <child t='200' id='3' V200='7' input='true' shown='5' structElemExists='true' V283='1' occurMaxTimes='-1' minSize='-1' maxSize='-1' dataType='2' repHandlerStruct='' visible='true' inheritsFrom='' namespaceIndex='2' V281='13' V1='4' name='ContractID'>
      <mapNode t='190' idref='1'/>
    </child>
    <child t='200' id='4' V200='7' input='true' shown='5' structElemExists='true' V283='1' occurMaxTimes='1' minSize='-1' maxSize='-1' dataType='2' repHandlerStruct='' visible='true' inheritsFrom='' namespaceIndex='2' V281='13' V1='4' name='CustomerAccountNumber'>
      <mapNode t='190' idref='1'/>
    </child>
    <child t='200' id='5' V200='7' input='true' shown='5' structElemExists='true' V283='1' occurMaxTimes='1' minSize='-1' maxSize='-1' inheritsFromCopyRule='20' groupType='1' repHandlerStruct='' visible='true' inheritsFrom='Structures/ContractsService/17Dec2015/ContractsService/Types/hsgc/CustomerNameType.xml' namespaceIndex='2' V281='13' V1='4' name='CustomerName'>
      <mapNode t='190' idref='1'/>
      <child t='200' id='6' V200='7' input='true' shown='5' structElemExists='true' V283='1' occurMaxTimes='1' minSize='-1' maxSize='-1' dataType='2' repHandlerStruct='' visible='true' inheritsFrom='' namespaceIndex='3' V281='13' V1='4' name='Title'>
        <mapNode t='190' idref='1'/>
      </child>
      <child t='200' id='7' V200='7' input='true' shown='5' structElemExists='true' V283='1' occurMaxTimes='1' minSize='-1' maxSize='-1' dataType='2' repHandlerStruct='' visible='true' inheritsFrom='' namespaceIndex='3' V281='13' V1='4' name='FirstName'>
        <mapNode t='190' idref='1'/>
      </child>
      <child t='200' id='8' V200='7' input='true' shown='5' structElemExists='true' V283='1' occurMaxTimes='1' minSize='-1' maxSize='-1' dataType='2' repHandlerStruct='' visible='true' inheritsFrom='' namespaceIndex='3' V281='13' V1='4' name='MiddleName'>
        <mapNode t='190' idref='1'/>
      </child>
      <child t='200' id='9' V200='7' input='true' shown='5' structElemExists='true' V283='1' occurMaxTimes='1' minSize='-1' maxSize='-1' dataType='2' repHandlerStruct='' visible='true' inheritsFrom='' namespaceIndex='3' V281='13' V1='4' name='LastName'>
        <mapNode t='190' idref='1'/>
      </child>
      <child t='200' id='10' V200='7' input='true' shown='5' structElemExists='true' V283='1' occurMaxTimes='1' minSize='-1' maxSize='-1' dataType='2' repHandlerStruct='' visible='true' inheritsFrom='' namespaceIndex='3' V281='13' V1='4' name='Suffix'>
        <mapNode t='190' idref='1'/>
      </child>
    </child>
    <child t='200' id='11' V200='7' input='true' shown='5' structElemExists='true' V283='1' occurMaxTimes='1' minSize='-1' maxSize='-1' inheritsFromCopyRule='20' groupType='1' repHandlerStruct='' visible='true' inheritsFrom='Structures/ContractsService/17Dec2015/ContractsService/Types/hsgcd/ContactDetailsType.xml' namespaceIndex='2' V281='13' V1='4' name='ContactDetails'>
      <mapNode t='190' idref='1'/>
      <child t='200' id='12' V200='7' input='true' shown='5' structElemExists='true' V283='1' occurMaxTimes='-1' minSize='-1' maxSize='-1' inheritsFromCopyRule='20' groupType='1' repHandlerStruct='' visible='true' inheritsFrom='Structures/ContractsService/17Dec2015/ContractsService/Types/hsgcd/ContactDetailsEmailType.xml' namespaceIndex='4' V281='13' V1='4' name='Email'>
        <mapNode t='190' idref='1'/>
        <child t='200' id='13' V200='7' input='true' shown='5' structElemExists='true' V283='1' occurMinTimes='1' occurMaxTimes='1' minSize='-1' maxSize='-1' dataType='2' repHandlerStruct='' visible='true' inheritsFrom='' namespaceIndex='4' V281='13' V1='4' name='EmailAddress'>
          <mapNode t='190' idref='1'/>
        </child>
        <child t='200' id='14' V200='7' input='true' shown='5' structElemExists='true' valueSetIndex='3' V283='1' occurMinTimes='1' occurMaxTimes='1' minSize='-1' maxSize='-1' inheritsFromCopyRule='20' dataType='2' repHandlerStruct='' visible='true' inheritsFrom='Structures/ContractsService/17Dec2015/ContractsService/Types/hsgcd/EmailTypeEnum.xml' namespaceIndex='4' V281='13' V1='4' name='Type'>
          <mapNode t='190' idref='1'/>
        </child>
      </child>
      <child t='200' id='15' V200='7' input='true' shown='5' structElemExists='true' V283='1' occurMaxTimes='-1' minSize='-1' maxSize='-1' inheritsFromCopyRule='20' groupType='1' repHandlerStruct='' visible='true' inheritsFrom='Structures/ContractsService/17Dec2015/ContractsService/Types/hsgcd/ContactDetailsPhoneType.xml' namespaceIndex='4' V281='13' V1='4' name='Phone'>
        <mapNode t='190' idref='1'/>
        <child t='200' id='16' V200='7' input='true' shown='5' structElemExists='true' V283='1' occurMinTimes='1' occurMaxTimes='1' minSize='-1' maxSize='-1' dataType='2' repHandlerStruct='' visible='true' inheritsFrom='' namespaceIndex='4' V281='13' V1='4' name='Number'>
          <mapNode t='190' idref='1'/>
        </child>
        <child t='200' id='17' V200='7' input='true' shown='5' structElemExists='true' valueSetIndex='4' V283='1' occurMinTimes='1' occurMaxTimes='1' minSize='-1' maxSize='-1' inheritsFromCopyRule='20' dataType='2' repHandlerStruct='' visible='true' inheritsFrom='Structures/ContractsService/17Dec2015/ContractsService/Types/hsgcd/PhoneTypeEnum.xml' namespaceIndex='4' V281='13' V1='4' name='Type'>
          <mapNode t='190' idref='1'/>
        </child>
      </child>
    </child>
    <child t='200' id='18' V200='7' input='true' shown='5' structElemExists='true' V283='1' occurMaxTimes='1' minSize='-1' maxSize='-1' inheritsFromCopyRule='20' groupType='1' repHandlerStruct='' visible='true' inheritsFrom='Structures/ContractsService/17Dec2015/ContractsService/Types/hsega/AddressType.xml' namespaceIndex='2' V281='13' V1='4' name='Address' checksumValid='true' checksum='g45Sg3PPd4FD+/Bn5qi14NHSCU8='>
      <mapNode t='190' idref='1'/>
      <child t='200' id='19' V200='7' input='true' shown='5' structElemExists='true' valueSetIndex='1' V283='1' occurMinTimes='1' occurMaxTimes='1' minSize='-1' maxSize='-1' inheritsFromCopyRule='20' dataType='2' repHandlerStruct='' visible='true' inheritsFrom='Structures/ContractsService/17Dec2015/ContractsService/Types/hsega/AddressTypeEnum.xml' namespaceIndex='5' V281='13' V1='4' name='AddressType'>
        <mapNode t='190' idref='1'/>
      </child>
      <child t='200' id='20' V200='7' input='true' shown='5' structElemExists='true' V283='1' occurMaxTimes='1' minSize='-1' maxSize='-1' dataType='2' repHandlerStruct='' visible='true' inheritsFrom='' namespaceIndex='5' V281='13' V1='4' name='FlatNumber'>
        <mapNode t='190' idref='1'/>
      </child>
      <child t='200' id='21' V200='7' input='true' shown='5' structElemExists='true' V283='1' occurMaxTimes='1' minSize='-1' maxSize='-1' dataType='2' repHandlerStruct='' visible='true' inheritsFrom='' namespaceIndex='5' V281='13' V1='4' name='BuildingName'>
        <mapNode t='190' idref='1'/>
      </child>
      <child t='200' id='22' V200='7' input='true' shown='5' structElemExists='true' V283='1' occurMaxTimes='1' minSize='-1' maxSize='-1' dataType='2' repHandlerStruct='' visible='true' inheritsFrom='' namespaceIndex='5' V281='13' V1='4' name='BuildingNumber'>
        <mapNode t='190' idref='1'/>
      </child>
      <child t='200' id='23' V200='7' input='true' shown='5' structElemExists='true' V283='1' occurMaxTimes='1' minSize='-1' maxSize='-1' dataType='2' repHandlerStruct='' visible='true' inheritsFrom='' namespaceIndex='5' V281='13' V1='4' name='SubStreet'>
        <mapNode t='190' idref='1'/>
      </child>
      <child t='200' id='24' V200='7' input='true' shown='5' structElemExists='true' V283='1' occurMaxTimes='1' minSize='-1' maxSize='-1' dataType='2' repHandlerStruct='' visible='true' inheritsFrom='' namespaceIndex='5' V281='13' V1='4' name='Street'>
        <mapNode t='190' idref='1'/>
      </child>
      <child t='200' id='25' V200='7' input='true' shown='5' structElemExists='true' V283='1' occurMaxTimes='1' minSize='-1' maxSize='-1' dataType='2' repHandlerStruct='' visible='true' inheritsFrom='' namespaceIndex='5' V281='13' V1='4' name='City'>
        <mapNode t='190' idref='1'/>
      </child>
      <child t='200' id='26' V200='7' input='true' shown='5' structElemExists='true' V283='1' occurMaxTimes='1' minSize='-1' maxSize='-1' dataType='2' repHandlerStruct='' visible='true' inheritsFrom='' namespaceIndex='5' V281='13' V1='4' name='County'>
        <mapNode t='190' idref='1'/>
      </child>
      <child t='200' id='27' V200='7' input='true' shown='5' structElemExists='true' valueSetIndex='2' V283='1' occurMaxTimes='1' minSize='-1' maxSize='-1' inheritsFromCopyRule='20' dataType='2' repHandlerStruct='' visible='true' inheritsFrom='Structures/ContractsService/17Dec2015/ContractsService/Types/hsgcm/CountryCodeEnum.xml' namespaceIndex='5' V281='13' V1='4' name='Country'>
        <mapNode t='190' idref='1'/>
      </child>
      <child t='200' id='28' V200='7' input='true' shown='5' structElemExists='true' V283='1' occurMaxTimes='1' minSize='-1' maxSize='-1' dataType='2' repHandlerStruct='' visible='true' inheritsFrom='' namespaceIndex='5' V281='13' V1='4' name='POBox'>
        <mapNode t='190' idref='1'/>
      </child>
      <child t='200' id='29' V200='7' input='true' shown='5' structElemExists='true' V283='1' occurMinTimes='1' occurMaxTimes='1' minSize='-1' maxSize='-1' dataType='2' repHandlerStruct='' visible='true' inheritsFrom='' namespaceIndex='5' V281='13' V1='4' name='Postcode'>
        <mapNode t='190' idref='1'/>
      </child>
      <child t='200' id='30' V200='7' input='true' shown='5' structElemExists='true' V283='1' occurMaxTimes='1' minSize='-1' maxSize='-1' dataType='2' repHandlerStruct='' visible='true' inheritsFrom='' namespaceIndex='5' V281='13' V1='4' name='DPS'>
        <mapNode t='190' idref='1'/>
      </child>
      <child t='200' id='31' V200='7' input='true' shown='5' structElemExists='true' V283='1' occurMaxTimes='1' minSize='-1' maxSize='-1' dataType='2' repHandlerStruct='' visible='true' inheritsFrom='' namespaceIndex='5' V281='13' V1='4' name='ExtAddressKey'>
        <mapNode t='190' idref='1'/>
      </child>
    </child>
  </inputMapElem>
  <outputMapElem t='200' id='32' V200='7' shown='5' structElemExists='true' V283='1' occurMinTimes='1' occurMaxTimes='1' minSize='-1' maxSize='-1' inheritsFromCopyRule='20' groupType='1' repHandlerStruct='' visible='true' inheritsFrom='Structures/eServeGetContracts/17Dec2015/eServeGetContracts/Types/tns/GetContractDetailsRequestType.xml' namespaceIndex='1' V281='13' modifiedFromParent_loop='true' V1='4' name='GetContractDetailsRequest'>
    <mapNode t='190' idref='1'/>
    <loop>SimpleLoop([autoAdded="true"],in$/hscds:GetContractsRequest,{Filter},{Sort Keys},{Contexts})</loop>
    <child t='200' id='33' V200='7' shown='5' structElemExists='true' V283='1' occurMaxTimes='-1' minSize='-1' maxSize='-1' groupType='1' repHandlerStruct='' visible='true' inheritsFrom='' V281='13' modifiedFromParent_loop='true' V1='4' name='Contracts'>
      <mapNode t='190' idref='1'/>
      <loop>SimpleLoop(in$/hscds:GetContractsRequest/hsegcccdo:ContractID,{Filter},{Sort Keys},{Contexts})</loop>
      <child t='200' id='34' V200='7' shown='5' structElemExists='true' V283='1' occurMinTimes='1' occurMaxTimes='1' minSize='-1' maxSize='-1' dataType='2' repHandlerStruct='' visible='true' inheritsFrom='' V281='13' modifiedFromParent_value='true' V1='4' name='ContractID'>
        <mapNode t='190' idref='1'/>
        <value>in$/hscds:GetContractsRequest/hsegcccdo:ContractID</value>
      </child>
    </child>
    <child t='200' id='35' V200='7' shown='5' unrolled='true' structElemExists='true' V283='1' occurMaxTimes='-1' minSize='-1' maxSize='-1' groupType='1' repHandlerStruct='' visible='true' inheritsFrom='' V281='13' modifiedFromParent_emit='true' V1='4' name='Address' checksumValid='true' checksum='oXJ8JP0KIL0jEgowkk/BrgMtTAQ='>
      <mapNode t='190' idref='1'/>
      <emit>IsPresent(in$/hscds:GetContractsRequest/hsegcccdo:Address)</emit>
      <child t='200' id='36' V200='7' shown='5' structElemExists='true' V283='1' occurMaxTimes='1' minSize='-1' maxSize='-1' dataType='2' repHandlerStruct='' visible='true' inheritsFrom='' V281='13' modifiedFromParent_value='true' V1='4' name='FlatNumber'>
        <mapNode t='190' idref='1'/>
        <value>in$/hscds:GetContractsRequest/hsegcccdo:Address/hsega:FlatNumber</value>
      </child>
      <child t='200' id='37' V200='7' shown='5' structElemExists='true' V283='1' occurMaxTimes='1' minSize='-1' maxSize='-1' dataType='2' repHandlerStruct='' visible='true' inheritsFrom='' V281='13' modifiedFromParent_value='true' V1='4' name='BuildingName'>
        <mapNode t='190' idref='1'/>
        <value>in$/hscds:GetContractsRequest/hsegcccdo:Address/hsega:BuildingName</value>
      </child>
      <child t='200' id='38' V200='7' shown='5' structElemExists='true' V283='1' occurMaxTimes='1' minSize='-1' maxSize='-1' dataType='2' repHandlerStruct='' visible='true' inheritsFrom='' V281='13' modifiedFromParent_value='true' V1='4' name='BuildingNumber'>
        <mapNode t='190' idref='1'/>
        <value>in$/hscds:GetContractsRequest/hsegcccdo:Address/hsega:BuildingNumber</value>
      </child>
      <child t='200' id='39' V200='7' shown='5' structElemExists='true' V283='1' occurMaxTimes='1' minSize='-1' maxSize='-1' dataType='2' repHandlerStruct='' visible='true' inheritsFrom='' V281='13' modifiedFromParent_value='true' V1='4' name='Street'>
        <mapNode t='190' idref='1'/>
        <value>in$/hscds:GetContractsRequest/hsegcccdo:Address/hsega:Street</value>
      </child>
      <child t='200' id='40' V200='7' shown='5' structElemExists='true' V283='1' occurMaxTimes='1' minSize='-1' maxSize='-1' dataType='2' repHandlerStruct='' visible='true' inheritsFrom='' V281='13' modifiedFromParent_value='true' V1='4' name='SubStreet'>
        <mapNode t='190' idref='1'/>
        <value>in$/hscds:GetContractsRequest/hsegcccdo:Address/hsega:SubStreet</value>
      </child>
      <child t='200' id='41' V200='7' shown='5' structElemExists='true' V283='1' occurMaxTimes='1' minSize='-1' maxSize='-1' dataType='2' repHandlerStruct='' visible='true' inheritsFrom='' V281='13' modifiedFromParent_value='true' V1='4' name='County'>
        <mapNode t='190' idref='1'/>
        <value>in$/hscds:GetContractsRequest/hsegcccdo:Address/hsega:County</value>
      </child>
      <child t='200' id='42' V200='7' shown='5' structElemExists='true' V283='1' occurMaxTimes='1' minSize='-1' maxSize='-1' dataType='2' repHandlerStruct='' visible='true' inheritsFrom='' V281='13' modifiedFromParent_value='true' V1='4' name='POBox'>
        <mapNode t='190' idref='1'/>
        <value>in$/hscds:GetContractsRequest/hsegcccdo:Address/hsega:POBox</value>
      </child>
      <child t='200' id='43' V200='7' shown='5' structElemExists='true' V283='1' occurMinTimes='1' occurMaxTimes='1' minSize='-1' maxSize='-1' dataType='2' repHandlerStruct='' visible='true' inheritsFrom='' V281='13' modifiedFromParent_value='true' V1='4' name='ZipCode'>
        <mapNode t='190' idref='1'/>
        <value>in$/hscds:GetContractsRequest/hsegcccdo:Address/hsega:Postcode</value>
      </child>
    </child>
    <child t='200' id='44' V200='7' shown='5' structElemExists='true' V283='1' occurMaxTimes='-1' minSize='-1' maxSize='-1' groupType='1' repHandlerStruct='' visible='true' inheritsFrom='' V281='13' V1='4' name='Address' checksumValid='true' checksum='03Ca05LcKwjk7wXV8WOmaBeVw/s='>
      <mapNode t='190' idref='1'/>
      <child t='200' id='45' V200='7' shown='5' structElemExists='true' V283='1' occurMaxTimes='1' minSize='-1' maxSize='-1' dataType='2' repHandlerStruct='' visible='true' inheritsFrom='' V281='13' modifiedFromParent_value='true' V1='4' name='FlatNumber'>
        <mapNode t='190' idref='1'/>
      </child>
      <child t='200' id='46' V200='7' shown='5' structElemExists='true' V283='1' occurMaxTimes='1' minSize='-1' maxSize='-1' dataType='2' repHandlerStruct='' visible='true' inheritsFrom='' V281='13' modifiedFromParent_value='true' V1='4' name='BuildingName'>
        <mapNode t='190' idref='1'/>
      </child>
      <child t='200' id='47' V200='7' shown='5' structElemExists='true' V283='1' occurMaxTimes='1' minSize='-1' maxSize='-1' dataType='2' repHandlerStruct='' visible='true' inheritsFrom='' V281='13' modifiedFromParent_value='true' V1='4' name='BuildingNumber'>
        <mapNode t='190' idref='1'/>
      </child>
      <child t='200' id='48' V200='7' shown='5' structElemExists='true' V283='1' occurMaxTimes='1' minSize='-1' maxSize='-1' dataType='2' repHandlerStruct='' visible='true' inheritsFrom='' V281='13' modifiedFromParent_value='true' V1='4' name='Street'>
        <mapNode t='190' idref='1'/>
      </child>
      <child t='200' id='49' V200='7' shown='5' structElemExists='true' V283='1' occurMaxTimes='1' minSize='-1' maxSize='-1' dataType='2' repHandlerStruct='' visible='true' inheritsFrom='' V281='13' modifiedFromParent_value='true' V1='4' name='SubStreet'>
        <mapNode t='190' idref='1'/>
      </child>
      <child t='200' id='50' V200='7' shown='5' structElemExists='true' V283='1' occurMaxTimes='1' minSize='-1' maxSize='-1' dataType='2' repHandlerStruct='' visible='true' inheritsFrom='' V281='13' modifiedFromParent_value='true' V1='4' name='County'>
        <mapNode t='190' idref='1'/>
      </child>
      <child t='200' id='51' V200='7' shown='5' structElemExists='true' V283='1' occurMaxTimes='1' minSize='-1' maxSize='-1' dataType='2' repHandlerStruct='' visible='true' inheritsFrom='' V281='13' modifiedFromParent_value='true' V1='4' name='POBox'>
        <mapNode t='190' idref='1'/>
      </child>
      <child t='200' id='52' V200='7' shown='5' structElemExists='true' V283='1' occurMinTimes='1' occurMaxTimes='1' minSize='-1' maxSize='-1' dataType='2' repHandlerStruct='' visible='true' inheritsFrom='' V281='13' modifiedFromParent_value='true' V1='4' name='ZipCode'>
        <mapNode t='190' idref='1'/>
      </child>
    </child>
    <child t='200' id='53' V200='7' shown='5' structElemExists='true' V283='1' occurMaxTimes='1' minSize='-1' maxSize='-1' groupType='1' repHandlerStruct='' visible='true' inheritsFrom='' V281='13' modifiedFromParent_emit='true' V1='4' name='ContactDetails'>
      <mapNode t='190' idref='1'/>
      <emit>IsPresent(in$/hscds:GetContractsRequest/hsegcccdo:CustomerName)</emit>
      <child t='200' id='54' V200='7' shown='5' structElemExists='true' V283='1' occurMaxTimes='1' minSize='-1' maxSize='-1' dataType='2' repHandlerStruct='' visible='true' inheritsFrom='' V281='13' modifiedFromParent_value='true' V1='4' name='CustomerAccountNumber'>
        <mapNode t='190' idref='1'/>
        <value>in$/hscds:GetContractsRequest/hsegcccdo:CustomerAccountNumber</value>
      </child>
      <child t='200' id='55' V200='7' shown='5' structElemExists='true' V283='1' occurMaxTimes='1' minSize='-1' maxSize='-1' dataType='2' repHandlerStruct='' visible='true' inheritsFrom='' V281='13' modifiedFromParent_value='true' V1='4' name='FirstName'>
        <mapNode t='190' idref='1'/>
        <value>in$/hscds:GetContractsRequest/hsegcccdo:CustomerName/hsgc:FirstName</value>
      </child>
      <child t='200' id='56' V200='7' shown='5' structElemExists='true' V283='1' occurMaxTimes='1' minSize='-1' maxSize='-1' dataType='2' repHandlerStruct='' visible='true' inheritsFrom='' V281='13' modifiedFromParent_value='true' V1='4' name='Title'>
        <mapNode t='190' idref='1'/>
        <value>in$/hscds:GetContractsRequest/hsegcccdo:CustomerName/hsgc:Title</value>
      </child>
      <child t='200' id='57' V200='7' shown='5' structElemExists='true' V283='1' occurMaxTimes='1' minSize='-1' maxSize='-1' dataType='2' repHandlerStruct='' visible='true' inheritsFrom='' V281='13' modifiedFromParent_value='true' V1='4' name='LastName'>
        <mapNode t='190' idref='1'/>
        <value>in$/hscds:GetContractsRequest/hsegcccdo:CustomerName/hsgc:LastName</value>
      </child>
      <child t='200' id='58' V200='7' shown='5' structElemExists='true' V283='1' occurMaxTimes='1' minSize='-1' maxSize='-1' dataType='2' repHandlerStruct='' visible='true' inheritsFrom='' V281='13' modifiedFromParent_value='true' V1='4' name='MiddleName'>
        <mapNode t='190' idref='1'/>
        <value>in$/hscds:GetContractsRequest/hsegcccdo:CustomerName/hsgc:MiddleName</value>
      </child>
    </child>
    <child t='200' id='59' V200='7' shown='5' structElemExists='true' V283='1' occurMaxTimes='1' minSize='-1' maxSize='-1' groupType='1' repHandlerStruct='' visible='true' inheritsFrom='' V281='13' V1='4' name='EmailDetails'>
      <mapNode t='190' idref='1'/>
      <child t='200' id='60' V200='7' shown='5' structElemExists='true' V283='1' occurMinTimes='1' occurMaxTimes='1' minSize='-1' maxSize='-1' dataType='2' repHandlerStruct='' visible='true' inheritsFrom='' V281='13' modifiedFromParent_value='true' V1='4' name='EmailAddress'>
        <mapNode t='190' idref='1'/>
        <value>AgConcat(in$/hscds:GetContractsRequest/hsegcccdo:ContactDetails/hsgcd:Email/hsgcd:EmailAddress(SimpleLoop(in$/hscds:GetContractsRequest/hsegcccdo:ContactDetails/hsgcd:Email,{Filter},{Sort Keys},{Contexts})))</value>
      </child>
      <child t='200' id='61' V200='7' shown='5' structElemExists='true' V283='1' occurMaxTimes='1' minSize='-1' maxSize='-1' dataType='2' repHandlerStruct='' visible='true' inheritsFrom='' V281='13' modifiedFromParent_value='true' V1='4' name='Email'>
        <mapNode t='190' idref='1'/>
        <value>AgConcat(in$/hscds:GetContractsRequest/hsegcccdo:ContactDetails/hsgcd:Email/hsgcd:Type(SimpleLoop(in$/hscds:GetContractsRequest/hsegcccdo:ContactDetails/hsgcd:Email,{Filter},{Sort Keys},{Contexts})))</value>
      </child>
    </child>
    <child t='200' id='62' V200='7' shown='5' structElemExists='true' V283='1' occurMaxTimes='1' minSize='-1' maxSize='-1' groupType='1' repHandlerStruct='' visible='true' inheritsFrom='' V281='13' modifiedFromParent_validate='true' V1='4' name='Phone'>
      <mapNode t='190' idref='1'/>
      <validate>AgConcat(in$/hscds:GetContractsRequest/hsegcccdo:ContactDetails/hsgcd:Phone/hsgcd:Number(SimpleLoop(in$/hscds:GetContractsRequest/hsegcccdo:ContactDetails/hsgcd:Phone,{Filter},{Sort Keys},{Contexts})))</validate>
      <child t='200' id='63' V200='7' shown='5' structElemExists='true' V283='1' occurMinTimes='1' occurMaxTimes='1' minSize='-1' maxSize='-1' dataType='2' repHandlerStruct='' visible='true' inheritsFrom='' V281='13' modifiedFromParent_value='true' V1='4' name='PhoneNumber'>
        <mapNode t='190' idref='1'/>
        <value>AgConcat(in$/hscds:GetContractsRequest/hsegcccdo:ContactDetails/hsgcd:Phone/hsgcd:Number(SimpleLoop(in$/hscds:GetContractsRequest/hsegcccdo:ContactDetails/hsgcd:Phone,{Filter},{Sort Keys},{Contexts})))</value>
      </child>
      <child t='200' id='64' V200='7' shown='5' structElemExists='true' V283='1' occurMinTimes='1' occurMaxTimes='1' minSize='-1' maxSize='-1' dataType='2' repHandlerStruct='' visible='true' inheritsFrom='' V281='13' modifiedFromParent_value='true' V1='4' name='PhoneTypeCode'>
        <mapNode t='190' idref='1'/>
        <value>AgConcat(in$/hscds:GetContractsRequest/hsegcccdo:ContactDetails/hsgcd:Phone/hsgcd:Type(SimpleLoop(in$/hscds:GetContractsRequest/hsegcccdo:ContactDetails/hsgcd:Phone,{Filter},{Sort Keys},{Contexts})))</value>
      </child>
    </child>
  </outputMapElem>
  <inputNsList t='161' id='65' V161='1' namespaceUri='___osdtDummy___' V1='4'>
  </inputNsList>
  <inputNsList t='161' id='66' V161='1' namespaceUri='http://www.homeserve.com/Europe/GB/Customer/Contract/ContractService/v1' namespacePrefix='hscds' V1='4'>
  </inputNsList>
  <inputNsList t='161' id='67' V161='1' namespaceUri='http://www.homeserve.com/Europe/GB/Customer/Contract/ContractServiceOperations/v1' namespacePrefix='hsegcccdo' V1='4'>
  </inputNsList>
  <inputNsList t='161' id='68' V161='1' namespaceUri='http://www.homeserve.com/Global/Customer/v1' namespacePrefix='hsgc' V1='4'>
  </inputNsList>
  <inputNsList t='161' id='69' V161='1' namespaceUri='http://www.homeserve.com/Global/Customer/ContactDetails/v1' namespacePrefix='hsgcd' V1='4'>
  </inputNsList>
  <inputNsList t='161' id='70' V161='1' namespaceUri='http://www.homeserve.com/Europe/GB/Address/v1' namespacePrefix='hsega' V1='4'>
  </inputNsList>
  <outputNsList t='161' id='71' V161='1' namespaceUri='___osdtDummy___' V1='4'>
  </outputNsList>
  <outputNsList t='161' id='72' V161='1' namespaceUri='urn:PegaRULES:SOAP:GrpSSServiceContractDetailsRead:Services' namespacePrefix='tns' V1='4'>
  </outputNsList>
  <inputRepRuntime t='692' id='73' V692='1' V690='1'>
    <namespaceContainers t='220' ref='Namespace Containers/ContractsService_17Dec2015_ContractsService.xml'/>
  </inputRepRuntime>
  <outputRepRuntime t='692' id='74' V692='1' V690='1'>
    <namespaceContainers t='220' ref='Namespace Containers/eServeGetContracts_17Dec2015_eServeGetContracts.xml'/>
  </outputRepRuntime>
  <valueSets></valueSets>
  <valueSets>Billing|Service|Correspondence</valueSets>
  <valueSets>GB</valueSets>
  <valueSets>Home|Work|Other</valueSets>
  <valueSets>Home|Work|Mobile|Other</valueSets>
  <valueSetKeys>Structures/ContractsService/17Dec2015/ContractsService/Types/hsgcd/PhoneTypeEnum.xml</valueSetKeys>
  <valueSetKeys>4</valueSetKeys>
  <inputXmlRepRuntime t='692' idref='73'/>
  <outputXmlRepRuntime t='692' idref='74'/>
  <child t='165' id='75' V1='4' name='Document Bindings'>
    <child t='166' id='76' V166='5' docType='1' V1='4' name='in$/hscds:GetContractsRequest'>
      <elemNode t='200' idref='2'/>
    </child>
    <child t='166' id='77' V166='5' docType='2' V1='4' name='out$/tns:GetContractDetailsRequest'>
      <elemNode t='200' idref='32'/>
    </child>
  </child>
  <child t='201' id='78' V1='4' name='Inherits From'>
  </child>
</root>
