<?xml version="1.0" encoding="UTF-8"?>
<root t='190' id='1' V190='11' inStruct='Structures/eServeGetContracts/17Dec2015/eServeGetContracts/Elements/nslt2/ServiceAvailabilityResponse.xml' outStruct='Structures/ContractsService/17Dec2015/ContractsService/Elements/hscds/ServiceAvailabilityResponse.xml' inputRep='172' outputRep='172' nextMap='' inputStructUserName='ServiceAvailabilityResponse' outputStructUserName='ServiceAvailabilityResponse' V1='4' name='ServiceAvailabilityResponse' incarnation='139'>
  <inputMapElem t='200' id='2' V200='7' input='true' shown='5' structElemExists='true' V283='1' occurMinTimes='1' occurMaxTimes='1' minSize='-1' maxSize='-1' inheritsFromCopyRule='20' groupType='1' repHandlerStruct='' visible='true' inheritsFrom='Structures/eServeGetContracts/17Dec2015/eServeGetContracts/Types/nslt2/ServiceAvailabilityResponseType.xml' namespaceIndex='1' V281='13' V1='4' name='ServiceAvailabilityResponse'>
    <mapNode t='190' idref='1'/>
    <child t='200' id='3' V200='7' input='true' shown='5' structElemExists='true' V283='1' occurMinTimes='1' occurMaxTimes='1' minSize='-1' maxSize='-1' groupType='1' repHandlerStruct='' visible='true' inheritsFrom='' V281='13' V1='4' name='OutCome'>
      <mapNode t='190' idref='1'/>
      <child t='200' id='4' V200='7' input='true' shown='5' structElemExists='true' V283='1' occurMinTimes='1' occurMaxTimes='1' minSize='-1' maxSize='-1' dataType='2' repHandlerStruct='' visible='true' inheritsFrom='' V281='13' V1='4' name='Status'>
        <mapNode t='190' idref='1'/>
      </child>
      <child t='200' id='5' V200='7' input='true' shown='5' structElemExists='true' V283='1' occurMinTimes='1' occurMaxTimes='1' minSize='-1' maxSize='-1' dataType='2' repHandlerStruct='' visible='true' inheritsFrom='' V281='13' V1='4' name='ResultCode'>
        <mapNode t='190' idref='1'/>
      </child>
      <child t='200' id='6' V200='7' input='true' shown='5' structElemExists='true' V283='1' occurMinTimes='1' occurMaxTimes='1' minSize='-1' maxSize='-1' dataType='2' repHandlerStruct='' visible='true' inheritsFrom='' V281='13' V1='4' name='ResultDescription'>
        <mapNode t='190' idref='1'/>
      </child>
    </child>
  </inputMapElem>
  <outputMapElem t='200' id='7' V200='7' shown='5' structElemExists='true' V283='1' occurMinTimes='1' occurMaxTimes='1' minSize='-1' maxSize='-1' inheritsFromCopyRule='20' groupType='1' repHandlerStruct='' visible='true' inheritsFrom='Structures/ContractsService/17Dec2015/ContractsService/Types/hsgco/ServiceAvailabilityResponseType.xml' namespaceIndex='1' V281='13' modifiedFromParent_loop='true' V1='4' name='ServiceAvailabilityResponse'>
    <mapNode t='190' idref='1'/>
    <loop>SimpleLoop([autoAdded="true"],in$/nslt2:ServiceAvailabilityResponse,{Filter},{Sort Keys},{Contexts})</loop>
    <child t='200' id='8' V200='7' shown='5' structElemExists='true' V283='1' occurMinTimes='1' occurMaxTimes='1' minSize='-1' maxSize='-1' inheritsFromCopyRule='20' groupType='1' repHandlerStruct='' visible='true' inheritsFrom='Structures/ContractsService/17Dec2015/ContractsService/Types/hsgco/OutcomeType.xml' namespaceIndex='2' V281='13' V1='4' name='Outcome'>
      <mapNode t='190' idref='1'/>
      <child t='200' id='9' V200='7' shown='5' structElemExists='true' V283='1' occurMinTimes='1' occurMaxTimes='1' minSize='-1' maxSize='-1' dataType='12' repHandlerStruct='' visible='true' inheritsFrom='' namespaceIndex='2' V281='13' modifiedFromParent_value='true' V1='4' name='ResultCode'>
        <mapNode t='190' idref='1'/>
        <value>in$/nslt2:ServiceAvailabilityResponse/OutCome/ResultCode</value>
      </child>
      <child t='200' id='10' V200='7' shown='5' structElemExists='true' V283='1' occurMinTimes='1' occurMaxTimes='1' minSize='-1' maxSize='-1' dataType='2' repHandlerStruct='' visible='true' inheritsFrom='' namespaceIndex='2' V281='13' modifiedFromParent_value='true' V1='4' name='ResultDescription'>
        <mapNode t='190' idref='1'/>
        <value>in$/nslt2:ServiceAvailabilityResponse/OutCome/ResultDescription</value>
      </child>
    </child>
  </outputMapElem>
  <inputNsList t='161' id='11' V161='1' namespaceUri='___osdtDummy___' V1='4'>
  </inputNsList>
  <inputNsList t='161' id='12' V161='1' namespaceUri='urn:PegaRULES:SOAP:ContractDetails:Services' namespacePrefix='nslt2' V1='4'>
  </inputNsList>
  <outputNsList t='161' id='13' V161='1' namespaceUri='___osdtDummy___' V1='4'>
  </outputNsList>
  <outputNsList t='161' id='14' V161='1' namespaceUri='http://www.homeserve.com/Europe/GB/Customer/Contract/ContractService/v1' namespacePrefix='hscds' V1='4'>
  </outputNsList>
  <outputNsList t='161' id='15' V161='1' namespaceUri='http://www.homeserve.com/Global/Common/CommonService/v1' namespacePrefix='hsgco' V1='4'>
  </outputNsList>
  <inputRepRuntime t='692' id='16' V692='1' V690='1'>
    <namespaceContainers t='220' ref='Namespace Containers/eServeGetContracts_17Dec2015_eServeGetContracts.xml'/>
  </inputRepRuntime>
  <outputRepRuntime t='692' id='17' V692='1' V690='1'>
    <namespaceContainers t='220' ref='Namespace Containers/ContractsService_17Dec2015_ContractsService.xml'/>
  </outputRepRuntime>
  <valueSets></valueSets>
  <inputXmlRepRuntime t='692' idref='16'/>
  <outputXmlRepRuntime t='692' idref='17'/>
  <child t='165' id='18' V1='4' name='Document Bindings'>
    <child t='166' id='19' V166='5' docType='1' V1='4' name='in$/nslt2:ServiceAvailabilityResponse'>
      <elemNode t='200' idref='2'/>
    </child>
    <child t='166' id='20' V166='5' docType='2' V1='4' name='out$/hscds:ServiceAvailabilityResponse'>
      <elemNode t='200' idref='7'/>
    </child>
  </child>
  <child t='201' id='21' V1='4' name='Inherits From'>
  </child>
</root>
