<?xml version="1.0" encoding="UTF-8"?>
<root t='150' id='1' V150='13' creationTimestamp='0x157cda0c536' V1='4' name='GetCustomerAccountDetailsResponseType' incarnation='11'>
  <rootElem t='167' id='2' V167='21' V283='1' occurMaxTimes='1' minSize='-1' maxSize='-1' groupType='1' repHandlerStruct='' inheritsFrom='' namespaceIndex='1' V281='13' V1='4' name='GetCustomerAccountDetailsResponseType'>
    <structNode t='150' idref='1'/>
    <child t='167' id='3' V167='21' inheritsFromIncarnation='9' inheritsFromTimestamp='0x157cda0c536' inheritsInThisStruct='true' V283='1' occurMinTimes='1' occurMaxTimes='1' minSize='-1' maxSize='-1' inheritsFromCopyRule='20' groupType='1' repHandlerStruct='' visible='true' inheritsFrom='Structures/WebIntegration_v2/AccountManagementService/AccountManagementService_ESB_94/Types/hsgcc/OutcomeType.xml' namespaceIndex='1' V281='13' V1='4' name='Outcome'>
      <structNode t='150' idref='1'/>
      <savedDerivedCopy t='167' id='4' V167='21' needInheritInit='true' inheritsInThisStruct='true' V283='1' occurMinTimes='1' occurMaxTimes='1' minSize='-1' maxSize='-1' inheritsFromCopyRule='20' groupType='1' repHandlerStruct='' visible='true' inheritsFrom='Structures/WebIntegration_v2/AccountManagementService/AccountManagementService_ESB_94/Types/hsgcc/OutcomeType.xml' namespaceIndex='1' V281='13' V1='4' name='Outcome'>
      </savedDerivedCopy>
      <savedOrigCopyAtInheritsFrom t='167' id='5' V167='21' V283='1' occurMaxTimes='1' minSize='-1' maxSize='-1' groupType='1' repHandlerStruct='' inheritsFrom='' namespaceIndex='1' V281='13' V1='4' name='OutcomeType'>
      </savedOrigCopyAtInheritsFrom>
    </child>
    <child t='167' id='6' V167='21' inheritsFromIncarnation='14' inheritsFromTimestamp='0x157cda0c43c' inheritsInThisStruct='true' V283='1' occurMinTimes='1' occurMaxTimes='1' minSize='-1' maxSize='-1' inheritsFromCopyRule='20' groupType='1' repHandlerStruct='' visible='true' inheritsFrom='Structures/WebIntegration_v2/AccountManagementService/AccountManagementService_ESB_94/Types/Q1/CustomerType.xml' namespaceIndex='1' V281='13' V1='4' name='Customer' checksumValid='true' checksum='kap7l0o7eX8IRFWeyO2BRkdz36Y='>
      <structNode t='150' idref='1'/>
      <savedDerivedCopy t='167' id='7' V167='21' needInheritInit='true' inheritsInThisStruct='true' V283='1' occurMinTimes='1' occurMaxTimes='1' minSize='-1' maxSize='-1' inheritsFromCopyRule='20' groupType='1' repHandlerStruct='' visible='true' inheritsFrom='Structures/WebIntegration_v2/AccountManagementService/AccountManagementService_ESB_94/Types/Q1/CustomerType.xml' namespaceIndex='1' V281='13' V1='4' name='Customer'>
      </savedDerivedCopy>
      <savedOrigCopyAtInheritsFrom t='167' id='8' V167='21' V283='1' occurMaxTimes='1' minSize='-1' maxSize='-1' groupType='1' repHandlerStruct='' inheritsFrom='' namespaceIndex='1' V281='13' V1='4' name='CustomerType'>
      </savedOrigCopyAtInheritsFrom>
    </child>
    <child t='167' id='9' V167='21' inheritsFromIncarnation='9' inheritsFromTimestamp='0x157cda0c2b5' inheritsInThisStruct='true' V283='1' occurMaxTimes='1' minSize='-1' maxSize='-1' inheritsFromCopyRule='20' groupType='1' repHandlerStruct='' visible='true' inheritsFrom='Structures/WebIntegration_v2/AccountManagementService/AccountManagementService_ESB_94/Types/hsegcn/ContractSummariesType.xml' namespaceIndex='1' V281='13' V1='4' name='ContractSummaries'>
      <structNode t='150' idref='1'/>
      <savedDerivedCopy t='167' id='10' V167='21' needInheritInit='true' inheritsInThisStruct='true' V283='1' occurMaxTimes='1' minSize='-1' maxSize='-1' inheritsFromCopyRule='20' groupType='1' repHandlerStruct='' visible='true' inheritsFrom='Structures/WebIntegration_v2/AccountManagementService/AccountManagementService_ESB_94/Types/hsegcn/ContractSummariesType.xml' namespaceIndex='1' V281='13' V1='4' name='ContractSummaries'>
      </savedDerivedCopy>
      <savedOrigCopyAtInheritsFrom t='167' id='11' V167='21' V283='1' occurMaxTimes='1' minSize='-1' maxSize='-1' groupType='1' repHandlerStruct='' inheritsFrom='' namespaceIndex='1' V281='13' V1='4' name='ContractSummariesType'>
      </savedOrigCopyAtInheritsFrom>
    </child>
  </rootElem>
  <defaultRep t='172' id='12' V172='6' autoFixNamespaceMismatch='true' V170='10' V692='1' unnamedElemsNamespace='1' V690='1' ignoreExcluded='true' fixInvalidCharacters='true' V1='4' name='XML'>
    <namespaceContainers t='220' ref='Namespace Containers/WebIntegration_v2_AccountManagementService_AccountManagementService_ESB_94.xml'/>
  </defaultRep>
  <namespaceList t='161' id='13' V161='1' namespaceUri='___osdtDummy___' V1='4'>
  </namespaceList>
  <namespaceList t='161' id='14' V161='1' namespaceUri='http://www.homeserve.com/Europe/GB/Customer/Account/AccountManagementServiceOperations/v1' namespacePrefix='hsegcaa' V1='4'>
  </namespaceList>
  <namespaceList t='161' id='15' V161='1' namespaceUri='http://www.homeserve.com/Global/Common/CommonService/v1' namespacePrefix='hsgcc' V1='4'>
  </namespaceList>
  <namespaceList t='161' id='16' V161='1' namespaceUri='http://www.homeserve.com/Europe/GB/Customer/v1' namespacePrefix='Q1' V1='4'>
  </namespaceList>
  <namespaceList t='161' id='17' V161='1' namespaceUri='http://www.homeserve.com/Europe/GB/Contract/v1' namespacePrefix='hsegcn' V1='4'>
  </namespaceList>
  <child t='162' id='18' V1='4' name='Representations'>
    <child t='172' idref='12'/>
  </child>
  <child t='165' id='19' V1='4' name='Document Bindings'>
    <child t='166' id='20' V166='5' docType='1' V1='4' name='/hsegcaa:GetCustomerAccountDetailsResponseType'>
      <elemNode t='167' idref='2'/>
    </child>
  </child>
</root>
