<?xml version="1.0" encoding="UTF-8"?>
<root t='150' id='1' V150='13' creationTimestamp='0x15843fb2ae5' V1='4' name='GetPartyDetailsResponseType' incarnation='8'>
  <rootElem t='167' id='2' V167='21' V283='1' occurMaxTimes='1' minSize='-1' maxSize='-1' groupType='1' repHandlerStruct='' inheritsFrom='' namespaceIndex='1' V281='13' V1='4' name='GetPartyDetailsResponseType'>
    <structNode t='150' idref='1'/>
    <child t='167' id='3' V167='21' V283='1' occurMaxTimes='1' minSize='-1' maxSize='-1' groupType='1' repHandlerStruct='' visible='true' inheritsFrom='' V281='13' V1='4' name='Outcome'>
      <structNode t='150' idref='1'/>
      <child t='167' id='4' V167='21' V283='1' occurMinTimes='1' occurMaxTimes='1' minSize='-1' maxSize='-1' dataType='2' repHandlerStruct='' visible='true' inheritsFrom='' V281='13' V1='4' name='ResultCode'>
        <structNode t='150' idref='1'/>
      </child>
      <child t='167' id='5' V167='21' V283='1' occurMinTimes='1' occurMaxTimes='1' minSize='-1' maxSize='-1' dataType='2' repHandlerStruct='' visible='true' inheritsFrom='' V281='13' V1='4' name='ResultStatus'>
        <structNode t='150' idref='1'/>
      </child>
      <child t='167' id='6' V167='21' V283='1' occurMinTimes='1' occurMaxTimes='1' minSize='-1' maxSize='-1' dataType='2' repHandlerStruct='' visible='true' inheritsFrom='' V281='13' V1='4' name='ResultDescription'>
        <structNode t='150' idref='1'/>
      </child>
      <child t='167' id='7' V167='21' V283='1' occurMinTimes='1' occurMaxTimes='-1' minSize='-1' maxSize='-1' groupType='1' repHandlerStruct='' visible='true' inheritsFrom='' V281='13' V1='4' name='ProcessOutcome'>
        <structNode t='150' idref='1'/>
        <child t='167' id='8' V167='21' V283='1' occurMaxTimes='1' minSize='-1' maxSize='-1' dataType='2' repHandlerStruct='' visible='true' inheritsFrom='' V281='13' V1='4' name='Code'>
          <structNode t='150' idref='1'/>
        </child>
        <child t='167' id='9' V167='21' V283='1' occurMaxTimes='1' minSize='-1' maxSize='-1' dataType='2' repHandlerStruct='' visible='true' inheritsFrom='' V281='13' V1='4' name='InteractionID'>
          <structNode t='150' idref='1'/>
        </child>
        <child t='167' id='10' V167='21' V283='1' occurMaxTimes='1' minSize='-1' maxSize='-1' dataType='2' repHandlerStruct='' visible='true' inheritsFrom='' V281='13' V1='4' name='Description'>
          <structNode t='150' idref='1'/>
        </child>
        <child t='167' id='11' V167='21' V283='1' occurMaxTimes='-1' minSize='-1' maxSize='-1' groupType='1' repHandlerStruct='' visible='true' inheritsFrom='' V281='13' V1='4' name='ServiceIntentList'>
          <structNode t='150' idref='1'/>
          <child t='167' id='12' V167='21' V283='1' occurMinTimes='1' occurMaxTimes='1' minSize='-1' maxSize='-1' dataType='2' repHandlerStruct='' visible='true' inheritsFrom='' V281='13' V1='4' name='CaseID'>
            <structNode t='150' idref='1'/>
          </child>
        </child>
      </child>
    </child>
    <child t='167' id='13' V167='21' V283='1' occurMinTimes='1' occurMaxTimes='1' minSize='-1' maxSize='-1' groupType='1' repHandlerStruct='' visible='true' inheritsFrom='' V281='13' V1='4' name='PartyDetails' checksumValid='true' checksum='vFGQvDcIxxAJnzB/IPh7uSxcJ/o='>
      <structNode t='150' idref='1'/>
      <child t='167' id='14' V167='21' V283='1' occurMaxTimes='1' minSize='-1' maxSize='-1' dataType='2' repHandlerStruct='' visible='true' inheritsFrom='' V281='13' V1='4' name='CustomerAccountNumber'>
        <structNode t='150' idref='1'/>
      </child>
      <child t='167' id='15' V167='21' V283='1' occurMinTimes='1' occurMaxTimes='1' minSize='-1' maxSize='-1' groupType='1' repHandlerStruct='' visible='true' inheritsFrom='' V281='13' V1='4' name='PartyDetailsType'>
        <structNode t='150' idref='1'/>
        <child t='167' id='16' V167='21' V283='1' occurMinTimes='1' occurMaxTimes='1' minSize='-1' maxSize='-1' dataType='2' repHandlerStruct='' visible='true' inheritsFrom='' V281='13' V1='4' name='PartyId'>
          <structNode t='150' idref='1'/>
        </child>
        <child t='167' id='17' V167='21' V283='1' occurMinTimes='1' occurMaxTimes='1' minSize='-1' maxSize='-1' dataType='2' repHandlerStruct='' visible='true' inheritsFrom='' V281='13' V1='4' name='PartyRole'>
          <structNode t='150' idref='1'/>
        </child>
        <child t='167' id='18' V167='21' V283='1' occurMaxTimes='1' minSize='-1' maxSize='-1' dataType='2' repHandlerStruct='' visible='true' inheritsFrom='' V281='13' V1='4' name='PartyRelationship'>
          <structNode t='150' idref='1'/>
        </child>
        <child t='167' id='19' V167='21' V283='1' occurMinTimes='1' occurMaxTimes='1' minSize='-1' maxSize='-1' dataType='2' repHandlerStruct='' visible='true' inheritsFrom='' V281='13' V1='4' name='PartyType'>
          <structNode t='150' idref='1'/>
        </child>
      </child>
      <child t='167' id='20' V167='21' V283='1' occurMinTimes='1' occurMaxTimes='1' minSize='-1' maxSize='-1' groupType='1' repHandlerStruct='' visible='true' inheritsFrom='' V281='13' V1='4' name='PersonType'>
        <structNode t='150' idref='1'/>
        <child t='167' id='21' V167='21' V283='1' occurMinTimes='1' occurMaxTimes='1' minSize='-1' maxSize='-1' groupType='1' repHandlerStruct='' visible='true' inheritsFrom='' V281='13' V1='4' name='NameType'>
          <structNode t='150' idref='1'/>
          <child t='167' id='22' V167='21' V283='1' occurMinTimes='1' occurMaxTimes='1' minSize='-1' maxSize='-1' dataType='2' repHandlerStruct='' visible='true' inheritsFrom='' V281='13' V1='4' name='Name'>
            <structNode t='150' idref='1'/>
          </child>
          <child t='167' id='23' V167='21' V283='1' occurMinTimes='1' occurMaxTimes='1' minSize='-1' maxSize='-1' groupType='1' repHandlerStruct='' visible='true' inheritsFrom='' V281='13' V1='4' name='Title'>
            <structNode t='150' idref='1'/>
            <child t='167' id='24' V167='21' V283='1' occurMinTimes='1' occurMaxTimes='1' minSize='-1' maxSize='-1' dataType='2' repHandlerStruct='' visible='true' inheritsFrom='' V281='13' V1='4' name='Key'>
              <structNode t='150' idref='1'/>
            </child>
            <child t='167' id='25' V167='21' V283='1' occurMinTimes='1' occurMaxTimes='1' minSize='-1' maxSize='-1' dataType='2' repHandlerStruct='' visible='true' inheritsFrom='' V281='13' V1='4' name='Value'>
              <structNode t='150' idref='1'/>
            </child>
          </child>
          <child t='167' id='26' V167='21' V283='1' occurMinTimes='1' occurMaxTimes='1' minSize='-1' maxSize='-1' dataType='2' repHandlerStruct='' visible='true' inheritsFrom='' V281='13' V1='4' name='FirstName'>
            <structNode t='150' idref='1'/>
          </child>
          <child t='167' id='27' V167='21' V283='1' occurMinTimes='1' occurMaxTimes='1' minSize='-1' maxSize='-1' dataType='2' repHandlerStruct='' visible='true' inheritsFrom='' V281='13' V1='4' name='Surname'>
            <structNode t='150' idref='1'/>
          </child>
          <child t='167' id='28' V167='21' V283='1' occurMaxTimes='1' minSize='-1' maxSize='-1' groupType='1' repHandlerStruct='' visible='true' inheritsFrom='' V281='13' V1='4' name='SuffixType'>
            <structNode t='150' idref='1'/>
            <child t='167' id='29' V167='21' V283='1' occurMinTimes='1' occurMaxTimes='1' minSize='-1' maxSize='-1' dataType='2' repHandlerStruct='' visible='true' inheritsFrom='' V281='13' V1='4' name='Key'>
              <structNode t='150' idref='1'/>
            </child>
            <child t='167' id='30' V167='21' V283='1' occurMinTimes='1' occurMaxTimes='1' minSize='-1' maxSize='-1' dataType='2' repHandlerStruct='' visible='true' inheritsFrom='' V281='13' V1='4' name='Value'>
              <structNode t='150' idref='1'/>
            </child>
          </child>
          <child t='167' id='31' V167='21' V283='1' occurMaxTimes='1' minSize='-1' maxSize='-1' dataType='2' repHandlerStruct='' visible='true' inheritsFrom='' V281='13' V1='4' name='VintageEffectiveDate'>
            <structNode t='150' idref='1'/>
          </child>
          <child t='167' id='32' V167='21' V283='1' occurMaxTimes='1' minSize='-1' maxSize='-1' dataType='2' repHandlerStruct='' visible='true' inheritsFrom='' V281='13' V1='4' name='VintageExpiryDate'>
            <structNode t='150' idref='1'/>
          </child>
        </child>
        <child t='167' id='33' V167='21' V283='1' occurMaxTimes='1' minSize='-1' maxSize='-1' dataType='2' repHandlerStruct='' visible='true' inheritsFrom='' V281='13' V1='4' name='Gender'>
          <structNode t='150' idref='1'/>
        </child>
        <child t='167' id='34' V167='21' V283='1' occurMaxTimes='1' minSize='-1' maxSize='-1' dataType='2' repHandlerStruct='' visible='true' inheritsFrom='' V281='13' V1='4' name='Status'>
          <structNode t='150' idref='1'/>
        </child>
        <child t='167' id='35' V167='21' V283='1' occurMaxTimes='1' minSize='-1' maxSize='-1' dataType='2' repHandlerStruct='' visible='true' inheritsFrom='' V281='13' V1='4' name='DateOfBirth'>
          <structNode t='150' idref='1'/>
        </child>
        <child t='167' id='36' V167='21' V283='1' occurMinTimes='1' occurMaxTimes='-1' minSize='-1' maxSize='-1' groupType='1' repHandlerStruct='' visible='true' inheritsFrom='' V281='13' V1='4' name='Vulnerabilities'>
          <structNode t='150' idref='1'/>
          <child t='167' id='37' V167='21' V283='1' occurMinTimes='1' occurMaxTimes='1' minSize='-1' maxSize='-1' dataType='2' repHandlerStruct='' visible='true' inheritsFrom='' V281='13' V1='4' name='Category'>
            <structNode t='150' idref='1'/>
          </child>
          <child t='167' id='38' V167='21' V283='1' occurMaxTimes='1' minSize='-1' maxSize='-1' dataType='2' repHandlerStruct='' visible='true' inheritsFrom='' V281='13' V1='4' name='Description'>
            <structNode t='150' idref='1'/>
          </child>
          <child t='167' id='39' V167='21' V283='1' occurMinTimes='1' occurMaxTimes='1' minSize='-1' maxSize='-1' dataType='1' repHandlerStruct='' visible='true' inheritsFrom='' V281='13' V1='4' name='IsDefault'>
            <structNode t='150' idref='1'/>
            <child t='167' id='40' V167='21' V283='1' occurMaxTimes='1' minSize='-1' maxSize='-1' dataType='2' elemType='5' repHandlerStruct='' visible='true' inheritsFrom='' V281='13' V1='4' name='true'>
              <structNode t='150' idref='1'/>
            </child>
            <child t='167' id='41' V167='21' V283='1' occurMaxTimes='1' minSize='-1' maxSize='-1' dataType='2' elemType='5' repHandlerStruct='' visible='true' inheritsFrom='' V281='13' V1='4' name='false'>
              <structNode t='150' idref='1'/>
            </child>
          </child>
          <child t='167' id='42' V167='21' V283='1' occurMinTimes='1' occurMaxTimes='1' minSize='-1' maxSize='-1' dataType='1' repHandlerStruct='' visible='true' inheritsFrom='' V281='13' V1='4' name='IsManditory'>
            <structNode t='150' idref='1'/>
            <child t='167' id='43' V167='21' V283='1' occurMaxTimes='1' minSize='-1' maxSize='-1' dataType='2' elemType='5' repHandlerStruct='' visible='true' inheritsFrom='' V281='13' V1='4' name='true'>
              <structNode t='150' idref='1'/>
            </child>
            <child t='167' id='44' V167='21' V283='1' occurMaxTimes='1' minSize='-1' maxSize='-1' dataType='2' elemType='5' repHandlerStruct='' visible='true' inheritsFrom='' V281='13' V1='4' name='false'>
              <structNode t='150' idref='1'/>
            </child>
          </child>
          <child t='167' id='45' V167='21' V283='1' occurMinTimes='1' occurMaxTimes='1' minSize='-1' maxSize='-1' groupType='1' repHandlerStruct='' visible='true' inheritsFrom='' V281='13' V1='4' name='NameValue' checksumValid='true' checksum='ZempFuuCJ31jMmkq4Yuskn8hOhg='>
            <structNode t='150' idref='1'/>
            <child t='167' id='46' V167='21' V283='1' occurMinTimes='1' occurMaxTimes='1' minSize='-1' maxSize='-1' dataType='2' repHandlerStruct='' visible='true' inheritsFrom='' V281='13' V1='4' name='Name'>
              <structNode t='150' idref='1'/>
            </child>
            <child t='167' id='47' V167='21' V283='1' occurMinTimes='1' occurMaxTimes='1' minSize='-1' maxSize='-1' dataType='2' repHandlerStruct='' visible='true' inheritsFrom='' V281='13' V1='4' name='ValueType'>
              <structNode t='150' idref='1'/>
            </child>
            <child t='167' id='48' V167='21' V283='1' occurMaxTimes='1' minSize='-1' maxSize='-1' dataType='31' repHandlerStruct='' visible='true' inheritsFrom='' V281='13' V1='4' name='DateValue'>
              <structNode t='150' idref='1'/>
            </child>
            <child t='167' id='49' V167='21' V283='1' occurMaxTimes='1' minSize='-1' maxSize='-1' dataType='22' repHandlerStruct='' visible='true' inheritsFrom='' V281='13' V1='4' name='NumericValue'>
              <structNode t='150' idref='1'/>
            </child>
            <child t='167' id='50' V167='21' V283='1' occurMaxTimes='1' minSize='-1' maxSize='-1' dataType='2' repHandlerStruct='' visible='true' inheritsFrom='' V281='13' V1='4' name='StringValue'>
              <structNode t='150' idref='1'/>
            </child>
            <child t='167' id='51' V167='21' V283='1' occurMaxTimes='1' minSize='-1' maxSize='-1' dataType='1' repHandlerStruct='' visible='true' inheritsFrom='' V281='13' V1='4' name='BooleanValue'>
              <structNode t='150' idref='1'/>
              <child t='167' id='52' V167='21' V283='1' occurMaxTimes='1' minSize='-1' maxSize='-1' dataType='2' elemType='5' repHandlerStruct='' visible='true' inheritsFrom='' V281='13' V1='4' name='true'>
                <structNode t='150' idref='1'/>
              </child>
              <child t='167' id='53' V167='21' V283='1' occurMaxTimes='1' minSize='-1' maxSize='-1' dataType='2' elemType='5' repHandlerStruct='' visible='true' inheritsFrom='' V281='13' V1='4' name='false'>
                <structNode t='150' idref='1'/>
              </child>
            </child>
            <child t='167' id='54' V167='21' V283='1' occurMaxTimes='1' minSize='-1' maxSize='-1' dataType='2' repHandlerStruct='' visible='true' inheritsFrom='' V281='13' V1='4' name='BlobValue'>
              <structNode t='150' idref='1'/>
            </child>
            <child t='167' id='55' V167='21' V283='1' occurMaxTimes='1' minSize='-1' maxSize='-1' dataType='12' repHandlerStruct='' visible='true' inheritsFrom='' V281='13' V1='4' name='IntegerValue'>
              <structNode t='150' idref='1'/>
            </child>
          </child>
          <child t='167' id='56' V167='21' V283='1' occurMaxTimes='1' minSize='-1' maxSize='-1' dataType='2' repHandlerStruct='' visible='true' inheritsFrom='' V281='13' V1='4' name='ParentTypeID'>
            <structNode t='150' idref='1'/>
          </child>
          <child t='167' id='57' V167='21' V283='1' occurMinTimes='1' occurMaxTimes='1' minSize='-1' maxSize='-1' dataType='2' repHandlerStruct='' visible='true' inheritsFrom='' V281='13' V1='4' name='TypeID'>
            <structNode t='150' idref='1'/>
          </child>
        </child>
      </child>
      <child t='167' id='58' V167='21' V283='1' occurMaxTimes='1' minSize='-1' maxSize='-1' groupType='1' repHandlerStruct='' visible='true' inheritsFrom='' V281='13' V1='4' name='OrganizationType'>
        <structNode t='150' idref='1'/>
        <child t='167' id='59' V167='21' V283='1' occurMinTimes='1' occurMaxTimes='1' minSize='-1' maxSize='-1' dataType='2' repHandlerStruct='' visible='true' inheritsFrom='' V281='13' V1='4' name='Name'>
          <structNode t='150' idref='1'/>
        </child>
        <child t='167' id='60' V167='21' V283='1' occurMinTimes='1' occurMaxTimes='1' minSize='-1' maxSize='-1' groupType='1' repHandlerStruct='' visible='true' inheritsFrom='' V281='13' V1='4' name='OrgContactName' checksumValid='true' checksum='MRT7CuXrfKGlzk3jnmeLU6qqIDE='>
          <structNode t='150' idref='1'/>
          <child t='167' id='61' V167='21' V283='1' occurMinTimes='1' occurMaxTimes='1' minSize='-1' maxSize='-1' groupType='1' repHandlerStruct='' visible='true' inheritsFrom='' V281='13' V1='4' name='Title'>
            <structNode t='150' idref='1'/>
            <child t='167' id='62' V167='21' V283='1' occurMinTimes='1' occurMaxTimes='1' minSize='-1' maxSize='-1' dataType='2' repHandlerStruct='' visible='true' inheritsFrom='' V281='13' V1='4' name='Key'>
              <structNode t='150' idref='1'/>
            </child>
            <child t='167' id='63' V167='21' V283='1' occurMinTimes='1' occurMaxTimes='1' minSize='-1' maxSize='-1' dataType='2' repHandlerStruct='' visible='true' inheritsFrom='' V281='13' V1='4' name='Value'>
              <structNode t='150' idref='1'/>
            </child>
          </child>
          <child t='167' id='64' V167='21' V283='1' occurMinTimes='1' occurMaxTimes='1' minSize='-1' maxSize='-1' dataType='2' repHandlerStruct='' visible='true' inheritsFrom='' V281='13' V1='4' name='FirstName'>
            <structNode t='150' idref='1'/>
          </child>
          <child t='167' id='65' V167='21' V283='1' occurMinTimes='1' occurMaxTimes='1' minSize='-1' maxSize='-1' dataType='2' repHandlerStruct='' visible='true' inheritsFrom='' V281='13' V1='4' name='FirstInitial'>
            <structNode t='150' idref='1'/>
          </child>
          <child t='167' id='66' V167='21' V283='1' occurMinTimes='1' occurMaxTimes='1' minSize='-1' maxSize='-1' dataType='2' repHandlerStruct='' visible='true' inheritsFrom='' V281='13' V1='4' name='MiddleName'>
            <structNode t='150' idref='1'/>
          </child>
          <child t='167' id='67' V167='21' V283='1' occurMinTimes='1' occurMaxTimes='1' minSize='-1' maxSize='-1' dataType='2' repHandlerStruct='' visible='true' inheritsFrom='' V281='13' V1='4' name='LastName'>
            <structNode t='150' idref='1'/>
          </child>
          <child t='167' id='68' V167='21' V283='1' occurMinTimes='1' occurMaxTimes='1' minSize='-1' maxSize='-1' groupType='1' repHandlerStruct='' visible='true' inheritsFrom='' V281='13' V1='4' name='SuffixType'>
            <structNode t='150' idref='1'/>
            <child t='167' id='69' V167='21' V283='1' occurMinTimes='1' occurMaxTimes='1' minSize='-1' maxSize='-1' dataType='2' repHandlerStruct='' visible='true' inheritsFrom='' V281='13' V1='4' name='Key'>
              <structNode t='150' idref='1'/>
            </child>
            <child t='167' id='70' V167='21' V283='1' occurMinTimes='1' occurMaxTimes='1' minSize='-1' maxSize='-1' dataType='2' repHandlerStruct='' visible='true' inheritsFrom='' V281='13' V1='4' name='Value'>
              <structNode t='150' idref='1'/>
            </child>
          </child>
          <child t='167' id='71' V167='21' V283='1' occurMinTimes='1' occurMaxTimes='1' minSize='-1' maxSize='-1' dataType='2' repHandlerStruct='' visible='true' inheritsFrom='' V281='13' V1='4' name='VintageEffectiveDate'>
            <structNode t='150' idref='1'/>
          </child>
          <child t='167' id='72' V167='21' V283='1' occurMinTimes='1' occurMaxTimes='1' minSize='-1' maxSize='-1' dataType='2' repHandlerStruct='' visible='true' inheritsFrom='' V281='13' V1='4' name='VintageExpiryDate'>
            <structNode t='150' idref='1'/>
          </child>
        </child>
        <child t='167' id='73' V167='21' V283='1' occurMinTimes='1' occurMaxTimes='1' minSize='-1' maxSize='-1' dataType='31' repHandlerStruct='' visible='true' inheritsFrom='' V281='13' V1='4' name='DateOfBirth'>
          <structNode t='150' idref='1'/>
        </child>
        <child t='167' id='74' V167='21' V283='1' occurMinTimes='1' occurMaxTimes='-1' minSize='-1' maxSize='-1' groupType='1' repHandlerStruct='' visible='true' inheritsFrom='' V281='13' V1='4' name='Vulnerabilities'>
          <structNode t='150' idref='1'/>
          <child t='167' id='75' V167='21' V283='1' occurMinTimes='1' occurMaxTimes='1' minSize='-1' maxSize='-1' dataType='2' repHandlerStruct='' visible='true' inheritsFrom='' V281='13' V1='4' name='TypeID'>
            <structNode t='150' idref='1'/>
          </child>
          <child t='167' id='76' V167='21' V283='1' occurMinTimes='1' occurMaxTimes='1' minSize='-1' maxSize='-1' dataType='2' repHandlerStruct='' visible='true' inheritsFrom='' V281='13' V1='4' name='ParentTypeID'>
            <structNode t='150' idref='1'/>
          </child>
          <child t='167' id='77' V167='21' V283='1' occurMinTimes='1' occurMaxTimes='1' minSize='-1' maxSize='-1' groupType='1' repHandlerStruct='' visible='true' inheritsFrom='' V281='13' V1='4' name='NameValue' checksumValid='true' checksum='N1xgA5sbKnKiCZsuu6ELjBn+R9M='>
            <structNode t='150' idref='1'/>
            <child t='167' id='78' V167='21' V283='1' occurMinTimes='1' occurMaxTimes='1' minSize='-1' maxSize='-1' dataType='2' repHandlerStruct='' visible='true' inheritsFrom='' V281='13' V1='4' name='Name'>
              <structNode t='150' idref='1'/>
            </child>
            <child t='167' id='79' V167='21' V283='1' occurMinTimes='1' occurMaxTimes='1' minSize='-1' maxSize='-1' dataType='2' repHandlerStruct='' visible='true' inheritsFrom='' V281='13' V1='4' name='ValueType'>
              <structNode t='150' idref='1'/>
            </child>
            <child t='167' id='80' V167='21' V283='1' occurMinTimes='1' occurMaxTimes='1' minSize='-1' maxSize='-1' dataType='31' repHandlerStruct='' visible='true' inheritsFrom='' V281='13' V1='4' name='DateValue'>
              <structNode t='150' idref='1'/>
            </child>
            <child t='167' id='81' V167='21' V283='1' occurMinTimes='1' occurMaxTimes='1' minSize='-1' maxSize='-1' dataType='22' repHandlerStruct='' visible='true' inheritsFrom='' V281='13' V1='4' name='NumericValue'>
              <structNode t='150' idref='1'/>
            </child>
            <child t='167' id='82' V167='21' V283='1' occurMinTimes='1' occurMaxTimes='1' minSize='-1' maxSize='-1' dataType='2' repHandlerStruct='' visible='true' inheritsFrom='' V281='13' V1='4' name='StringValue'>
              <structNode t='150' idref='1'/>
            </child>
            <child t='167' id='83' V167='21' V283='1' occurMinTimes='1' occurMaxTimes='1' minSize='-1' maxSize='-1' dataType='1' repHandlerStruct='' visible='true' inheritsFrom='' V281='13' V1='4' name='BooleanValue'>
              <structNode t='150' idref='1'/>
              <child t='167' id='84' V167='21' V283='1' occurMaxTimes='1' minSize='-1' maxSize='-1' dataType='2' elemType='5' repHandlerStruct='' visible='true' inheritsFrom='' V281='13' V1='4' name='true'>
                <structNode t='150' idref='1'/>
              </child>
              <child t='167' id='85' V167='21' V283='1' occurMaxTimes='1' minSize='-1' maxSize='-1' dataType='2' elemType='5' repHandlerStruct='' visible='true' inheritsFrom='' V281='13' V1='4' name='false'>
                <structNode t='150' idref='1'/>
              </child>
            </child>
            <child t='167' id='86' V167='21' V283='1' occurMinTimes='1' occurMaxTimes='1' minSize='-1' maxSize='-1' dataType='2' repHandlerStruct='' visible='true' inheritsFrom='' V281='13' V1='4' name='BlobValue'>
              <structNode t='150' idref='1'/>
            </child>
            <child t='167' id='87' V167='21' V283='1' occurMinTimes='1' occurMaxTimes='1' minSize='-1' maxSize='-1' dataType='12' repHandlerStruct='' visible='true' inheritsFrom='' V281='13' V1='4' name='IntegerValue'>
              <structNode t='150' idref='1'/>
            </child>
          </child>
          <child t='167' id='88' V167='21' V283='1' occurMinTimes='1' occurMaxTimes='1' minSize='-1' maxSize='-1' dataType='2' repHandlerStruct='' visible='true' inheritsFrom='' V281='13' V1='4' name='Category'>
            <structNode t='150' idref='1'/>
          </child>
          <child t='167' id='89' V167='21' V283='1' occurMinTimes='1' occurMaxTimes='1' minSize='-1' maxSize='-1' dataType='2' repHandlerStruct='' visible='true' inheritsFrom='' V281='13' V1='4' name='Description'>
            <structNode t='150' idref='1'/>
          </child>
          <child t='167' id='90' V167='21' V283='1' occurMinTimes='1' occurMaxTimes='1' minSize='-1' maxSize='-1' dataType='1' repHandlerStruct='' visible='true' inheritsFrom='' V281='13' V1='4' name='IsMandatory'>
            <structNode t='150' idref='1'/>
            <child t='167' id='91' V167='21' V283='1' occurMaxTimes='1' minSize='-1' maxSize='-1' dataType='2' elemType='5' repHandlerStruct='' visible='true' inheritsFrom='' V281='13' V1='4' name='true'>
              <structNode t='150' idref='1'/>
            </child>
            <child t='167' id='92' V167='21' V283='1' occurMaxTimes='1' minSize='-1' maxSize='-1' dataType='2' elemType='5' repHandlerStruct='' visible='true' inheritsFrom='' V281='13' V1='4' name='false'>
              <structNode t='150' idref='1'/>
            </child>
          </child>
          <child t='167' id='93' V167='21' V283='1' occurMinTimes='1' occurMaxTimes='1' minSize='-1' maxSize='-1' dataType='1' repHandlerStruct='' visible='true' inheritsFrom='' V281='13' V1='4' name='IsDefault'>
            <structNode t='150' idref='1'/>
            <child t='167' id='94' V167='21' V283='1' occurMaxTimes='1' minSize='-1' maxSize='-1' dataType='2' elemType='5' repHandlerStruct='' visible='true' inheritsFrom='' V281='13' V1='4' name='true'>
              <structNode t='150' idref='1'/>
            </child>
            <child t='167' id='95' V167='21' V283='1' occurMaxTimes='1' minSize='-1' maxSize='-1' dataType='2' elemType='5' repHandlerStruct='' visible='true' inheritsFrom='' V281='13' V1='4' name='false'>
              <structNode t='150' idref='1'/>
            </child>
          </child>
        </child>
      </child>
      <child t='167' id='96' V167='21' V283='1' occurMinTimes='1' occurMaxTimes='-1' minSize='-1' maxSize='-1' groupType='1' repHandlerStruct='' visible='true' inheritsFrom='' V281='13' V1='4' name='Addresses' checksumValid='true' checksum='9Ot0/ZEyHW1FzhbZLgWh8Ag1mMM='>
        <structNode t='150' idref='1'/>
        <child t='167' id='97' V167='21' V283='1' occurMinTimes='1' occurMaxTimes='1' minSize='-1' maxSize='-1' dataType='2' repHandlerStruct='' visible='true' inheritsFrom='' V281='13' V1='4' name='AddressID'>
          <structNode t='150' idref='1'/>
        </child>
        <child t='167' id='98' V167='21' V283='1' occurMinTimes='1' occurMaxTimes='1' minSize='-1' maxSize='-1' dataType='2' repHandlerStruct='' visible='true' inheritsFrom='' V281='13' V1='4' name='AddressType'>
          <structNode t='150' idref='1'/>
        </child>
        <child t='167' id='99' V167='21' V283='1' occurMinTimes='1' occurMaxTimes='1' minSize='-1' maxSize='-1' dataType='2' repHandlerStruct='' visible='true' inheritsFrom='' V281='13' V1='4' name='FlatNumber'>
          <structNode t='150' idref='1'/>
        </child>
        <child t='167' id='100' V167='21' V283='1' occurMinTimes='1' occurMaxTimes='1' minSize='-1' maxSize='-1' dataType='2' repHandlerStruct='' visible='true' inheritsFrom='' V281='13' V1='4' name='VanityLine'>
          <structNode t='150' idref='1'/>
        </child>
        <child t='167' id='101' V167='21' V283='1' occurMinTimes='1' occurMaxTimes='1' minSize='-1' maxSize='-1' dataType='2' repHandlerStruct='' visible='true' inheritsFrom='' V281='13' V1='4' name='BuildingName'>
          <structNode t='150' idref='1'/>
        </child>
        <child t='167' id='102' V167='21' V283='1' occurMinTimes='1' occurMaxTimes='1' minSize='-1' maxSize='-1' dataType='2' repHandlerStruct='' visible='true' inheritsFrom='' V281='13' V1='4' name='BuildingNumber'>
          <structNode t='150' idref='1'/>
        </child>
        <child t='167' id='103' V167='21' V283='1' occurMinTimes='1' occurMaxTimes='1' minSize='-1' maxSize='-1' dataType='2' repHandlerStruct='' visible='true' inheritsFrom='' V281='13' V1='4' name='PropertyType'>
          <structNode t='150' idref='1'/>
        </child>
        <child t='167' id='104' V167='21' V283='1' occurMinTimes='1' occurMaxTimes='1' minSize='-1' maxSize='-1' dataType='2' repHandlerStruct='' visible='true' inheritsFrom='' V281='13' V1='4' name='SubStreet'>
          <structNode t='150' idref='1'/>
        </child>
        <child t='167' id='105' V167='21' V283='1' occurMinTimes='1' occurMaxTimes='1' minSize='-1' maxSize='-1' dataType='2' repHandlerStruct='' visible='true' inheritsFrom='' V281='13' V1='4' name='Street'>
          <structNode t='150' idref='1'/>
        </child>
        <child t='167' id='106' V167='21' V283='1' occurMinTimes='1' occurMaxTimes='1' minSize='-1' maxSize='-1' dataType='2' repHandlerStruct='' visible='true' inheritsFrom='' V281='13' V1='4' name='City'>
          <structNode t='150' idref='1'/>
        </child>
        <child t='167' id='107' V167='21' V283='1' occurMinTimes='1' occurMaxTimes='1' minSize='-1' maxSize='-1' dataType='2' repHandlerStruct='' visible='true' inheritsFrom='' V281='13' V1='4' name='County'>
          <structNode t='150' idref='1'/>
        </child>
        <child t='167' id='108' V167='21' V283='1' occurMinTimes='1' occurMaxTimes='1' minSize='-1' maxSize='-1' groupType='1' repHandlerStruct='' visible='true' inheritsFrom='' V281='13' V1='4' name='CountryType'>
          <structNode t='150' idref='1'/>
          <child t='167' id='109' V167='21' V283='1' occurMinTimes='1' occurMaxTimes='1' minSize='-1' maxSize='-1' dataType='2' repHandlerStruct='' visible='true' inheritsFrom='' V281='13' V1='4' name='Key'>
            <structNode t='150' idref='1'/>
          </child>
          <child t='167' id='110' V167='21' V283='1' occurMinTimes='1' occurMaxTimes='1' minSize='-1' maxSize='-1' dataType='2' repHandlerStruct='' visible='true' inheritsFrom='' V281='13' V1='4' name='Value'>
            <structNode t='150' idref='1'/>
          </child>
        </child>
        <child t='167' id='111' V167='21' V283='1' occurMinTimes='1' occurMaxTimes='1' minSize='-1' maxSize='-1' dataType='2' repHandlerStruct='' visible='true' inheritsFrom='' V281='13' V1='4' name='POBox'>
          <structNode t='150' idref='1'/>
        </child>
        <child t='167' id='112' V167='21' V283='1' occurMinTimes='1' occurMaxTimes='1' minSize='-1' maxSize='-1' dataType='2' repHandlerStruct='' visible='true' inheritsFrom='' V281='13' V1='4' name='PostCode'>
          <structNode t='150' idref='1'/>
        </child>
        <child t='167' id='113' V167='21' V283='1' occurMinTimes='1' occurMaxTimes='1' minSize='-1' maxSize='-1' dataType='2' repHandlerStruct='' visible='true' inheritsFrom='' V281='13' V1='4' name='DPS'>
          <structNode t='150' idref='1'/>
        </child>
        <child t='167' id='114' V167='21' V283='1' occurMinTimes='1' occurMaxTimes='1' minSize='-1' maxSize='-1' dataType='31' repHandlerStruct='' visible='true' inheritsFrom='' V281='13' V1='4' name='VintageEffectiveDate'>
          <structNode t='150' idref='1'/>
        </child>
        <child t='167' id='115' V167='21' V283='1' occurMinTimes='1' occurMaxTimes='1' minSize='-1' maxSize='-1' dataType='31' repHandlerStruct='' visible='true' inheritsFrom='' V281='13' V1='4' name='VintageExpiryDate'>
          <structNode t='150' idref='1'/>
        </child>
        <child t='167' id='116' V167='21' V283='1' occurMinTimes='1' occurMaxTimes='1' minSize='-1' maxSize='-1' dataType='2' repHandlerStruct='' visible='true' inheritsFrom='' V281='13' V1='4' name='ExtAddressKey'>
          <structNode t='150' idref='1'/>
        </child>
      </child>
      <child t='167' id='117' V167='21' V283='1' occurMaxTimes='1' minSize='-1' maxSize='-1' groupType='1' repHandlerStruct='' visible='true' inheritsFrom='' V281='13' V1='4' name='ContactDetails'>
        <structNode t='150' idref='1'/>
        <child t='167' id='118' V167='21' V283='1' occurMinTimes='1' occurMaxTimes='-1' minSize='-1' maxSize='-1' groupType='1' repHandlerStruct='' visible='true' inheritsFrom='' V281='13' V1='4' name='Telephones'>
          <structNode t='150' idref='1'/>
          <child t='167' id='119' V167='21' V283='1' occurMinTimes='1' occurMaxTimes='1' minSize='-1' maxSize='-1' dataType='2' repHandlerStruct='' visible='true' inheritsFrom='' V281='13' V1='4' name='Number'>
            <structNode t='150' idref='1'/>
          </child>
          <child t='167' id='120' V167='21' V283='1' occurMinTimes='1' occurMaxTimes='1' minSize='-1' maxSize='-1' dataType='2' repHandlerStruct='' visible='true' inheritsFrom='' V281='13' V1='4' name='Type'>
            <structNode t='150' idref='1'/>
          </child>
          <child t='167' id='121' V167='21' V283='1' occurMaxTimes='1' minSize='-1' maxSize='-1' dataType='2' repHandlerStruct='' visible='true' inheritsFrom='' V281='13' V1='4' name='CountryCode'>
            <structNode t='150' idref='1'/>
          </child>
          <child t='167' id='122' V167='21' V283='1' occurMaxTimes='1' minSize='-1' maxSize='-1' dataType='2' repHandlerStruct='' visible='true' inheritsFrom='' V281='13' V1='4' name='Extension'>
            <structNode t='150' idref='1'/>
          </child>
          <child t='167' id='123' V167='21' V283='1' occurMinTimes='1' occurMaxTimes='1' minSize='-1' maxSize='-1' dataType='2' repHandlerStruct='' visible='true' inheritsFrom='' V281='13' V1='4' name='PhoneID'>
            <structNode t='150' idref='1'/>
          </child>
          <child t='167' id='124' V167='21' V283='1' occurMinTimes='1' occurMaxTimes='1' minSize='-1' maxSize='-1' dataType='2' repHandlerStruct='' visible='true' inheritsFrom='' V281='13' V1='4' name='Default'>
            <structNode t='150' idref='1'/>
          </child>
        </child>
        <child t='167' id='125' V167='21' V283='1' occurMinTimes='1' occurMaxTimes='-1' minSize='-1' maxSize='-1' groupType='1' repHandlerStruct='' visible='true' inheritsFrom='' V281='13' V1='4' name='Emails'>
          <structNode t='150' idref='1'/>
          <child t='167' id='126' V167='21' V283='1' occurMinTimes='1' occurMaxTimes='1' minSize='-1' maxSize='-1' dataType='2' repHandlerStruct='' visible='true' inheritsFrom='' V281='13' V1='4' name='EmailAddress'>
            <structNode t='150' idref='1'/>
          </child>
          <child t='167' id='127' V167='21' V283='1' occurMinTimes='1' occurMaxTimes='1' minSize='-1' maxSize='-1' dataType='2' repHandlerStruct='' visible='true' inheritsFrom='' V281='13' V1='4' name='Type'>
            <structNode t='150' idref='1'/>
          </child>
          <child t='167' id='128' V167='21' V283='1' occurMinTimes='1' occurMaxTimes='1' minSize='-1' maxSize='-1' dataType='1' repHandlerStruct='' visible='true' inheritsFrom='' V281='13' V1='4' name='Default'>
            <structNode t='150' idref='1'/>
            <child t='167' id='129' V167='21' V283='1' occurMaxTimes='1' minSize='-1' maxSize='-1' dataType='2' elemType='5' repHandlerStruct='' visible='true' inheritsFrom='' V281='13' V1='4' name='true'>
              <structNode t='150' idref='1'/>
            </child>
            <child t='167' id='130' V167='21' V283='1' occurMaxTimes='1' minSize='-1' maxSize='-1' dataType='2' elemType='5' repHandlerStruct='' visible='true' inheritsFrom='' V281='13' V1='4' name='false'>
              <structNode t='150' idref='1'/>
            </child>
          </child>
          <child t='167' id='131' V167='21' V283='1' occurMinTimes='1' occurMaxTimes='1' minSize='-1' maxSize='-1' dataType='2' repHandlerStruct='' visible='true' inheritsFrom='' V281='13' V1='4' name='EmailId'>
            <structNode t='150' idref='1'/>
          </child>
        </child>
      </child>
      <child t='167' id='132' V167='21' V283='1' occurMinTimes='1' occurMaxTimes='-1' minSize='-1' maxSize='-1' groupType='1' repHandlerStruct='' visible='true' inheritsFrom='' V281='13' V1='4' name='Preferences'>
        <structNode t='150' idref='1'/>
        <child t='167' id='133' V167='21' V283='1' occurMinTimes='1' occurMaxTimes='1' minSize='-1' maxSize='-1' dataType='2' repHandlerStruct='' visible='true' inheritsFrom='' V281='13' V1='4' name='PreferenceID'>
          <structNode t='150' idref='1'/>
        </child>
        <child t='167' id='134' V167='21' V283='1' occurMinTimes='1' occurMaxTimes='1' minSize='-1' maxSize='-1' dataType='2' repHandlerStruct='' visible='true' inheritsFrom='' V281='13' V1='4' name='PartnerID'>
          <structNode t='150' idref='1'/>
        </child>
        <child t='167' id='135' V167='21' V283='1' occurMinTimes='1' occurMaxTimes='1' minSize='-1' maxSize='-1' dataType='2' repHandlerStruct='' visible='true' inheritsFrom='' V281='13' V1='4' name='CustomerAccountNumber'>
          <structNode t='150' idref='1'/>
        </child>
        <child t='167' id='136' V167='21' V283='1' occurMinTimes='1' occurMaxTimes='1' minSize='-1' maxSize='-1' dataType='2' repHandlerStruct='' visible='true' inheritsFrom='' V281='13' V1='4' name='ContractID'>
          <structNode t='150' idref='1'/>
        </child>
        <child t='167' id='137' V167='21' V283='1' occurMinTimes='1' occurMaxTimes='1' minSize='-1' maxSize='-1' groupType='1' repHandlerStruct='' visible='true' inheritsFrom='' V281='13' V1='4' name='PreferenceDetails'>
          <structNode t='150' idref='1'/>
          <child t='167' id='138' V167='21' V283='1' occurMinTimes='1' occurMaxTimes='1' minSize='-1' maxSize='-1' dataType='2' repHandlerStruct='' visible='true' inheritsFrom='' V281='13' V1='4' name='TypeID'>
            <structNode t='150' idref='1'/>
          </child>
          <child t='167' id='139' V167='21' V283='1' occurMinTimes='1' occurMaxTimes='1' minSize='-1' maxSize='-1' dataType='2' repHandlerStruct='' visible='true' inheritsFrom='' V281='13' V1='4' name='ParentTypeID'>
            <structNode t='150' idref='1'/>
          </child>
          <child t='167' id='140' V167='21' V283='1' occurMinTimes='1' occurMaxTimes='1' minSize='-1' maxSize='-1' dataType='2' repHandlerStruct='' visible='true' inheritsFrom='' V281='13' V1='4' name='Category'>
            <structNode t='150' idref='1'/>
          </child>
          <child t='167' id='141' V167='21' V283='1' occurMinTimes='1' occurMaxTimes='1' minSize='-1' maxSize='-1' groupType='1' repHandlerStruct='' visible='true' inheritsFrom='' V281='13' V1='4' name='NameValue' checksumValid='true' checksum='2H/DeKLwEewHAtIR9ynC/1UAy/s='>
            <structNode t='150' idref='1'/>
            <child t='167' id='142' V167='21' V283='1' occurMinTimes='1' occurMaxTimes='1' minSize='-1' maxSize='-1' dataType='2' repHandlerStruct='' visible='true' inheritsFrom='' V281='13' V1='4' name='Name'>
              <structNode t='150' idref='1'/>
            </child>
            <child t='167' id='143' V167='21' V283='1' occurMinTimes='1' occurMaxTimes='1' minSize='-1' maxSize='-1' dataType='2' repHandlerStruct='' visible='true' inheritsFrom='' V281='13' V1='4' name='ValueType'>
              <structNode t='150' idref='1'/>
            </child>
            <child t='167' id='144' V167='21' V283='1' occurMinTimes='1' occurMaxTimes='1' minSize='-1' maxSize='-1' dataType='31' repHandlerStruct='' visible='true' inheritsFrom='' V281='13' V1='4' name='DateValue'>
              <structNode t='150' idref='1'/>
            </child>
            <child t='167' id='145' V167='21' V283='1' occurMinTimes='1' occurMaxTimes='1' minSize='-1' maxSize='-1' dataType='22' repHandlerStruct='' visible='true' inheritsFrom='' V281='13' V1='4' name='NumericType'>
              <structNode t='150' idref='1'/>
            </child>
            <child t='167' id='146' V167='21' V283='1' occurMinTimes='1' occurMaxTimes='1' minSize='-1' maxSize='-1' dataType='12' repHandlerStruct='' visible='true' inheritsFrom='' V281='13' V1='4' name='IntegerValue'>
              <structNode t='150' idref='1'/>
            </child>
            <child t='167' id='147' V167='21' V283='1' occurMinTimes='1' occurMaxTimes='1' minSize='-1' maxSize='-1' dataType='2' repHandlerStruct='' visible='true' inheritsFrom='' V281='13' V1='4' name='StringValue'>
              <structNode t='150' idref='1'/>
            </child>
            <child t='167' id='148' V167='21' V283='1' occurMinTimes='1' occurMaxTimes='1' minSize='-1' maxSize='-1' dataType='1' repHandlerStruct='' visible='true' inheritsFrom='' V281='13' V1='4' name='BooleanType'>
              <structNode t='150' idref='1'/>
              <child t='167' id='149' V167='21' V283='1' occurMaxTimes='1' minSize='-1' maxSize='-1' dataType='2' elemType='5' repHandlerStruct='' visible='true' inheritsFrom='' V281='13' V1='4' name='true'>
                <structNode t='150' idref='1'/>
              </child>
              <child t='167' id='150' V167='21' V283='1' occurMaxTimes='1' minSize='-1' maxSize='-1' dataType='2' elemType='5' repHandlerStruct='' visible='true' inheritsFrom='' V281='13' V1='4' name='false'>
                <structNode t='150' idref='1'/>
              </child>
            </child>
            <child t='167' id='151' V167='21' V283='1' occurMinTimes='1' occurMaxTimes='1' minSize='-1' maxSize='-1' dataType='2' repHandlerStruct='' visible='true' inheritsFrom='' V281='13' V1='4' name='BlobValue'>
              <structNode t='150' idref='1'/>
            </child>
          </child>
          <child t='167' id='152' V167='21' V283='1' occurMinTimes='1' occurMaxTimes='1' minSize='-1' maxSize='-1' dataType='2' repHandlerStruct='' visible='true' inheritsFrom='' V281='13' V1='4' name='Description'>
            <structNode t='150' idref='1'/>
          </child>
          <child t='167' id='153' V167='21' V283='1' occurMinTimes='1' occurMaxTimes='1' minSize='-1' maxSize='-1' dataType='1' repHandlerStruct='' visible='true' inheritsFrom='' V281='13' V1='4' name='IsDefault'>
            <structNode t='150' idref='1'/>
            <child t='167' id='154' V167='21' V283='1' occurMaxTimes='1' minSize='-1' maxSize='-1' dataType='2' elemType='5' repHandlerStruct='' visible='true' inheritsFrom='' V281='13' V1='4' name='true'>
              <structNode t='150' idref='1'/>
            </child>
            <child t='167' id='155' V167='21' V283='1' occurMaxTimes='1' minSize='-1' maxSize='-1' dataType='2' elemType='5' repHandlerStruct='' visible='true' inheritsFrom='' V281='13' V1='4' name='false'>
              <structNode t='150' idref='1'/>
            </child>
          </child>
          <child t='167' id='156' V167='21' V283='1' occurMinTimes='1' occurMaxTimes='1' minSize='-1' maxSize='-1' dataType='1' repHandlerStruct='' visible='true' inheritsFrom='' V281='13' V1='4' name='IsMandatory'>
            <structNode t='150' idref='1'/>
            <child t='167' id='157' V167='21' V283='1' occurMaxTimes='1' minSize='-1' maxSize='-1' dataType='2' elemType='5' repHandlerStruct='' visible='true' inheritsFrom='' V281='13' V1='4' name='true'>
              <structNode t='150' idref='1'/>
            </child>
            <child t='167' id='158' V167='21' V283='1' occurMaxTimes='1' minSize='-1' maxSize='-1' dataType='2' elemType='5' repHandlerStruct='' visible='true' inheritsFrom='' V281='13' V1='4' name='false'>
              <structNode t='150' idref='1'/>
            </child>
          </child>
        </child>
      </child>
      <child t='167' id='159' V167='21' V283='1' occurMinTimes='1' occurMaxTimes='1' minSize='-1' maxSize='-1' dataType='2' repHandlerStruct='' visible='true' inheritsFrom='' V281='13' V1='4' name='SourceCustomerID'>
        <structNode t='150' idref='1'/>
      </child>
      <child t='167' id='160' V167='21' V283='1' occurMinTimes='1' occurMaxTimes='1' minSize='-1' maxSize='-1' dataType='2' repHandlerStruct='' visible='true' inheritsFrom='' V281='13' V1='4' name='VintageEffectiveDate'>
        <structNode t='150' idref='1'/>
      </child>
      <child t='167' id='161' V167='21' V283='1' occurMinTimes='1' occurMaxTimes='1' minSize='-1' maxSize='-1' dataType='2' repHandlerStruct='' visible='true' inheritsFrom='' V281='13' V1='4' name='VintageExpiryDate'>
        <structNode t='150' idref='1'/>
      </child>
    </child>
  </rootElem>
  <defaultRep t='172' id='162' V172='6' autoFixNamespaceMismatch='true' V170='10' V692='1' V690='1' ignoreExcluded='true' fixInvalidCharacters='true' V1='4' name='XML'>
    <namespaceContainers t='220' ref='Namespace Containers/WebIntegration_v2_PartyManagementService_v98_PartyManagementService_pega_98.xml'/>
  </defaultRep>
  <namespaceList t='161' id='163' V161='1' namespaceUri='___osdtDummy___' V1='4'>
  </namespaceList>
  <namespaceList t='161' id='164' V161='1' namespaceUri='urn:PegaRULES:SOAP:PartyManagementService:Services' namespacePrefix='nslt1' V1='4'>
  </namespaceList>
  <child t='162' id='165' V1='4' name='Representations'>
    <child t='172' idref='162'/>
  </child>
  <child t='165' id='166' V1='4' name='Document Bindings'>
    <child t='166' id='167' V166='5' docType='1' V1='4' name='/nslt1:GetPartyDetailsResponseType'>
      <elemNode t='167' idref='2'/>
    </child>
  </child>
</root>
