<?xml version="1.0" encoding="UTF-8"?>
<root t='190' id='1' V190='11' inStruct='Structures/NotificationService/Aggregation.xml' outStruct='Structures/NotificationService/Elements/cns/UpdateNotificationsRequest.xml' inputRep='172' outputRep='172' nextMap='' inputStructUserName='Aggregation' outputStructUserName='UpdateNotificationsRequest' V1='4' name='NotificationRequest' incarnation='278'>
  <inputMapElem t='200' id='2' V200='7' input='true' shown='5' structElemExists='true' V283='1' occurMinTimes='1' occurMaxTimes='1' minSize='-1' maxSize='-1' groupType='1' repHandlerStruct='' visible='true' inheritsFrom='' namespaceIndex='1' V281='13' V1='4' name='Notifications'>
    <mapNode t='190' idref='1'/>
    <child t='200' id='3' V200='7' input='true' shown='5' structElemExists='true' V283='1' occurMinTimes='1' occurMaxTimes='-1' minSize='-1' maxSize='-1' groupType='1' repHandlerStruct='' visible='true' inheritsFrom='' namespaceIndex='2' V281='13' V1='4' name='Notification' checksumValid='true' checksum='Oit535e7hi2WR0Sl3NLfbxqDxc0='>
      <mapNode t='190' idref='1'/>
      <child t='200' id='4' V200='7' input='true' shown='5' structElemExists='true' V283='1' occurMinTimes='1' occurMaxTimes='1' minSize='-1' maxSize='-1' dataType='2' repHandlerStruct='' visible='true' inheritsFrom='' namespaceIndex='2' V281='13' V1='4' name='Source'>
        <mapNode t='190' idref='1'/>
      </child>
      <child t='200' id='5' V200='7' input='true' shown='5' structElemExists='true' V283='1' occurMinTimes='1' occurMaxTimes='1' minSize='-1' maxSize='-1' dataType='2' repHandlerStruct='' visible='true' inheritsFrom='' namespaceIndex='2' V281='13' V1='4' name='Domain'>
        <mapNode t='190' idref='1'/>
      </child>
      <child t='200' id='6' V200='7' input='true' shown='5' structElemExists='true' V283='1' occurMinTimes='1' occurMaxTimes='1' minSize='-1' maxSize='-1' groupType='1' repHandlerStruct='' visible='true' inheritsFrom='' namespaceIndex='2' V281='13' V1='4' name='NotificationIdentifier'>
        <mapNode t='190' idref='1'/>
      </child>
      <child t='200' id='7' V200='7' input='true' shown='5' structElemExists='true' V283='1' occurMinTimes='1' occurMaxTimes='1' minSize='-1' maxSize='-1' dataType='2' repHandlerStruct='' visible='true' inheritsFrom='' namespaceIndex='2' V281='13' V1='4' name='Action'>
        <mapNode t='190' idref='1'/>
      </child>
      <child t='200' id='8' V200='7' input='true' shown='5' structElemExists='true' V283='1' occurMinTimes='1' occurMaxTimes='1' minSize='-1' maxSize='-1' dataType='2' repHandlerStruct='' visible='true' inheritsFrom='' namespaceIndex='2' V281='13' V1='4' name='Timestamp'>
        <mapNode t='190' idref='1'/>
      </child>
      <child t='200' id='9' V200='7' input='true' shown='5' structElemExists='true' V283='1' occurMinTimes='1' occurMaxTimes='1' minSize='-1' maxSize='-1' dataType='2' repHandlerStruct='' visible='true' inheritsFrom='' namespaceIndex='2' V281='13' V1='4' name='Status'>
        <mapNode t='190' idref='1'/>
      </child>
      <child t='200' id='10' V200='7' input='true' shown='4' structElemExists='true' new='true' V283='1' occurMinTimes='1' occurMaxTimes='1' minSize='-1' maxSize='-1' groupType='1' repHandlerStruct='' visible='true' inheritsFrom='' namespaceIndex='2' V281='13' V1='4' name='RootEntity'>
        <mapNode t='190' idref='1'/>
        <child t='200' id='11' V200='7' input='true' shown='4' structElemExists='true' new='true' V283='1' occurMinTimes='1' occurMaxTimes='1' minSize='-1' maxSize='-1' dataType='2' repHandlerStruct='' visible='true' inheritsFrom='' namespaceIndex='2' V281='13' V1='4' name='Type'>
          <mapNode t='190' idref='1'/>
        </child>
        <child t='200' id='12' V200='7' input='true' shown='4' structElemExists='true' new='true' V283='1' occurMinTimes='1' occurMaxTimes='1' minSize='-1' maxSize='-1' dataType='2' repHandlerStruct='' visible='true' inheritsFrom='' namespaceIndex='2' V281='13' V1='4' name='Identifier'>
          <mapNode t='190' idref='1'/>
        </child>
      </child>
      <child t='200' id='13' V200='7' input='true' shown='5' structElemExists='true' V283='1' occurMinTimes='1' occurMaxTimes='1' minSize='-1' maxSize='-1' groupType='1' repHandlerStruct='' visible='true' inheritsFrom='' namespaceIndex='2' V281='13' V1='4' name='Entity'>
        <mapNode t='190' idref='1'/>
        <child t='200' id='14' V200='7' input='true' shown='6' structElemExists='true' V283='1' occurMinTimes='1' occurMaxTimes='1' minSize='-1' maxSize='-1' dataType='2' repHandlerStruct='' visible='true' inheritsFrom='' namespaceIndex='2' V281='13' V1='4' name='Type'>
          <mapNode t='190' idref='1'/>
        </child>
        <child t='200' id='15' V200='7' input='true' shown='6' structElemExists='true' V283='1' occurMinTimes='1' occurMaxTimes='1' minSize='-1' maxSize='-1' dataType='2' repHandlerStruct='' visible='true' inheritsFrom='' namespaceIndex='2' V281='13' V1='4' name='Identifier'>
          <mapNode t='190' idref='1'/>
        </child>
        <child t='200' id='16' V200='7' input='true' shown='6' structElemExists='true' V283='1' occurMinTimes='1' occurMaxTimes='1' minSize='-1' maxSize='-1' dataType='2' repHandlerStruct='' visible='true' inheritsFrom='' namespaceIndex='2' V281='13' V1='4' name='Code'>
          <mapNode t='190' idref='1'/>
        </child>
        <child t='200' id='17' V200='7' input='true' shown='6' structElemExists='true' V283='1' occurMinTimes='1' occurMaxTimes='1' minSize='-1' maxSize='-1' dataType='2' repHandlerStruct='' visible='true' inheritsFrom='' namespaceIndex='2' V281='13' V1='4' name='Name'>
          <mapNode t='190' idref='1'/>
        </child>
      </child>
    </child>
  </inputMapElem>
  <outputMapElem t='200' id='18' V200='7' shown='5' structElemExists='true' V283='1' occurMinTimes='1' occurMaxTimes='1' minSize='-1' maxSize='-1' inheritsFromCopyRule='20' groupType='1' repHandlerStruct='' visible='true' inheritsFrom='Structures/NotificationService/Types/hsgnnso/UpdateNotificationsRequestType.xml' namespaceIndex='1' V281='13' modifiedFromParent_loop='true' V1='4' name='UpdateNotificationsRequest'>
    <mapNode t='190' idref='1'/>
    <loop>SimpleLoop([autoAdded="true"],in$/hsgnnso:Notifications,{Filter},{Sort Keys},{Contexts})</loop>
    <child t='200' id='19' V200='7' shown='5' structElemExists='true' V283='1' occurMinTimes='1' occurMaxTimes='1' minSize='-1' maxSize='-1' inheritsFromCopyRule='20' groupType='1' repHandlerStruct='' visible='true' inheritsFrom='Structures/NotificationService/Types/hsgn/UpdateNotificationsType.xml' namespaceIndex='2' V281='13' V1='4' name='UpdateNotifications'>
      <mapNode t='190' idref='1'/>
      <child t='200' id='20' V200='7' shown='5' structElemExists='true' V283='1' occurMinTimes='1' occurMaxTimes='-1' minSize='-1' maxSize='-1' inheritsFromCopyRule='20' groupType='1' repHandlerStruct='' visible='true' inheritsFrom='Structures/NotificationService/Types/hsgn/UpdateNotificationType.xml' namespaceIndex='3' V281='13' modifiedFromParent_loop='true' V1='4' name='UpdateNotification'>
        <mapNode t='190' idref='1'/>
        <loop>SimpleLoop(in$/hsgnnso:Notifications/hsgn:Notification,{Filter},{Sort Keys},{Contexts})</loop>
        <child t='200' id='21' V200='7' shown='5' structElemExists='true' V283='1' occurMinTimes='1' occurMaxTimes='1' minSize='-1' maxSize='-1' dataType='2' repHandlerStruct='' visible='true' inheritsFrom='' namespaceIndex='3' V281='13' modifiedFromParent_value='true' V1='4' name='NotificationIdentifier'>
          <mapNode t='190' idref='1'/>
          <value>in$/hsgnnso:Notifications/hsgn:Notification/hsgn:NotificationIdentifier</value>
        </child>
        <child t='200' id='22' V200='7' shown='5' structElemExists='true' valueSetIndex='1' V283='1' occurMinTimes='1' occurMaxTimes='1' minSize='-1' maxSize='-1' inheritsFromCopyRule='20' dataType='2' repHandlerStruct='' visible='true' inheritsFrom='Structures/NotificationService/Types/hsgn/StatusEnum.xml' namespaceIndex='3' V281='13' modifiedFromParent_value='true' V1='4' name='Status'>
          <mapNode t='190' idref='1'/>
          <value>Constant([value="Closed",dataType="2"],)</value>
        </child>
      </child>
    </child>
  </outputMapElem>
  <inputNsList t='161' id='23' V161='1' namespaceUri='___osdtDummy___' V1='4'>
  </inputNsList>
  <inputNsList t='161' id='24' V161='1' namespaceUri='http://www.homeserve.com/Global/Notification/NotificationServiceOperations/v1' namespacePrefix='hsgnnso' V1='4'>
  </inputNsList>
  <inputNsList t='161' id='25' V161='1' namespaceUri='http://www.homeserve.com/Global/Notification/v1' namespacePrefix='hsgn' V1='4'>
  </inputNsList>
  <outputNsList t='161' id='26' V161='1' namespaceUri='___osdtDummy___' V1='4'>
  </outputNsList>
  <outputNsList t='161' id='27' V161='1' namespaceUri='http://www.homeserve.com/global/Notification/NotificationService/v1/' namespacePrefix='cns' V1='4'>
  </outputNsList>
  <outputNsList t='161' id='28' V161='1' namespaceUri='http://www.homeserve.com/Global/Notification/NotificationServiceOperations/v1' namespacePrefix='hsgnnso' V1='4'>
  </outputNsList>
  <outputNsList t='161' id='29' V161='1' namespaceUri='http://www.homeserve.com/Global/Notification/v1' namespacePrefix='hsgn' V1='4'>
  </outputNsList>
  <inputRepRuntime t='692' id='30' V692='1' unnamedElemsNamespace='1' V690='1'>
    <namespaceContainers t='220' ref='Namespace Containers/NotificationService.xml'/>
  </inputRepRuntime>
  <outputRepRuntime t='692' id='31' V692='1' V690='1'>
    <namespaceContainers t='220' ref='Namespace Containers/NotificationService.xml'/>
  </outputRepRuntime>
  <valueSets></valueSets>
  <valueSets>Open|Closed</valueSets>
  <valueSetKeys>Structures/NotificationService/Types/hsgn/StatusEnum.xml</valueSetKeys>
  <valueSetKeys>1</valueSetKeys>
  <inputXmlRepRuntime t='692' idref='30'/>
  <outputXmlRepRuntime t='692' idref='31'/>
  <child t='165' id='32' V1='4' name='Document Bindings'>
    <child t='166' id='33' V166='5' docType='1' docReposPath='/HOMESERVE_ESB_T56/Sample Data/NotificationService/Aggregation/Aggregation' V1='4' name='in$/hsgnnso:Notifications'>
      <elemNode t='200' idref='2'/>
    </child>
    <child t='166' id='34' V166='5' docType='2' V1='4' name='out$/cns:UpdateNotificationsRequest'>
      <elemNode t='200' idref='18'/>
    </child>
  </child>
  <child t='201' id='35' V1='4' name='Inherits From'>
  </child>
</root>
