<?xml version="1.0" encoding="UTF-8"?>
<root t='150' id='1' V150='13' creationTimestamp='0x157dd0e39d3' V1='4' name='GetDetailsRequest' incarnation='10'>
  <rootElem t='167' id='2' V167='21' inheritsFromIncarnation='10' inheritsFromTimestamp='0x157dd0e39ab' inheritsInThisStruct='true' V283='1' occurMinTimes='1' occurMaxTimes='1' minSize='-1' maxSize='-1' inheritsFromCopyRule='20' groupType='1' repHandlerStruct='' visible='true' inheritsFrom='Structures/ProductMapping_V2/ProductMapping_V2_0.1/Types/hsgpd/KeyAttributeSetType.xml' namespaceIndex='1' V281='13' V1='4' name='GetDetailsRequest'>
    <structNode t='150' idref='1'/>
    <savedDerivedCopy t='167' id='3' V167='21' needInheritInit='true' inheritsInThisStruct='true' V283='1' occurMinTimes='1' occurMaxTimes='1' minSize='-1' maxSize='-1' inheritsFromCopyRule='20' groupType='1' repHandlerStruct='' visible='true' inheritsFrom='Structures/ProductMapping_V2/ProductMapping_V2_0.1/Types/hsgpd/KeyAttributeSetType.xml' namespaceIndex='1' V281='13' V1='4' name='GetDetailsRequest'>
    </savedDerivedCopy>
    <savedOrigCopyAtInheritsFrom t='167' id='4' V167='21' V283='1' occurMaxTimes='1' minSize='-1' maxSize='-1' groupType='1' repHandlerStruct='' inheritsFrom='' namespaceIndex='1' V281='13' V1='4' name='KeyAttributeSetType'>
    </savedOrigCopyAtInheritsFrom>
  </rootElem>
  <defaultRep t='172' id='5' V172='6' autoFixNamespaceMismatch='true' V170='10' V692='1' V690='1' ignoreExcluded='true' fixInvalidCharacters='true' V1='4' name='XML'>
    <namespaceContainers t='220' ref='Namespace Containers/ProductMapping_V2_ProductMapping_V2_0.1.xml'/>
  </defaultRep>
  <namespaceList t='161' id='6' V161='1' namespaceUri='___osdtDummy___' V1='4'>
  </namespaceList>
  <namespaceList t='161' id='7' V161='1' namespaceUri='http://www.homeserve.com/Global/ProductMapping/ProductMappingService/v1' namespacePrefix='pm' V1='4'>
  </namespaceList>
  <namespaceList t='161' id='8' V161='1' namespaceUri='http://www.homeserve.com/Global/ProductMapping/ProductMappingServiceOperations/v2' namespacePrefix='hsgpd' V1='4'>
  </namespaceList>
  <namespaceList t='161' id='9' V161='1' namespaceUri='http://www.homeserve.com/Global/ProductMapping/ProductMappingServiceOperations/v2' namespacePrefix='hsgpd' V1='4'>
  </namespaceList>
  <namespaceList t='161' id='10' V161='1' namespaceUri='http://www.homeserve.com/Global/ProductMapping/v1' namespacePrefix='hspm' V1='4'>
  </namespaceList>
  <child t='162' id='11' V1='4' name='Representations'>
    <child t='172' idref='5'/>
  </child>
  <child t='165' id='12' V1='4' name='Document Bindings'>
    <child t='166' id='13' V166='5' docType='1' V1='4' name='/pm:GetDetailsRequest'>
      <elemNode t='167' idref='2'/>
    </child>
  </child>
</root>
