<?xml version="1.0" encoding="UTF-8"?>
<root t='190' id='1' V190='11' inStruct='Structures/WebIntegration_v2/PartyManagementService/PartyManagementService_Pega_0.1/Elements/nslt1/UpdAddrContDetAndPrefResponse.xml' outStruct='Structures/WebIntegration_v2/PartyManagementService/v2/PartytManagementService_Esb_0.1/Elements/hsegcppms/UpdateAddressContactDetailsAndPreferencesResponse.xml' inputRep='172' outputRep='172' nextMap='' inputStructUserName='UpdAddrContDetAndPrefResponse' outputStructUserName='UpdateAddressContactDetailsAndPreferencesResponse' V1='4' name='UpdateAddressContactDetailsAndPreferencesResponseMap' incarnation='383'>
  <inputMapElem t='200' id='2' V200='7' input='true' shown='5' structElemExists='true' V283='1' occurMinTimes='1' occurMaxTimes='1' minSize='-1' maxSize='-1' inheritsFromCopyRule='20' groupType='1' repHandlerStruct='' visible='true' inheritsFrom='Structures/WebIntegration_v2/PartyManagementService/PartyManagementService_Pega_0.1/Types/nslt1/UpdAddrContDetAndPrefResponseType.xml' namespaceIndex='1' V281='13' V1='4' name='UpdAddrContDetAndPrefResponse'>
    <mapNode t='190' idref='1'/>
    <child t='200' id='3' V200='7' input='true' shown='5' structElemExists='true' V283='1' occurMinTimes='1' occurMaxTimes='1' minSize='-1' maxSize='-1' groupType='1' repHandlerStruct='' visible='true' inheritsFrom='' V281='13' V1='4' name='Outcome'>
      <mapNode t='190' idref='1'/>
      <child t='200' id='4' V200='7' input='true' shown='5' structElemExists='true' V283='1' occurMinTimes='1' occurMaxTimes='1' minSize='-1' maxSize='-1' dataType='2' repHandlerStruct='' visible='true' inheritsFrom='' V281='13' V1='4' name='ResultCode'>
        <mapNode t='190' idref='1'/>
      </child>
      <child t='200' id='5' V200='7' input='true' shown='5' structElemExists='true' V283='1' occurMinTimes='1' occurMaxTimes='1' minSize='-1' maxSize='-1' dataType='2' repHandlerStruct='' visible='true' inheritsFrom='' V281='13' V1='4' name='ResultStatus'>
        <mapNode t='190' idref='1'/>
      </child>
      <child t='200' id='6' V200='7' input='true' shown='5' structElemExists='true' V283='1' occurMinTimes='1' occurMaxTimes='1' minSize='-1' maxSize='-1' dataType='2' repHandlerStruct='' visible='true' inheritsFrom='' V281='13' V1='4' name='ResultDescription'>
        <mapNode t='190' idref='1'/>
      </child>
      <child t='200' id='7' V200='7' input='true' shown='5' structElemExists='true' V283='1' occurMaxTimes='-1' minSize='-1' maxSize='-1' groupType='1' repHandlerStruct='' visible='true' inheritsFrom='' V281='13' V1='4' name='ProcessOutcome'>
        <mapNode t='190' idref='1'/>
        <child t='200' id='8' V200='7' input='true' shown='5' structElemExists='true' V283='1' occurMinTimes='1' occurMaxTimes='1' minSize='-1' maxSize='-1' dataType='2' repHandlerStruct='' visible='true' inheritsFrom='' V281='13' V1='4' name='Code'>
          <mapNode t='190' idref='1'/>
        </child>
        <child t='200' id='9' V200='7' input='true' shown='5' structElemExists='true' V283='1' occurMinTimes='1' occurMaxTimes='1' minSize='-1' maxSize='-1' dataType='2' repHandlerStruct='' visible='true' inheritsFrom='' V281='13' V1='4' name='InteractionID'>
          <mapNode t='190' idref='1'/>
        </child>
        <child t='200' id='10' V200='7' input='true' shown='5' structElemExists='true' V283='1' occurMinTimes='1' occurMaxTimes='1' minSize='-1' maxSize='-1' dataType='2' repHandlerStruct='' visible='true' inheritsFrom='' V281='13' V1='4' name='Description'>
          <mapNode t='190' idref='1'/>
        </child>
        <child t='200' id='11' V200='7' input='true' shown='5' structElemExists='true' V283='1' occurMaxTimes='-1' minSize='-1' maxSize='-1' groupType='1' repHandlerStruct='' visible='true' inheritsFrom='' V281='13' V1='4' name='ServiceIntentList'>
          <mapNode t='190' idref='1'/>
          <child t='200' id='12' V200='7' input='true' shown='5' structElemExists='true' V283='1' occurMinTimes='1' occurMaxTimes='1' minSize='-1' maxSize='-1' dataType='2' repHandlerStruct='' visible='true' inheritsFrom='' V281='13' V1='4' name='CaseID'>
            <mapNode t='190' idref='1'/>
          </child>
        </child>
      </child>
    </child>
  </inputMapElem>
  <outputMapElem t='200' id='13' V200='7' shown='5' structElemExists='true' V283='1' occurMinTimes='1' occurMaxTimes='1' minSize='-1' maxSize='-1' inheritsFromCopyRule='20' groupType='1' repHandlerStruct='' visible='true' inheritsFrom='Structures/WebIntegration_v2/PartyManagementService/v2/PartytManagementService_Esb_0.1/Types/hsegccprmso/UpdateAddressContactDetailsAndPreferencesResponseType.xml' namespaceIndex='1' V281='13' modifiedFromParent_loop='true' V1='4' name='UpdateAddressContactDetailsAndPreferencesResponse'>
    <mapNode t='190' idref='1'/>
    <loop>SimpleLoop([autoAdded="true"],in$/nslt1:UpdAddrContDetAndPrefResponse,{Filter},{Sort Keys},{Contexts})</loop>
    <child t='200' id='14' V200='7' shown='5' structElemExists='true' V283='1' occurMinTimes='1' occurMaxTimes='1' minSize='-1' maxSize='-1' inheritsFromCopyRule='20' groupType='1' repHandlerStruct='' visible='true' inheritsFrom='Structures/WebIntegration_v2/PartyManagementService/v2/PartytManagementService_Esb_0.1/Types/hsgco/OutcomeType.xml' namespaceIndex='2' V281='13' V1='4' name='Outcome'>
      <mapNode t='190' idref='1'/>
      <child t='200' id='15' V200='7' shown='5' structElemExists='true' V283='1' occurMinTimes='1' occurMaxTimes='1' minSize='-1' maxSize='-1' dataType='12' repHandlerStruct='' visible='true' inheritsFrom='' namespaceIndex='3' V281='13' modifiedFromParent_value='true' V1='4' name='ResultCode'>
        <mapNode t='190' idref='1'/>
        <value>in$/nslt1:UpdAddrContDetAndPrefResponse/Outcome/ResultCode</value>
      </child>
      <child t='200' id='16' V200='7' shown='5' structElemExists='true' V283='1' occurMinTimes='1' occurMaxTimes='1' minSize='-1' maxSize='-1' dataType='2' repHandlerStruct='' visible='true' inheritsFrom='' namespaceIndex='3' V281='13' modifiedFromParent_value='true' V1='4' name='ResultDescription'>
        <mapNode t='190' idref='1'/>
        <value>in$/nslt1:UpdAddrContDetAndPrefResponse/Outcome/ResultDescription</value>
      </child>
      <child t='200' id='17' V200='7' shown='5' structElemExists='true' V283='1' occurMinTimes='1' occurMaxTimes='1' minSize='-1' maxSize='-1' dataType='2' repHandlerStruct='' visible='true' inheritsFrom='' namespaceIndex='3' V281='13' modifiedFromParent_value='true' V1='4' name='ResultStatus'>
        <mapNode t='190' idref='1'/>
        <value>in$/nslt1:UpdAddrContDetAndPrefResponse/Outcome/ResultStatus</value>
      </child>
      <child t='200' id='18' V200='7' shown='5' structElemExists='true' V283='1' occurMaxTimes='-1' minSize='-1' maxSize='-1' inheritsFromCopyRule='20' groupType='1' repHandlerStruct='' visible='true' inheritsFrom='Structures/WebIntegration_v2/PartyManagementService/v2/PartytManagementService_Esb_0.1/Types/hsgco/ProcessOutcomeType.xml' namespaceIndex='3' V281='13' modifiedFromParent_loop='true' V1='4' name='ProcessOutcome'>
        <mapNode t='190' idref='1'/>
        <loop>SimpleLoop(in$/nslt1:UpdAddrContDetAndPrefResponse/Outcome/ProcessOutcome,{Filter},{Sort Keys},{Contexts})</loop>
        <child t='200' id='19' V200='7' shown='5' structElemExists='true' V283='1' occurMinTimes='1' occurMaxTimes='1' minSize='-1' maxSize='-1' dataType='2' repHandlerStruct='' visible='true' inheritsFrom='' namespaceIndex='3' V281='13' modifiedFromParent_value='true' V1='4' name='Code'>
          <mapNode t='190' idref='1'/>
          <value>in$/nslt1:UpdAddrContDetAndPrefResponse/Outcome/ProcessOutcome/Code</value>
        </child>
        <child t='200' id='20' V200='7' shown='5' structElemExists='true' V283='1' occurMinTimes='1' occurMaxTimes='1' minSize='-1' maxSize='-1' dataType='2' repHandlerStruct='' visible='true' inheritsFrom='' namespaceIndex='3' V281='13' modifiedFromParent_value='true' V1='4' name='InteractionID'>
          <mapNode t='190' idref='1'/>
          <value>in$/nslt1:UpdAddrContDetAndPrefResponse/Outcome/ProcessOutcome/InteractionID</value>
        </child>
        <child t='200' id='21' V200='7' shown='5' structElemExists='true' V283='1' occurMinTimes='1' occurMaxTimes='1' minSize='-1' maxSize='-1' dataType='2' repHandlerStruct='' visible='true' inheritsFrom='' namespaceIndex='3' V281='13' modifiedFromParent_value='true' V1='4' name='Description'>
          <mapNode t='190' idref='1'/>
          <value>in$/nslt1:UpdAddrContDetAndPrefResponse/Outcome/ProcessOutcome/Description</value>
        </child>
        <child t='200' id='22' V200='7' shown='5' structElemExists='true' V283='1' occurMinTimes='1' occurMaxTimes='-1' minSize='-1' maxSize='-1' inheritsFromCopyRule='20' groupType='1' repHandlerStruct='' visible='true' inheritsFrom='Structures/WebIntegration_v2/PartyManagementService/v2/PartytManagementService_Esb_0.1/Types/hsgco/ServiceIntentType.xml' namespaceIndex='3' V281='13' modifiedFromParent_loop='true' V1='4' name='ServiceIntentList'>
          <mapNode t='190' idref='1'/>
          <loop>SimpleLoop(in$/nslt1:UpdAddrContDetAndPrefResponse/Outcome/ProcessOutcome/ServiceIntentList,{Filter},{Sort Keys},{Contexts})</loop>
          <child t='200' id='23' V200='7' shown='5' structElemExists='true' V283='1' occurMinTimes='1' occurMaxTimes='1' minSize='-1' maxSize='-1' dataType='2' repHandlerStruct='' visible='true' inheritsFrom='' namespaceIndex='3' V281='13' modifiedFromParent_value='true' V1='4' name='CaseId'>
            <mapNode t='190' idref='1'/>
            <value>in$/nslt1:UpdAddrContDetAndPrefResponse/Outcome/ProcessOutcome/ServiceIntentList/CaseID</value>
          </child>
        </child>
      </child>
    </child>
  </outputMapElem>
  <inputNsList t='161' id='24' V161='1' namespaceUri='___osdtDummy___' V1='4'>
  </inputNsList>
  <inputNsList t='161' id='25' V161='1' namespaceUri='urn:PegaRULES:SOAP:PartyManagementService:Services' namespacePrefix='nslt1' V1='4'>
  </inputNsList>
  <outputNsList t='161' id='26' V161='1' namespaceUri='___osdtDummy___' V1='4'>
  </outputNsList>
  <outputNsList t='161' id='27' V161='1' namespaceUri='http://www.homeserve.com/Europe/GB/Customer/Party/PartyManagementService/v1' namespacePrefix='hsegcppms' V1='4'>
  </outputNsList>
  <outputNsList t='161' id='28' V161='1' namespaceUri='http://www.homeserve.com/Europe/GB/Customer/Party/PartyManagementServiceOperations/v1' namespacePrefix='hsegccprmso' V1='4'>
  </outputNsList>
  <outputNsList t='161' id='29' V161='1' namespaceUri='http://www.homeserve.com/Global/Common/CommonService/v1' namespacePrefix='hsgco' V1='4'>
  </outputNsList>
  <inputRepRuntime t='692' id='30' V692='1' V690='1'>
    <namespaceContainers t='220' ref='Namespace Containers/WebIntegration_v2_PartyManagementService_PartyManagementService_Pega_0.1.xml'/>
  </inputRepRuntime>
  <outputRepRuntime t='692' id='31' V692='1' V690='1'>
    <namespaceContainers t='220' ref='Namespace Containers/WebIntegration_v2_PartyManagementService_v2_PartytManagementService_Esb_0.1.xml'/>
  </outputRepRuntime>
  <valueSets></valueSets>
  <inputXmlRepRuntime t='692' idref='30'/>
  <outputXmlRepRuntime t='692' idref='31'/>
  <child t='165' id='32' V1='4' name='Document Bindings'>
    <child t='166' id='33' V166='5' docType='1' V1='4' name='in$/nslt1:UpdAddrContDetAndPrefResponse'>
      <elemNode t='200' idref='2'/>
    </child>
    <child t='166' id='34' V166='5' docType='2' V1='4' name='out$/hsegcppms:UpdateAddressContactDetailsAndPreferencesResponse'>
      <elemNode t='200' idref='13'/>
    </child>
  </child>
  <child t='201' id='35' V1='4' name='Inherits From'>
  </child>
</root>
