<?xml version="1.0" encoding="UTF-8"?>
<root t='150' id='1' V150='13' creationTimestamp='0x15cab93db74' V1='4' name='ClaimType' incarnation='10'>
  <rootElem t='167' id='2' V167='21' V283='1' occurMaxTimes='1' minSize='-1' maxSize='-1' groupType='1' repHandlerStruct='' inheritsFrom='' namespaceIndex='1' V281='13' V1='4' name='ClaimType'>
    <structNode t='150' idref='1'/>
    <child t='167' id='3' V167='21' V283='1' occurMinTimes='1' occurMaxTimes='1' minSize='-1' maxSize='-1' dataType='2' repHandlerStruct='' visible='true' inheritsFrom='' namespaceIndex='1' V281='13' V1='4' name='ClaimReference'>
      <structNode t='150' idref='1'/>
    </child>
    <child t='167' id='4' V167='21' inheritsFromIncarnation='8' inheritsFromTimestamp='0x15cab93db54' inheritsInThisStruct='true' V283='1' occurMinTimes='1' occurMaxTimes='1' minSize='-1' maxSize='-1' inheritsFromCopyRule='20' dataType='2' repHandlerStruct='' visible='true' inheritsFrom='Structures/ContractsService/17Dec2015/ContractsService/Types/hsgcc/ClaimStatusEnum.xml' namespaceIndex='1' V281='13' V1='4' name='ClaimStatus'>
      <structNode t='150' idref='1'/>
      <longDesc>Status of Claims</longDesc>
      <savedDerivedCopy t='167' id='5' V167='21' needInheritInit='true' inheritsInThisStruct='true' V283='1' occurMinTimes='1' occurMaxTimes='1' minSize='-1' maxSize='-1' inheritsFromCopyRule='20' dataType='2' repHandlerStruct='' visible='true' inheritsFrom='Structures/ContractsService/17Dec2015/ContractsService/Types/hsgcc/ClaimStatusEnum.xml' namespaceIndex='1' V281='13' V1='4' name='ClaimStatus'>
        <longDesc>Status of Claims</longDesc>
      </savedDerivedCopy>
      <savedOrigCopyAtInheritsFrom t='167' id='6' V167='21' V283='1' occurMaxTimes='1' minSize='-1' maxSize='-1' dataType='2' repHandlerStruct='' inheritsFrom='' namespaceIndex='1' V281='13' V1='4' name='ClaimStatusEnum'>
        <longDesc>Status of Claims</longDesc>
      </savedOrigCopyAtInheritsFrom>
    </child>
    <child t='167' id='7' V167='21' inheritsFromIncarnation='9' inheritsFromTimestamp='0x15cab93db75' inheritsInThisStruct='true' V283='1' occurMinTimes='1' occurMaxTimes='1' minSize='-1' maxSize='-1' inheritsFromCopyRule='20' groupType='1' repHandlerStruct='' visible='true' inheritsFrom='Structures/ContractsService/17Dec2015/ContractsService/Types/hsgcc/JobsType.xml' namespaceIndex='1' V281='13' V1='4' name='Jobs'>
      <structNode t='150' idref='1'/>
      <savedDerivedCopy t='167' id='8' V167='21' needInheritInit='true' inheritsInThisStruct='true' V283='1' occurMinTimes='1' occurMaxTimes='1' minSize='-1' maxSize='-1' inheritsFromCopyRule='20' groupType='1' repHandlerStruct='' visible='true' inheritsFrom='Structures/ContractsService/17Dec2015/ContractsService/Types/hsgcc/JobsType.xml' namespaceIndex='1' V281='13' V1='4' name='Jobs'>
      </savedDerivedCopy>
      <savedOrigCopyAtInheritsFrom t='167' id='9' V167='21' V283='1' occurMaxTimes='1' minSize='-1' maxSize='-1' groupType='1' repHandlerStruct='' inheritsFrom='' namespaceIndex='1' V281='13' V1='4' name='JobsType'>
      </savedOrigCopyAtInheritsFrom>
    </child>
  </rootElem>
  <defaultRep t='172' id='10' V172='6' autoFixNamespaceMismatch='true' V170='10' V692='1' unnamedElemsNamespace='1' V690='1' ignoreExcluded='true' fixInvalidCharacters='true' V1='4' name='XML'>
    <namespaceContainers t='220' ref='Namespace Containers/ContractsService_17Dec2015_ContractsService.xml'/>
  </defaultRep>
  <namespaceList t='161' id='11' V161='1' namespaceUri='___osdtDummy___' V1='4'>
  </namespaceList>
  <namespaceList t='161' id='12' V161='1' namespaceUri='http://www.homeserve.com/Global/Customer/Claim/v1' namespacePrefix='hsgcc' V1='4'>
  </namespaceList>
  <child t='162' id='13' V1='4' name='Representations'>
    <child t='172' idref='10'/>
  </child>
  <child t='165' id='14' V1='4' name='Document Bindings'>
    <child t='166' id='15' V166='5' docType='1' V1='4' name='/hsgcc:ClaimType'>
      <elemNode t='167' idref='2'/>
    </child>
  </child>
</root>
