<?xml version="1.0" encoding="UTF-8"?>
<root t='150' id='1' V150='13' creationTimestamp='0x15a8f301638' V1='4' name='InstructionType' incarnation='8'>
  <rootElem t='167' id='2' V167='21' V283='1' occurMaxTimes='1' minSize='-1' maxSize='-1' groupType='1' repHandlerStruct='' inheritsFrom='' V281='13' V1='4' name='InstructionType'>
    <structNode t='150' idref='1'/>
    <child t='167' id='3' V167='21' V283='1' occurMinTimes='1' occurMaxTimes='1' minSize='-1' maxSize='-1' dataType='2' repHandlerStruct='' visible='true' inheritsFrom='' V281='13' V1='4' name='InstructionID'>
      <structNode t='150' idref='1'/>
    </child>
    <child t='167' id='4' V167='21' V283='1' occurMaxTimes='1' minSize='-1' maxSize='-1' dataType='2' repHandlerStruct='' visible='true' inheritsFrom='' V281='13' V1='4' name='ParentInstructionID'>
      <structNode t='150' idref='1'/>
    </child>
    <child t='167' id='5' V167='21' inheritsFromIncarnation='8' inheritsFromTimestamp='0x15a8f301639' inheritsInThisStruct='true' V283='1' occurMinTimes='1' occurMaxTimes='1' minSize='-1' maxSize='-1' inheritsFromCopyRule='20' dataType='2' repHandlerStruct='' visible='true' inheritsFrom='Structures/R6.4/GMCRestRequest/Types/InstructionTypeEnum.xml' V281='13' V1='4' name='InstructionType'>
      <structNode t='150' idref='1'/>
      <savedDerivedCopy t='167' id='6' V167='21' needInheritInit='true' inheritsInThisStruct='true' V283='1' occurMinTimes='1' occurMaxTimes='1' minSize='-1' maxSize='-1' inheritsFromCopyRule='20' dataType='2' repHandlerStruct='' visible='true' inheritsFrom='Structures/R6.4/GMCRestRequest/Types/InstructionTypeEnum.xml' V281='13' V1='4' name='InstructionType'>
      </savedDerivedCopy>
      <savedOrigCopyAtInheritsFrom t='167' id='7' V167='21' V283='1' occurMaxTimes='1' minSize='-1' maxSize='-1' dataType='2' repHandlerStruct='' inheritsFrom='' V281='13' V1='4' name='InstructionTypeEnum'>
      </savedOrigCopyAtInheritsFrom>
    </child>
  </rootElem>
  <defaultRep t='172' id='8' V172='6' autoFixNamespaceMismatch='true' V170='10' V692='1' V690='1' ignoreExcluded='true' fixInvalidCharacters='true' V1='4' name='XML'>
    <namespaceContainers t='220' ref='Namespace Containers/R6.4_GMCRestRequest.xml'/>
  </defaultRep>
  <child t='162' id='9' V1='4' name='Representations'>
    <child t='172' idref='8'/>
  </child>
  <child t='165' id='10' V1='4' name='Document Bindings'>
    <child t='166' id='11' V166='5' docType='1' V1='4' name='/InstructionType'>
      <elemNode t='167' idref='2'/>
    </child>
  </child>
</root>
