<?xml version="1.0" encoding="UTF-8"?>
<root t='150' id='1' V150='13' creationTimestamp='0x15dea0a611f' V1='4' name='JobStatusEnum' incarnation='8'>
  <rootElem t='167' id='2' V167='21' V283='1' occurMaxTimes='1' minSize='-1' maxSize='-1' dataType='2' repHandlerStruct='' inheritsFrom='' namespaceIndex='1' V281='13' V1='4' name='JobStatusEnum' description='Status of Jobs'>
    <structNode t='150' idref='1'/>
    <child t='167' id='3' V167='21' V283='1' occurMaxTimes='1' minSize='-1' maxSize='-1' dataType='2' elemType='5' repHandlerStruct='' visible='true' inheritsFrom='' V281='13' V1='4' name='Cancelled'>
      <structNode t='150' idref='1'/>
    </child>
    <child t='167' id='4' V167='21' V283='1' occurMaxTimes='1' minSize='-1' maxSize='-1' dataType='2' elemType='5' repHandlerStruct='' visible='true' inheritsFrom='' V281='13' V1='4' name='Closed'>
      <structNode t='150' idref='1'/>
    </child>
    <child t='167' id='5' V167='21' V283='1' occurMaxTimes='1' minSize='-1' maxSize='-1' dataType='2' elemType='5' repHandlerStruct='' visible='true' inheritsFrom='' V281='13' V1='4' name='Deployed'>
      <structNode t='150' idref='1'/>
    </child>
    <child t='167' id='6' V167='21' V283='1' occurMaxTimes='1' minSize='-1' maxSize='-1' dataType='2' elemType='5' repHandlerStruct='' visible='true' inheritsFrom='' V281='13' V1='4' name='Deployable'>
      <structNode t='150' idref='1'/>
    </child>
    <child t='167' id='7' V167='21' V283='1' occurMaxTimes='1' minSize='-1' maxSize='-1' dataType='2' elemType='5' repHandlerStruct='' visible='true' inheritsFrom='' V281='13' V1='4' name='QuoteApproved'>
      <structNode t='150' idref='1'/>
    </child>
    <child t='167' id='8' V167='21' V283='1' occurMaxTimes='1' minSize='-1' maxSize='-1' dataType='2' elemType='5' repHandlerStruct='' visible='true' inheritsFrom='' V281='13' V1='4' name='WorkStarted'>
      <structNode t='150' idref='1'/>
    </child>
    <child t='167' id='9' V167='21' V283='1' occurMaxTimes='1' minSize='-1' maxSize='-1' dataType='2' elemType='5' repHandlerStruct='' visible='true' inheritsFrom='' V281='13' V1='4' name='WorkStopped'>
      <structNode t='150' idref='1'/>
    </child>
    <child t='167' id='10' V167='21' V283='1' occurMaxTimes='1' minSize='-1' maxSize='-1' dataType='2' elemType='5' repHandlerStruct='' visible='true' inheritsFrom='' V281='13' V1='4' name='Awaiting Receipt'>
      <structNode t='150' idref='1'/>
    </child>
    <child t='167' id='11' V167='21' V283='1' occurMaxTimes='1' minSize='-1' maxSize='-1' dataType='2' elemType='5' repHandlerStruct='' visible='true' inheritsFrom='' V281='13' V1='4' name='Awaiting Acceptance'>
      <structNode t='150' idref='1'/>
    </child>
    <child t='167' id='12' V167='21' V283='1' occurMaxTimes='1' minSize='-1' maxSize='-1' dataType='2' elemType='5' repHandlerStruct='' visible='true' inheritsFrom='' V281='13' V1='4' name='Failed'>
      <structNode t='150' idref='1'/>
    </child>
    <child t='167' id='13' V167='21' V283='1' occurMaxTimes='1' minSize='-1' maxSize='-1' dataType='2' elemType='5' repHandlerStruct='' visible='true' inheritsFrom='' V281='13' V1='4' name='Redeployable'>
      <structNode t='150' idref='1'/>
    </child>
    <child t='167' id='14' V167='21' V283='1' occurMaxTimes='1' minSize='-1' maxSize='-1' dataType='2' elemType='5' repHandlerStruct='' visible='true' inheritsFrom='' V281='13' V1='4' name='Phone First'>
      <structNode t='150' idref='1'/>
    </child>
    <child t='167' id='15' V167='21' V283='1' occurMaxTimes='1' minSize='-1' maxSize='-1' dataType='2' elemType='5' repHandlerStruct='' visible='true' inheritsFrom='' V281='13' V1='4' name='Awaiting Customer Contacted'>
      <structNode t='150' idref='1'/>
    </child>
    <child t='167' id='16' V167='21' V283='1' occurMaxTimes='1' minSize='-1' maxSize='-1' dataType='2' elemType='5' repHandlerStruct='' visible='true' inheritsFrom='' V281='13' V1='4' name='Contact Made'>
      <structNode t='150' idref='1'/>
    </child>
    <child t='167' id='17' V167='21' V283='1' occurMaxTimes='1' minSize='-1' maxSize='-1' dataType='2' elemType='5' repHandlerStruct='' visible='true' inheritsFrom='' V281='13' V1='4' name='Cannot Contact Customer'>
      <structNode t='150' idref='1'/>
    </child>
    <child t='167' id='18' V167='21' V283='1' occurMaxTimes='1' minSize='-1' maxSize='-1' dataType='2' elemType='5' repHandlerStruct='' visible='true' inheritsFrom='' V281='13' V1='4' name='Refused'>
      <structNode t='150' idref='1'/>
    </child>
    <child t='167' id='19' V167='21' V283='1' occurMaxTimes='1' minSize='-1' maxSize='-1' dataType='2' elemType='5' repHandlerStruct='' visible='true' inheritsFrom='' V281='13' V1='4' name='Customer Cancelled'>
      <structNode t='150' idref='1'/>
    </child>
    <child t='167' id='20' V167='21' V283='1' occurMaxTimes='1' minSize='-1' maxSize='-1' dataType='2' elemType='5' repHandlerStruct='' visible='true' inheritsFrom='' V281='13' V1='4' name='Awaiting Invoice'>
      <structNode t='150' idref='1'/>
    </child>
    <child t='167' id='21' V167='21' V283='1' occurMaxTimes='1' minSize='-1' maxSize='-1' dataType='2' elemType='5' repHandlerStruct='' visible='true' inheritsFrom='' V281='13' V1='4' name='Engineer On Site'>
      <structNode t='150' idref='1'/>
    </child>
    <child t='167' id='22' V167='21' V283='1' occurMaxTimes='1' minSize='-1' maxSize='-1' dataType='2' elemType='5' repHandlerStruct='' visible='true' inheritsFrom='' V281='13' V1='4' name='Invoice Received'>
      <structNode t='150' idref='1'/>
    </child>
    <child t='167' id='23' V167='21' V283='1' occurMaxTimes='1' minSize='-1' maxSize='-1' dataType='2' elemType='5' repHandlerStruct='' visible='true' inheritsFrom='' V281='13' V1='4' name='Awaiting Closure'>
      <structNode t='150' idref='1'/>
    </child>
    <child t='167' id='24' V167='21' V283='1' occurMaxTimes='1' minSize='-1' maxSize='-1' dataType='2' elemType='5' repHandlerStruct='' visible='true' inheritsFrom='' V281='13' V1='4' name='Pending...'>
      <structNode t='150' idref='1'/>
    </child>
    <child t='167' id='25' V167='21' V283='1' occurMaxTimes='1' minSize='-1' maxSize='-1' dataType='2' elemType='5' repHandlerStruct='' visible='true' inheritsFrom='' V281='13' V1='4' name='Engineer En-Route'>
      <structNode t='150' idref='1'/>
    </child>
    <child t='167' id='26' V167='21' V283='1' occurMaxTimes='1' minSize='-1' maxSize='-1' dataType='2' elemType='5' repHandlerStruct='' visible='true' inheritsFrom='' V281='13' V1='4' name='Appointment Booked Successfully'>
      <structNode t='150' idref='1'/>
    </child>
    <child t='167' id='27' V167='21' V283='1' occurMaxTimes='1' minSize='-1' maxSize='-1' dataType='2' elemType='5' repHandlerStruct='' visible='true' inheritsFrom='' V281='13' V1='4' name='Awaiting Manual Deployment'>
      <structNode t='150' idref='1'/>
    </child>
    <child t='167' id='28' V167='21' V283='1' occurMaxTimes='1' minSize='-1' maxSize='-1' dataType='2' elemType='5' repHandlerStruct='' visible='true' inheritsFrom='' V281='13' V1='4' name='Allocated'>
      <structNode t='150' idref='1'/>
    </child>
    <child t='167' id='29' V167='21' V283='1' occurMaxTimes='1' minSize='-1' maxSize='-1' dataType='2' elemType='5' repHandlerStruct='' visible='true' inheritsFrom='' V281='13' V1='4' name='En Route'>
      <structNode t='150' idref='1'/>
    </child>
    <child t='167' id='30' V167='21' V283='1' occurMaxTimes='1' minSize='-1' maxSize='-1' dataType='2' elemType='5' repHandlerStruct='' visible='true' inheritsFrom='' V281='13' V1='4' name='On Site'>
      <structNode t='150' idref='1'/>
    </child>
    <child t='167' id='31' V167='21' V283='1' occurMaxTimes='1' minSize='-1' maxSize='-1' dataType='2' elemType='5' repHandlerStruct='' visible='true' inheritsFrom='' V281='13' V1='4' name='Awaiting Further Work Validation'>
      <structNode t='150' idref='1'/>
    </child>
    <child t='167' id='32' V167='21' V283='1' occurMaxTimes='1' minSize='-1' maxSize='-1' dataType='2' elemType='5' repHandlerStruct='' visible='true' inheritsFrom='' V281='13' V1='4' name='Awaiting Abortive Validation'>
      <structNode t='150' idref='1'/>
    </child>
    <child t='167' id='33' V167='21' V283='1' occurMaxTimes='1' minSize='-1' maxSize='-1' dataType='2' elemType='5' repHandlerStruct='' visible='true' inheritsFrom='' V281='13' V1='4' name='Job Complete'>
      <structNode t='150' idref='1'/>
    </child>
    <child t='167' id='34' V167='21' V283='1' occurMaxTimes='1' minSize='-1' maxSize='-1' dataType='2' elemType='5' repHandlerStruct='' visible='true' inheritsFrom='' V281='13' V1='4' name='Invoice Pending Send'>
      <structNode t='150' idref='1'/>
    </child>
    <child t='167' id='35' V167='21' V283='1' occurMaxTimes='1' minSize='-1' maxSize='-1' dataType='2' elemType='5' repHandlerStruct='' visible='true' inheritsFrom='' V281='13' V1='4' name='Awaiting Reconcilliation'>
      <structNode t='150' idref='1'/>
    </child>
    <child t='167' id='36' V167='21' V283='1' occurMaxTimes='1' minSize='-1' maxSize='-1' dataType='2' elemType='5' repHandlerStruct='' visible='true' inheritsFrom='' V281='13' V1='4' name='Invoice Sent To Finance'>
      <structNode t='150' idref='1'/>
    </child>
    <child t='167' id='37' V167='21' V283='1' occurMaxTimes='1' minSize='-1' maxSize='-1' dataType='2' elemType='5' repHandlerStruct='' visible='true' inheritsFrom='' V281='13' V1='4' name='Further Work Revisit Required'>
      <structNode t='150' idref='1'/>
    </child>
    <child t='167' id='38' V167='21' V283='1' occurMaxTimes='1' minSize='-1' maxSize='-1' dataType='2' elemType='5' repHandlerStruct='' visible='true' inheritsFrom='' V281='13' V1='4' name='Awaiting Completion'>
      <structNode t='150' idref='1'/>
    </child>
    <child t='167' id='39' V167='21' V283='1' occurMaxTimes='1' minSize='-1' maxSize='-1' dataType='2' elemType='5' repHandlerStruct='' visible='true' inheritsFrom='' V281='13' V1='4' name='Awaiting BER Validation'>
      <structNode t='150' idref='1'/>
    </child>
    <child t='167' id='40' V167='21' V283='1' occurMaxTimes='1' minSize='-1' maxSize='-1' dataType='2' elemType='5' repHandlerStruct='' visible='true' inheritsFrom='' V281='13' V1='4' name='Awaiting Obsolete Validation'>
      <structNode t='150' idref='1'/>
    </child>
    <child t='167' id='41' V167='21' V283='1' occurMaxTimes='1' minSize='-1' maxSize='-1' dataType='2' elemType='5' repHandlerStruct='' visible='true' inheritsFrom='' V281='13' V1='4' name='Awaiting HCM Validation'>
      <structNode t='150' idref='1'/>
    </child>
    <child t='167' id='42' V167='21' V283='1' occurMaxTimes='1' minSize='-1' maxSize='-1' dataType='2' elemType='5' repHandlerStruct='' visible='true' inheritsFrom='' V281='13' V1='4' name='Not Applicable'>
      <structNode t='150' idref='1'/>
    </child>
  </rootElem>
  <defaultRep t='172' id='43' V172='6' autoFixNamespaceMismatch='true' V170='10' V692='1' unnamedElemsNamespace='1' V690='1' ignoreExcluded='true' fixInvalidCharacters='true' V1='4' name='XML'>
    <namespaceContainers t='220' ref='Namespace Containers/NewGas_createClaimService_createClaimService_0.1.xml'/>
  </defaultRep>
  <namespaceList t='161' id='44' V161='1' namespaceUri='___osdtDummy___' V1='4'>
  </namespaceList>
  <namespaceList t='161' id='45' V161='1' namespaceUri='http://homeserve.co.uk/cc' namespacePrefix='cc' V1='4'>
  </namespaceList>
  <child t='162' id='46' V1='4' name='Representations'>
    <child t='172' idref='43'/>
  </child>
  <child t='165' id='47' V1='4' name='Document Bindings'>
    <child t='166' id='48' V166='5' docType='1' V1='4' name='/cc:JobStatusEnum'>
      <elemNode t='167' idref='2'/>
    </child>
  </child>
</root>
