<?xml version="1.0" encoding="UTF-8"?>
<root t='150' id='1' V150='13' creationTimestamp='0x15dea0a6154' V1='4' name='JobType-v2' incarnation='13'>
  <rootElem t='167' id='2' V167='21' V283='1' occurMaxTimes='1' minSize='-1' maxSize='-1' groupType='1' repHandlerStruct='' inheritsFrom='' namespaceIndex='1' V281='13' V1='4' name='JobType-v2'>
    <structNode t='150' idref='1'/>
    <child t='167' id='3' V167='21' V283='1' occurMinTimes='1' occurMaxTimes='1' minSize='-1' maxSize='-1' dataType='31' repHandlerStruct='' visible='true' inheritsFrom='' namespaceIndex='1' V281='13' V1='4' name='ReportedDate'>
      <structNode t='150' idref='1'/>
    </child>
    <child t='167' id='4' V167='21' inheritsFromIncarnation='9' inheritsFromTimestamp='0x15dea0a6113' inheritsInThisStruct='true' V283='1' occurMinTimes='1' occurMaxTimes='1' minSize='-1' maxSize='-1' inheritsFromCopyRule='20' groupType='1' repHandlerStruct='' visible='true' inheritsFrom='Structures/NewGas/createClaimService/createClaimService_0.1/Types/cc/ContractReferencesType.xml' namespaceIndex='1' V281='13' V1='4' name='ContractReferences'>
      <structNode t='150' idref='1'/>
      <savedDerivedCopy t='167' id='5' V167='21' needInheritInit='true' inheritsInThisStruct='true' V283='1' occurMinTimes='1' occurMaxTimes='1' minSize='-1' maxSize='-1' inheritsFromCopyRule='20' groupType='1' repHandlerStruct='' visible='true' inheritsFrom='Structures/NewGas/createClaimService/createClaimService_0.1/Types/cc/ContractReferencesType.xml' namespaceIndex='1' V281='13' V1='4' name='ContractReferences'>
      </savedDerivedCopy>
      <savedOrigCopyAtInheritsFrom t='167' id='6' V167='21' V283='1' occurMaxTimes='1' minSize='-1' maxSize='-1' groupType='1' repHandlerStruct='' inheritsFrom='' namespaceIndex='1' V281='13' V1='4' name='ContractReferencesType'>
      </savedOrigCopyAtInheritsFrom>
    </child>
    <child t='167' id='7' V167='21' V283='1' occurMinTimes='1' occurMaxTimes='1' minSize='-1' maxSize='-1' dataType='2' repHandlerStruct='' visible='true' inheritsFrom='' namespaceIndex='1' V281='13' V1='4' name='JobReference'>
      <structNode t='150' idref='1'/>
    </child>
    <child t='167' id='8' V167='21' inheritsFromIncarnation='8' inheritsFromTimestamp='0x15dea0a6164' inheritsInThisStruct='true' V283='1' occurMinTimes='1' occurMaxTimes='1' minSize='-1' maxSize='-1' inheritsFromCopyRule='20' dataType='2' repHandlerStruct='' visible='true' inheritsFrom='Structures/NewGas/createClaimService/createClaimService_0.1/Types/cc/StateEnum.xml' namespaceIndex='1' V281='13' V1='4' name='JobStatus' description='State of Claim/Job'>
      <structNode t='150' idref='1'/>
      <savedDerivedCopy t='167' id='9' V167='21' needInheritInit='true' inheritsInThisStruct='true' V283='1' occurMinTimes='1' occurMaxTimes='1' minSize='-1' maxSize='-1' inheritsFromCopyRule='20' dataType='2' repHandlerStruct='' visible='true' inheritsFrom='Structures/NewGas/createClaimService/createClaimService_0.1/Types/cc/StateEnum.xml' namespaceIndex='1' V281='13' V1='4' name='JobStatus' description='State of Claim/Job'>
      </savedDerivedCopy>
      <savedOrigCopyAtInheritsFrom t='167' id='10' V167='21' V283='1' occurMaxTimes='1' minSize='-1' maxSize='-1' dataType='2' repHandlerStruct='' inheritsFrom='' namespaceIndex='1' V281='13' V1='4' name='StateEnum' description='State of Claim/Job'>
      </savedOrigCopyAtInheritsFrom>
    </child>
    <child t='167' id='11' V167='21' V283='1' occurMinTimes='1' occurMaxTimes='1' minSize='-1' maxSize='-1' dataType='2' repHandlerStruct='' visible='true' inheritsFrom='' namespaceIndex='1' V281='13' V1='4' name='Type'>
      <structNode t='150' idref='1'/>
    </child>
    <child t='167' id='12' V167='21' V283='1' occurMinTimes='1' occurMaxTimes='1' minSize='-1' maxSize='-1' dataType='1' repHandlerStruct='' visible='true' inheritsFrom='' namespaceIndex='1' V281='13' V1='4' name='ServiceJob'>
      <structNode t='150' idref='1'/>
      <child t='167' id='13' V167='21' V283='1' occurMaxTimes='1' minSize='-1' maxSize='-1' dataType='2' elemType='5' repHandlerStruct='' visible='true' inheritsFrom='' V281='13' V1='4' name='true'>
        <structNode t='150' idref='1'/>
      </child>
      <child t='167' id='14' V167='21' V283='1' occurMaxTimes='1' minSize='-1' maxSize='-1' dataType='2' elemType='5' repHandlerStruct='' visible='true' inheritsFrom='' V281='13' V1='4' name='false'>
        <structNode t='150' idref='1'/>
      </child>
    </child>
    <child t='167' id='15' V167='21' V283='1' occurMinTimes='1' occurMaxTimes='1' minSize='-1' maxSize='-1' dataType='1' repHandlerStruct='' visible='true' inheritsFrom='' namespaceIndex='1' V281='13' V1='4' name='BeyondEconomicalRepair'>
      <structNode t='150' idref='1'/>
      <child t='167' id='16' V167='21' V283='1' occurMaxTimes='1' minSize='-1' maxSize='-1' dataType='2' elemType='5' repHandlerStruct='' visible='true' inheritsFrom='' V281='13' V1='4' name='true'>
        <structNode t='150' idref='1'/>
      </child>
      <child t='167' id='17' V167='21' V283='1' occurMaxTimes='1' minSize='-1' maxSize='-1' dataType='2' elemType='5' repHandlerStruct='' visible='true' inheritsFrom='' V281='13' V1='4' name='false'>
        <structNode t='150' idref='1'/>
      </child>
    </child>
    <child t='167' id='18' V167='21' V283='1' occurMaxTimes='1' minSize='-1' maxSize='-1' dataType='2' repHandlerStruct='' visible='true' inheritsFrom='' namespaceIndex='1' V281='13' V1='4' name='WorkRequestReference'>
      <structNode t='150' idref='1'/>
    </child>
    <child t='167' id='19' V167='21' inheritsFromIncarnation='8' inheritsFromTimestamp='0x15dea0a611f' inheritsInThisStruct='true' V283='1' occurMinTimes='1' occurMaxTimes='1' minSize='-1' maxSize='-1' inheritsFromCopyRule='20' dataType='2' repHandlerStruct='' visible='true' inheritsFrom='Structures/NewGas/createClaimService/createClaimService_0.1/Types/cc/JobStatusEnum.xml' namespaceIndex='1' V281='13' V1='4' name='JobProgressionStatus' description='Status of Jobs' checksumValid='true' checksum='/8he+XPke7k6IVXnHCvsyGs6iHM='>
      <structNode t='150' idref='1'/>
      <savedDerivedCopy t='167' id='20' V167='21' needInheritInit='true' inheritsInThisStruct='true' V283='1' occurMinTimes='1' occurMaxTimes='1' minSize='-1' maxSize='-1' inheritsFromCopyRule='20' dataType='2' repHandlerStruct='' visible='true' inheritsFrom='Structures/NewGas/createClaimService/createClaimService_0.1/Types/cc/JobStatusEnum.xml' namespaceIndex='1' V281='13' V1='4' name='JobProgressionStatus' description='Status of Jobs'>
      </savedDerivedCopy>
      <savedOrigCopyAtInheritsFrom t='167' id='21' V167='21' V283='1' occurMaxTimes='1' minSize='-1' maxSize='-1' dataType='2' repHandlerStruct='' inheritsFrom='' namespaceIndex='1' V281='13' V1='4' name='JobStatusEnum' description='Status of Jobs'>
      </savedOrigCopyAtInheritsFrom>
    </child>
    <child t='167' id='22' V167='21' V283='1' occurMaxTimes='1' minSize='-1' maxSize='-1' dataType='1' repHandlerStruct='' visible='true' inheritsFrom='' namespaceIndex='1' V281='13' V1='4' name='IsRepudiated'>
      <structNode t='150' idref='1'/>
      <child t='167' id='23' V167='21' V283='1' occurMaxTimes='1' minSize='-1' maxSize='-1' dataType='2' elemType='5' repHandlerStruct='' visible='true' inheritsFrom='' V281='13' V1='4' name='true'>
        <structNode t='150' idref='1'/>
      </child>
      <child t='167' id='24' V167='21' V283='1' occurMaxTimes='1' minSize='-1' maxSize='-1' dataType='2' elemType='5' repHandlerStruct='' visible='true' inheritsFrom='' V281='13' V1='4' name='false'>
        <structNode t='150' idref='1'/>
      </child>
    </child>
    <child t='167' id='25' V167='21' V283='1' occurMaxTimes='1' minSize='-1' maxSize='-1' dataType='2' repHandlerStruct='' visible='true' inheritsFrom='' namespaceIndex='1' V281='13' V1='4' name='RepudiationReason'>
      <structNode t='150' idref='1'/>
    </child>
    <child t='167' id='26' V167='21' V283='1' occurMaxTimes='1' minSize='-1' maxSize='-1' dataType='1' repHandlerStruct='' visible='true' inheritsFrom='' namespaceIndex='1' V281='13' V1='4' name='IsWizardSuspended'>
      <structNode t='150' idref='1'/>
      <child t='167' id='27' V167='21' V283='1' occurMaxTimes='1' minSize='-1' maxSize='-1' dataType='2' elemType='5' repHandlerStruct='' visible='true' inheritsFrom='' V281='13' V1='4' name='true'>
        <structNode t='150' idref='1'/>
      </child>
      <child t='167' id='28' V167='21' V283='1' occurMaxTimes='1' minSize='-1' maxSize='-1' dataType='2' elemType='5' repHandlerStruct='' visible='true' inheritsFrom='' V281='13' V1='4' name='false'>
        <structNode t='150' idref='1'/>
      </child>
    </child>
    <child t='167' id='29' V167='21' V283='1' occurMaxTimes='1' minSize='-1' maxSize='-1' dataType='2' repHandlerStruct='' visible='true' inheritsFrom='' namespaceIndex='1' V281='13' V1='4' name='SuspensionReason'>
      <structNode t='150' idref='1'/>
    </child>
    <child t='167' id='30' V167='21' V283='1' occurMaxTimes='1' minSize='-1' maxSize='-1' dataType='1' repHandlerStruct='' visible='true' inheritsFrom='' namespaceIndex='1' V281='13' V1='4' name='IsWizardCancelled'>
      <structNode t='150' idref='1'/>
      <child t='167' id='31' V167='21' V283='1' occurMaxTimes='1' minSize='-1' maxSize='-1' dataType='2' elemType='5' repHandlerStruct='' visible='true' inheritsFrom='' V281='13' V1='4' name='true'>
        <structNode t='150' idref='1'/>
      </child>
      <child t='167' id='32' V167='21' V283='1' occurMaxTimes='1' minSize='-1' maxSize='-1' dataType='2' elemType='5' repHandlerStruct='' visible='true' inheritsFrom='' V281='13' V1='4' name='false'>
        <structNode t='150' idref='1'/>
      </child>
    </child>
    <child t='167' id='33' V167='21' V283='1' occurMaxTimes='1' minSize='-1' maxSize='-1' dataType='2' repHandlerStruct='' visible='true' inheritsFrom='' namespaceIndex='1' V281='13' V1='4' name='CancellationReason'>
      <structNode t='150' idref='1'/>
    </child>
    <child t='167' id='34' V167='21' V283='1' occurMaxTimes='1' minSize='-1' maxSize='-1' dataType='31' repHandlerStruct='' visible='true' inheritsFrom='' namespaceIndex='1' V281='13' V1='4' name='AppointmentDate'>
      <structNode t='150' idref='1'/>
    </child>
    <child t='167' id='35' V167='21' V283='1' occurMaxTimes='1' minSize='-1' maxSize='-1' dataType='2' repHandlerStruct='' visible='true' inheritsFrom='' namespaceIndex='1' V281='13' V1='4' name='AppointmentSlot'>
      <structNode t='150' idref='1'/>
    </child>
    <child t='167' id='36' V167='21' V283='1' occurMaxTimes='1' minSize='-1' maxSize='-1' dataType='2' repHandlerStruct='' visible='true' inheritsFrom='' namespaceIndex='1' V281='13' V1='4' name='AdditionalNotes'>
      <structNode t='150' idref='1'/>
    </child>
    <child t='167' id='37' V167='21' V283='1' occurMinTimes='1' occurMaxTimes='1' minSize='-1' maxSize='-1' dataType='2' repHandlerStruct='' visible='true' inheritsFrom='' namespaceIndex='1' V281='13' V1='4' name='JobHandler'>
      <structNode t='150' idref='1'/>
    </child>
    <child t='167' id='38' V167='21' V283='1' occurMaxTimes='1' minSize='-1' maxSize='-1' dataType='2' repHandlerStruct='' visible='true' inheritsFrom='' namespaceIndex='1' V281='13' V1='4' name='ContractorName'>
      <structNode t='150' idref='1'/>
    </child>
    <child t='167' id='39' V167='21' V283='1' occurMaxTimes='1' minSize='-1' maxSize='-1' dataType='2' repHandlerStruct='' visible='true' inheritsFrom='' namespaceIndex='1' V281='13' V1='4' name='ContractorContactNumber'>
      <structNode t='150' idref='1'/>
    </child>
    <child t='167' id='40' V167='21' V283='1' occurMaxTimes='1' minSize='-1' maxSize='-1' dataType='22' repHandlerStruct='' visible='true' inheritsFrom='' namespaceIndex='1' V281='13' V1='4' name='CustomerPayment'>
      <structNode t='150' idref='1'/>
    </child>
    <child t='167' id='41' V167='21' V283='1' occurMaxTimes='1' minSize='-1' maxSize='-1' dataType='22' repHandlerStruct='' visible='true' inheritsFrom='' namespaceIndex='1' V281='13' V1='4' name='CustomerRefund'>
      <structNode t='150' idref='1'/>
    </child>
    <child t='167' id='42' V167='21' V283='1' occurMaxTimes='1' minSize='-1' maxSize='-1' dataType='30' repHandlerStruct='' visible='true' inheritsFrom='' namespaceIndex='1' V281='13' V1='4' name='CompletionDate'>
      <structNode t='150' idref='1'/>
    </child>
    <child t='167' id='43' V167='21' inheritsFromIncarnation='8' inheritsFromTimestamp='0x15dea0a6158' inheritsInThisStruct='true' V283='1' occurMaxTimes='1' minSize='-1' maxSize='-1' inheritsFromCopyRule='20' groupType='1' repHandlerStruct='' visible='true' inheritsFrom='Structures/NewGas/createClaimService/createClaimService_0.1/Types/cc/LettersType.xml' namespaceIndex='1' V281='13' V1='4' name='Letters'>
      <structNode t='150' idref='1'/>
      <savedDerivedCopy t='167' id='44' V167='21' needInheritInit='true' inheritsInThisStruct='true' V283='1' occurMaxTimes='1' minSize='-1' maxSize='-1' inheritsFromCopyRule='20' groupType='1' repHandlerStruct='' visible='true' inheritsFrom='Structures/NewGas/createClaimService/createClaimService_0.1/Types/cc/LettersType.xml' namespaceIndex='1' V281='13' V1='4' name='Letters'>
      </savedDerivedCopy>
      <savedOrigCopyAtInheritsFrom t='167' id='45' V167='21' V283='1' occurMaxTimes='1' minSize='-1' maxSize='-1' groupType='1' repHandlerStruct='' inheritsFrom='' namespaceIndex='1' V281='13' V1='4' name='LettersType'>
      </savedOrigCopyAtInheritsFrom>
    </child>
    <child t='167' id='46' V167='21' inheritsFromIncarnation='9' inheritsFromTimestamp='0x15dea0a6100' inheritsInThisStruct='true' V283='1' occurMaxTimes='1' minSize='-1' maxSize='-1' inheritsFromCopyRule='20' groupType='1' repHandlerStruct='' visible='true' inheritsFrom='Structures/NewGas/createClaimService/createClaimService_0.1/Types/cc/AssetsType.xml' namespaceIndex='1' V281='13' V1='4' name='Assets'>
      <structNode t='150' idref='1'/>
      <savedDerivedCopy t='167' id='47' V167='21' needInheritInit='true' inheritsInThisStruct='true' V283='1' occurMaxTimes='1' minSize='-1' maxSize='-1' inheritsFromCopyRule='20' groupType='1' repHandlerStruct='' visible='true' inheritsFrom='Structures/NewGas/createClaimService/createClaimService_0.1/Types/cc/AssetsType.xml' namespaceIndex='1' V281='13' V1='4' name='Assets'>
      </savedDerivedCopy>
      <savedOrigCopyAtInheritsFrom t='167' id='48' V167='21' V283='1' occurMaxTimes='1' minSize='-1' maxSize='-1' groupType='1' repHandlerStruct='' inheritsFrom='' namespaceIndex='1' V281='13' V1='4' name='AssetsType'>
      </savedOrigCopyAtInheritsFrom>
    </child>
    <child t='167' id='49' V167='21' V283='1' occurMaxTimes='1' minSize='-1' maxSize='-1' dataType='22' repHandlerStruct='' visible='true' inheritsFrom='' namespaceIndex='1' V281='13' V1='4' name='TotalCostInclVAT'>
      <structNode t='150' idref='1'/>
    </child>
  </rootElem>
  <defaultRep t='172' id='50' V172='6' autoFixNamespaceMismatch='true' V170='10' V692='1' unnamedElemsNamespace='1' V690='1' ignoreExcluded='true' fixInvalidCharacters='true' V1='4' name='XML'>
    <namespaceContainers t='220' ref='Namespace Containers/NewGas_createClaimService_createClaimService_0.1.xml'/>
  </defaultRep>
  <namespaceList t='161' id='51' V161='1' namespaceUri='___osdtDummy___' V1='4'>
  </namespaceList>
  <namespaceList t='161' id='52' V161='1' namespaceUri='http://homeserve.co.uk/cc' namespacePrefix='cc' V1='4'>
  </namespaceList>
  <child t='162' id='53' V1='4' name='Representations'>
    <child t='172' idref='50'/>
  </child>
  <child t='165' id='54' V1='4' name='Document Bindings'>
    <child t='166' id='55' V166='5' docType='1' V1='4' name='/cc:JobType-v2'>
      <elemNode t='167' idref='2'/>
    </child>
  </child>
</root>
