<?xml version="1.0" encoding="UTF-8"?>
<root t='150' id='1' V150='13' creationTimestamp='0x157dd0e394a' V1='4' name='AttributeType' incarnation='9'>
  <rootElem t='167' id='2' V167='21' V283='1' occurMaxTimes='1' minSize='-1' maxSize='-1' groupType='1' repHandlerStruct='' inheritsFrom='' namespaceIndex='1' V281='13' V1='4' name='AttributeType'>
    <structNode t='150' idref='1'/>
    <child t='167' id='3' V167='21' V283='1' occurMinTimes='1' occurMaxTimes='1' minSize='-1' maxSize='-1' dataType='2' repHandlerStruct='' visible='true' inheritsFrom='' namespaceIndex='1' V281='13' V1='4' name='AttributeID'>
      <structNode t='150' idref='1'/>
    </child>
    <child t='167' id='4' V167='21' V283='1' occurMaxTimes='1' minSize='-1' maxSize='-1' dataType='2' repHandlerStruct='' visible='true' inheritsFrom='' namespaceIndex='1' V281='13' V1='4' name='ParentAttributeID'>
      <structNode t='150' idref='1'/>
    </child>
    <child t='167' id='5' V167='21' V283='1' occurMinTimes='1' occurMaxTimes='1' minSize='-1' maxSize='-1' dataType='2' repHandlerStruct='' visible='true' inheritsFrom='' namespaceIndex='1' V281='13' V1='4' name='Category'>
      <structNode t='150' idref='1'/>
    </child>
    <child t='167' id='6' V167='21' inheritsFromIncarnation='8' inheritsFromTimestamp='0x157dd0e3952' inheritsInThisStruct='true' V283='1' occurMinTimes='1' occurMaxTimes='1' minSize='-1' maxSize='-1' inheritsFromCopyRule='20' groupType='1' repHandlerStruct='' visible='true' inheritsFrom='Structures/ProductMapping_V2/ProductMapping_V2_0.1/Types/hsgcm/NameValuePairType.xml' namespaceIndex='1' V281='13' V1='4' name='NameValue'>
      <structNode t='150' idref='1'/>
      <savedDerivedCopy t='167' id='7' V167='21' needInheritInit='true' inheritsInThisStruct='true' V283='1' occurMinTimes='1' occurMaxTimes='1' minSize='-1' maxSize='-1' inheritsFromCopyRule='20' groupType='1' repHandlerStruct='' visible='true' inheritsFrom='Structures/ProductMapping_V2/ProductMapping_V2_0.1/Types/hsgcm/NameValuePairType.xml' namespaceIndex='1' V281='13' V1='4' name='NameValue'>
      </savedDerivedCopy>
      <savedOrigCopyAtInheritsFrom t='167' id='8' V167='21' V283='1' occurMaxTimes='1' minSize='-1' maxSize='-1' groupType='1' repHandlerStruct='' inheritsFrom='' namespaceIndex='1' V281='13' V1='4' name='NameValuePairType'>
      </savedOrigCopyAtInheritsFrom>
    </child>
    <child t='167' id='9' V167='21' V283='1' occurMaxTimes='1' minSize='-1' maxSize='-1' dataType='2' repHandlerStruct='' visible='true' inheritsFrom='' namespaceIndex='1' V281='13' V1='4' name='Description'>
      <structNode t='150' idref='1'/>
    </child>
    <child t='167' id='10' V167='21' V283='1' occurMaxTimes='1' minSize='-1' maxSize='-1' dataType='1' repHandlerStruct='' visible='true' inheritsFrom='' namespaceIndex='1' V281='13' V1='4' name='Mandatory'>
      <structNode t='150' idref='1'/>
      <child t='167' id='11' V167='21' V283='1' occurMaxTimes='1' minSize='-1' maxSize='-1' dataType='2' elemType='5' repHandlerStruct='' visible='true' inheritsFrom='' V281='13' V1='4' name='true'>
        <structNode t='150' idref='1'/>
      </child>
      <child t='167' id='12' V167='21' V283='1' occurMaxTimes='1' minSize='-1' maxSize='-1' dataType='2' elemType='5' repHandlerStruct='' visible='true' inheritsFrom='' V281='13' V1='4' name='false'>
        <structNode t='150' idref='1'/>
      </child>
    </child>
    <child t='167' id='13' V167='21' V283='1' occurMinTimes='1' occurMaxTimes='1' minSize='-1' maxSize='-1' dataType='1' repHandlerStruct='' visible='true' inheritsFrom='' namespaceIndex='1' V281='13' V1='4' name='Default'>
      <structNode t='150' idref='1'/>
      <child t='167' id='14' V167='21' V283='1' occurMaxTimes='1' minSize='-1' maxSize='-1' dataType='2' elemType='5' repHandlerStruct='' visible='true' inheritsFrom='' V281='13' V1='4' name='true'>
        <structNode t='150' idref='1'/>
      </child>
      <child t='167' id='15' V167='21' V283='1' occurMaxTimes='1' minSize='-1' maxSize='-1' dataType='2' elemType='5' repHandlerStruct='' visible='true' inheritsFrom='' V281='13' V1='4' name='false'>
        <structNode t='150' idref='1'/>
      </child>
    </child>
  </rootElem>
  <defaultRep t='172' id='16' V172='6' autoFixNamespaceMismatch='true' V170='10' V692='1' unnamedElemsNamespace='1' V690='1' ignoreExcluded='true' fixInvalidCharacters='true' V1='4' name='XML'>
    <namespaceContainers t='220' ref='Namespace Containers/ProductMapping_V2_ProductMapping_V2_0.1.xml'/>
  </defaultRep>
  <namespaceList t='161' id='17' V161='1' namespaceUri='___osdtDummy___' V1='4'>
  </namespaceList>
  <namespaceList t='161' id='18' V161='1' namespaceUri='http://www.homeserve.com/Global/Common/v1' namespacePrefix='hsgcm' V1='4'>
  </namespaceList>
  <child t='162' id='19' V1='4' name='Representations'>
    <child t='172' idref='16'/>
  </child>
  <child t='165' id='20' V1='4' name='Document Bindings'>
    <child t='166' id='21' V166='5' docType='1' V1='4' name='/hsgcm:AttributeType'>
      <elemNode t='167' idref='2'/>
    </child>
  </child>
</root>
