<?xml version="1.0" encoding="UTF-8"?>
<root t='150' id='1' V150='13' creationTimestamp='0x1611d4a2df7' V1='4' name='ContractType' incarnation='17'>
  <rootElem t='167' id='2' V167='21' V283='1' occurMaxTimes='1' minSize='-1' maxSize='-1' groupType='1' repHandlerStruct='' inheritsFrom='' namespaceIndex='1' V281='13' V1='4' name='ContractType'>
    <structNode t='150' idref='1'/>
    <child t='167' id='3' V167='21' V283='1' occurMinTimes='1' occurMaxTimes='1' minSize='-1' maxSize='-1' dataType='2' repHandlerStruct='' visible='true' inheritsFrom='' namespaceIndex='1' V281='13' V1='4' name='ContractID'>
      <structNode t='150' idref='1'/>
    </child>
    <child t='167' id='4' V167='21' V283='1' occurMinTimes='1' occurMaxTimes='1' minSize='-1' maxSize='-1' dataType='12' repHandlerStruct='' visible='true' inheritsFrom='' namespaceIndex='1' V281='13' V1='4' name='MajorVersion'>
      <structNode t='150' idref='1'/>
    </child>
    <child t='167' id='5' V167='21' V283='1' occurMinTimes='1' occurMaxTimes='1' minSize='-1' maxSize='-1' dataType='12' repHandlerStruct='' visible='true' inheritsFrom='' namespaceIndex='1' V281='13' V1='4' name='MinorVersion'>
      <structNode t='150' idref='1'/>
    </child>
    <child t='167' id='6' V167='21' V283='1' occurMinTimes='1' occurMaxTimes='1' minSize='-1' maxSize='-1' dataType='31' repHandlerStruct='' visible='true' inheritsFrom='' namespaceIndex='1' V281='13' V1='4' name='StartDate'>
      <structNode t='150' idref='1'/>
    </child>
    <child t='167' id='7' V167='21' V283='1' occurMaxTimes='1' minSize='-1' maxSize='-1' dataType='31' repHandlerStruct='' visible='true' inheritsFrom='' namespaceIndex='1' V281='13' V1='4' name='EndDate'>
      <structNode t='150' idref='1'/>
    </child>
    <child t='167' id='8' V167='21' V283='1' occurMinTimes='1' occurMaxTimes='1' minSize='-1' maxSize='-1' dataType='22' repHandlerStruct='' visible='true' inheritsFrom='' namespaceIndex='1' V281='13' V1='4' name='TotalContractCharge'>
      <structNode t='150' idref='1'/>
    </child>
    <child t='167' id='9' V167='21' V283='1' occurMaxTimes='1' minSize='-1' maxSize='-1' dataType='22' repHandlerStruct='' visible='true' inheritsFrom='' namespaceIndex='1' V281='13' V1='4' name='QuarterlyContractCharge'>
      <structNode t='150' idref='1'/>
    </child>
    <child t='167' id='10' V167='21' V283='1' occurMaxTimes='1' minSize='-1' maxSize='-1' dataType='22' repHandlerStruct='' visible='true' inheritsFrom='' namespaceIndex='1' V281='13' V1='4' name='MonthlyContractCharge'>
      <structNode t='150' idref='1'/>
    </child>
    <child t='167' id='11' V167='21' V283='1' occurMinTimes='1' occurMaxTimes='1' minSize='-1' maxSize='-1' dataType='22' repHandlerStruct='' visible='true' inheritsFrom='' namespaceIndex='1' V281='13' V1='4' name='TotalAmountPaid'>
      <structNode t='150' idref='1'/>
    </child>
    <child t='167' id='12' V167='21' V283='1' occurMinTimes='1' occurMaxTimes='1' minSize='-1' maxSize='-1' dataType='22' repHandlerStruct='' visible='true' inheritsFrom='' namespaceIndex='1' V281='13' V1='4' name='TotalAmountOutstanding'>
      <structNode t='150' idref='1'/>
    </child>
    <child t='167' id='13' V167='21' V283='1' occurMaxTimes='1' minSize='-1' maxSize='-1' dataType='22' repHandlerStruct='' visible='true' inheritsFrom='' namespaceIndex='1' V281='13' V1='4' name='ChargeForDuration'>
      <structNode t='150' idref='1'/>
    </child>
    <child t='167' id='14' V167='21' V283='1' occurMinTimes='1' occurMaxTimes='1' minSize='-1' maxSize='-1' dataType='2' repHandlerStruct='' visible='true' inheritsFrom='' namespaceIndex='1' V281='13' V1='4' name='Status'>
      <structNode t='150' idref='1'/>
    </child>
    <child t='167' id='15' V167='21' V283='1' occurMaxTimes='1' minSize='-1' maxSize='-1' dataType='1' repHandlerStruct='' visible='true' inheritsFrom='' namespaceIndex='1' V281='13' V1='4' name='GuardianCorrelationID'>
      <structNode t='150' idref='1'/>
      <child t='167' id='16' V167='21' V283='1' occurMaxTimes='1' minSize='-1' maxSize='-1' dataType='2' elemType='5' repHandlerStruct='' visible='true' inheritsFrom='' V281='13' V1='4' name='true'>
        <structNode t='150' idref='1'/>
      </child>
      <child t='167' id='17' V167='21' V283='1' occurMaxTimes='1' minSize='-1' maxSize='-1' dataType='2' elemType='5' repHandlerStruct='' visible='true' inheritsFrom='' V281='13' V1='4' name='false'>
        <structNode t='150' idref='1'/>
      </child>
    </child>
    <child t='167' id='18' V167='21' V283='1' occurMinTimes='1' occurMaxTimes='1' minSize='-1' maxSize='-1' dataType='31' repHandlerStruct='' visible='true' inheritsFrom='' namespaceIndex='1' V281='13' V1='4' name='EffectiveDate'>
      <structNode t='150' idref='1'/>
    </child>
    <child t='167' id='19' V167='21' V283='1' occurMaxTimes='1' minSize='-1' maxSize='-1' dataType='31' repHandlerStruct='' visible='true' inheritsFrom='' namespaceIndex='1' V281='13' V1='4' name='ExpiryDate'>
      <structNode t='150' idref='1'/>
    </child>
    <child t='167' id='20' V167='21' inheritsFromIncarnation='10' inheritsFromTimestamp='0x1611d4a2cbe' inheritsInThisStruct='true' V283='1' occurMaxTimes='1' minSize='-1' maxSize='-1' inheritsFromCopyRule='20' groupType='1' repHandlerStruct='' visible='true' inheritsFrom='Structures/WebIntegration_v2/AccountManagementService/6_4_1_V117/AccountManagementService_ESB_V117_0.1/Types/hsegcn/BreakdownType.xml' namespaceIndex='1' V281='13' V1='4' name='PricesBreakdown'>
      <structNode t='150' idref='1'/>
      <savedDerivedCopy t='167' id='21' V167='21' needInheritInit='true' inheritsInThisStruct='true' V283='1' occurMaxTimes='1' minSize='-1' maxSize='-1' inheritsFromCopyRule='20' groupType='1' repHandlerStruct='' visible='true' inheritsFrom='Structures/WebIntegration_v2/AccountManagementService/6_4_1_V117/AccountManagementService_ESB_V117_0.1/Types/hsegcn/BreakdownType.xml' namespaceIndex='1' V281='13' V1='4' name='PricesBreakdown'>
      </savedDerivedCopy>
      <savedOrigCopyAtInheritsFrom t='167' id='22' V167='21' V283='1' occurMaxTimes='1' minSize='-1' maxSize='-1' groupType='1' repHandlerStruct='' inheritsFrom='' namespaceIndex='1' V281='13' V1='4' name='BreakdownType'>
      </savedOrigCopyAtInheritsFrom>
    </child>
    <child t='167' id='23' V167='21' V283='1' occurMinTimes='1' occurMaxTimes='1' minSize='-1' maxSize='-1' dataType='30' repHandlerStruct='' visible='true' inheritsFrom='' namespaceIndex='1' V281='13' V1='4' name='LastUpdated'>
      <structNode t='150' idref='1'/>
    </child>
    <child t='167' id='24' V167='21' V283='1' occurMinTimes='1' occurMaxTimes='1' minSize='-1' maxSize='-1' dataType='31' repHandlerStruct='' visible='true' inheritsFrom='' namespaceIndex='1' V281='13' V1='4' name='CoolingOffDate'>
      <structNode t='150' idref='1'/>
    </child>
    <child t='167' id='25' V167='21' V283='1' occurMaxTimes='1' minSize='-1' maxSize='-1' dataType='31' repHandlerStruct='' visible='true' inheritsFrom='' namespaceIndex='1' V281='13' V1='4' name='CancellationDate'>
      <structNode t='150' idref='1'/>
    </child>
    <child t='167' id='26' V167='21' V283='1' occurMaxTimes='1' minSize='-1' maxSize='-1' dataType='31' repHandlerStruct='' visible='true' inheritsFrom='' namespaceIndex='1' V281='13' V1='4' name='LastSuspensionDate'>
      <structNode t='150' idref='1'/>
    </child>
    <child t='167' id='27' V167='21' inheritsFromIncarnation='8' inheritsFromTimestamp='0x1611d4a2e16' inheritsInThisStruct='true' V283='1' occurMaxTimes='-1' minSize='-1' maxSize='-1' inheritsFromCopyRule='20' groupType='1' repHandlerStruct='' visible='true' inheritsFrom='Structures/WebIntegration_v2/AccountManagementService/6_4_1_V117/AccountManagementService_ESB_V117_0.1/Types/hsegcn/DocumentDetailsType.xml' namespaceIndex='1' V281='13' V1='4' name='DocumentDetails' checksumValid='true' checksum='xDtiMKaXyWHv7GcekeRa0U6oFhA='>
      <structNode t='150' idref='1'/>
      <savedDerivedCopy t='167' id='28' V167='21' needInheritInit='true' inheritsInThisStruct='true' V283='1' occurMaxTimes='-1' minSize='-1' maxSize='-1' inheritsFromCopyRule='20' groupType='1' repHandlerStruct='' visible='true' inheritsFrom='Structures/WebIntegration_v2/AccountManagementService/6_4_1_V117/AccountManagementService_ESB_V117_0.1/Types/hsegcn/DocumentDetailsType.xml' namespaceIndex='1' V281='13' V1='4' name='DocumentDetails'>
      </savedDerivedCopy>
      <savedOrigCopyAtInheritsFrom t='167' id='29' V167='21' V283='1' occurMaxTimes='1' minSize='-1' maxSize='-1' groupType='1' repHandlerStruct='' inheritsFrom='' namespaceIndex='1' V281='13' V1='4' name='DocumentDetailsType'>
      </savedOrigCopyAtInheritsFrom>
    </child>
    <child t='167' id='30' V167='21' inheritsFromIncarnation='8' inheritsFromTimestamp='0x1611d4a2e35' inheritsInThisStruct='true' V283='1' occurMinTimes='1' occurMaxTimes='1' minSize='-1' maxSize='-1' inheritsFromCopyRule='20' dataType='2' repHandlerStruct='' visible='true' inheritsFrom='Structures/WebIntegration_v2/AccountManagementService/6_4_1_V117/AccountManagementService_ESB_V117_0.1/Types/hsegcn/RenewalOptionEnum.xml' namespaceIndex='1' V281='13' V1='4' name='RenewalOption'>
      <structNode t='150' idref='1'/>
      <savedDerivedCopy t='167' id='31' V167='21' needInheritInit='true' inheritsInThisStruct='true' V283='1' occurMinTimes='1' occurMaxTimes='1' minSize='-1' maxSize='-1' inheritsFromCopyRule='20' dataType='2' repHandlerStruct='' visible='true' inheritsFrom='Structures/WebIntegration_v2/AccountManagementService/6_4_1_V117/AccountManagementService_ESB_V117_0.1/Types/hsegcn/RenewalOptionEnum.xml' namespaceIndex='1' V281='13' V1='4' name='RenewalOption'>
      </savedDerivedCopy>
      <savedOrigCopyAtInheritsFrom t='167' id='32' V167='21' V283='1' occurMaxTimes='1' minSize='-1' maxSize='-1' dataType='2' repHandlerStruct='' inheritsFrom='' namespaceIndex='1' V281='13' V1='4' name='RenewalOptionEnum'>
      </savedOrigCopyAtInheritsFrom>
    </child>
    <child t='167' id='33' V167='21' inheritsFromIncarnation='9' inheritsFromTimestamp='0x1611d4a2e25' inheritsInThisStruct='true' V283='1' occurMinTimes='1' occurMaxTimes='1' minSize='-1' maxSize='-1' inheritsFromCopyRule='20' groupType='1' repHandlerStruct='' visible='true' inheritsFrom='Structures/WebIntegration_v2/AccountManagementService/6_4_1_V117/AccountManagementService_ESB_V117_0.1/Types/hsegcn/OrderLinesType.xml' namespaceIndex='1' V281='13' V1='4' name='OrderLines'>
      <structNode t='150' idref='1'/>
      <savedDerivedCopy t='167' id='34' V167='21' needInheritInit='true' inheritsInThisStruct='true' V283='1' occurMinTimes='1' occurMaxTimes='1' minSize='-1' maxSize='-1' inheritsFromCopyRule='20' groupType='1' repHandlerStruct='' visible='true' inheritsFrom='Structures/WebIntegration_v2/AccountManagementService/6_4_1_V117/AccountManagementService_ESB_V117_0.1/Types/hsegcn/OrderLinesType.xml' namespaceIndex='1' V281='13' V1='4' name='OrderLines'>
      </savedDerivedCopy>
      <savedOrigCopyAtInheritsFrom t='167' id='35' V167='21' V283='1' occurMaxTimes='1' minSize='-1' maxSize='-1' groupType='1' repHandlerStruct='' inheritsFrom='' namespaceIndex='1' V281='13' V1='4' name='OrderLinesType'>
      </savedOrigCopyAtInheritsFrom>
    </child>
    <child t='167' id='36' V167='21' inheritsFromIncarnation='9' inheritsFromTimestamp='0x1611d4a2e16' inheritsInThisStruct='true' V283='1' occurMinTimes='1' occurMaxTimes='1' minSize='-1' maxSize='-1' inheritsFromCopyRule='20' groupType='1' repHandlerStruct='' visible='true' inheritsFrom='Structures/WebIntegration_v2/AccountManagementService/6_4_1_V117/AccountManagementService_ESB_V117_0.1/Types/Q1/CustomersType.xml' namespaceIndex='1' V281='13' V1='4' name='Customers'>
      <structNode t='150' idref='1'/>
      <savedDerivedCopy t='167' id='37' V167='21' needInheritInit='true' inheritsInThisStruct='true' V283='1' occurMinTimes='1' occurMaxTimes='1' minSize='-1' maxSize='-1' inheritsFromCopyRule='20' groupType='1' repHandlerStruct='' visible='true' inheritsFrom='Structures/WebIntegration_v2/AccountManagementService/6_4_1_V117/AccountManagementService_ESB_V117_0.1/Types/Q1/CustomersType.xml' namespaceIndex='1' V281='13' V1='4' name='Customers'>
      </savedDerivedCopy>
      <savedOrigCopyAtInheritsFrom t='167' id='38' V167='21' V283='1' occurMaxTimes='1' minSize='-1' maxSize='-1' groupType='1' repHandlerStruct='' inheritsFrom='' namespaceIndex='1' V281='13' V1='4' name='CustomersType'>
      </savedOrigCopyAtInheritsFrom>
    </child>
    <child t='167' id='39' V167='21' inheritsFromIncarnation='9' inheritsFromTimestamp='0x1611d4a2cbe' inheritsInThisStruct='true' V283='1' occurMaxTimes='1' minSize='-1' maxSize='-1' inheritsFromCopyRule='20' groupType='1' repHandlerStruct='' visible='true' inheritsFrom='Structures/WebIntegration_v2/AccountManagementService/6_4_1_V117/AccountManagementService_ESB_V117_0.1/Types/hsgca/AssetsType.xml' namespaceIndex='1' V281='13' V1='4' name='Assets'>
      <structNode t='150' idref='1'/>
      <savedDerivedCopy t='167' id='40' V167='21' needInheritInit='true' inheritsInThisStruct='true' V283='1' occurMaxTimes='1' minSize='-1' maxSize='-1' inheritsFromCopyRule='20' groupType='1' repHandlerStruct='' visible='true' inheritsFrom='Structures/WebIntegration_v2/AccountManagementService/6_4_1_V117/AccountManagementService_ESB_V117_0.1/Types/hsgca/AssetsType.xml' namespaceIndex='1' V281='13' V1='4' name='Assets'>
      </savedDerivedCopy>
      <savedOrigCopyAtInheritsFrom t='167' id='41' V167='21' V283='1' occurMaxTimes='1' minSize='-1' maxSize='-1' groupType='1' repHandlerStruct='' inheritsFrom='' namespaceIndex='1' V281='13' V1='4' name='AssetsType'>
      </savedOrigCopyAtInheritsFrom>
    </child>
    <child t='167' id='42' V167='21' inheritsFromIncarnation='10' inheritsFromTimestamp='0x1611d4a2915' inheritsInThisStruct='true' V283='1' occurMaxTimes='1' minSize='-1' maxSize='-1' inheritsFromCopyRule='20' groupType='1' repHandlerStruct='' visible='true' inheritsFrom='Structures/WebIntegration_v2/AccountManagementService/6_4_1_V117/AccountManagementService_ESB_V117_0.1/Types/hsega/AddressType.xml' namespaceIndex='1' V281='13' V1='4' name='ServiceAddress' checksumValid='true' checksum='BAzJElExxciQmDm/I/swqqMmM74='>
      <structNode t='150' idref='1'/>
      <savedDerivedCopy t='167' id='43' V167='21' needInheritInit='true' inheritsInThisStruct='true' V283='1' occurMaxTimes='1' minSize='-1' maxSize='-1' inheritsFromCopyRule='20' groupType='1' repHandlerStruct='' visible='true' inheritsFrom='Structures/WebIntegration_v2/AccountManagementService/6_4_1_V117/AccountManagementService_ESB_V117_0.1/Types/hsega/AddressType.xml' namespaceIndex='1' V281='13' V1='4' name='ServiceAddress'>
      </savedDerivedCopy>
      <savedOrigCopyAtInheritsFrom t='167' id='44' V167='21' V283='1' occurMaxTimes='1' minSize='-1' maxSize='-1' groupType='1' repHandlerStruct='' inheritsFrom='' namespaceIndex='1' V281='13' V1='4' name='AddressType'>
      </savedOrigCopyAtInheritsFrom>
    </child>
    <child t='167' id='45' V167='21' V283='1' occurMaxTimes='1' minSize='-1' maxSize='-1' dataType='1' repHandlerStruct='' visible='true' inheritsFrom='' namespaceIndex='1' V281='13' V1='4' name='ServiceUsed'>
      <structNode t='150' idref='1'/>
      <child t='167' id='46' V167='21' V283='1' occurMaxTimes='1' minSize='-1' maxSize='-1' dataType='2' elemType='5' repHandlerStruct='' visible='true' inheritsFrom='' V281='13' V1='4' name='true'>
        <structNode t='150' idref='1'/>
      </child>
      <child t='167' id='47' V167='21' V283='1' occurMaxTimes='1' minSize='-1' maxSize='-1' dataType='2' elemType='5' repHandlerStruct='' visible='true' inheritsFrom='' V281='13' V1='4' name='false'>
        <structNode t='150' idref='1'/>
      </child>
    </child>
    <child t='167' id='48' V167='21' V283='1' occurMaxTimes='1' minSize='-1' maxSize='-1' dataType='1' repHandlerStruct='' visible='true' inheritsFrom='' namespaceIndex='1' V281='13' V1='4' name='ServiceIndicator'>
      <structNode t='150' idref='1'/>
      <child t='167' id='49' V167='21' V283='1' occurMaxTimes='1' minSize='-1' maxSize='-1' dataType='2' elemType='5' repHandlerStruct='' visible='true' inheritsFrom='' V281='13' V1='4' name='true'>
        <structNode t='150' idref='1'/>
      </child>
      <child t='167' id='50' V167='21' V283='1' occurMaxTimes='1' minSize='-1' maxSize='-1' dataType='2' elemType='5' repHandlerStruct='' visible='true' inheritsFrom='' V281='13' V1='4' name='false'>
        <structNode t='150' idref='1'/>
      </child>
    </child>
    <child t='167' id='51' V167='21' inheritsFromIncarnation='9' inheritsFromTimestamp='0x1611d4a2e25' inheritsInThisStruct='true' V283='1' occurMaxTimes='1' minSize='-1' maxSize='-1' inheritsFromCopyRule='20' groupType='1' repHandlerStruct='' visible='true' inheritsFrom='Structures/WebIntegration_v2/AccountManagementService/6_4_1_V117/AccountManagementService_ESB_V117_0.1/Types/Q11/NextPaymentInstructionType.xml' namespaceIndex='1' V281='13' V1='4' name='NextPaymentInstruction'>
      <structNode t='150' idref='1'/>
      <savedDerivedCopy t='167' id='52' V167='21' needInheritInit='true' inheritsInThisStruct='true' V283='1' occurMaxTimes='1' minSize='-1' maxSize='-1' inheritsFromCopyRule='20' groupType='1' repHandlerStruct='' visible='true' inheritsFrom='Structures/WebIntegration_v2/AccountManagementService/6_4_1_V117/AccountManagementService_ESB_V117_0.1/Types/Q11/NextPaymentInstructionType.xml' namespaceIndex='1' V281='13' V1='4' name='NextPaymentInstruction'>
      </savedDerivedCopy>
      <savedOrigCopyAtInheritsFrom t='167' id='53' V167='21' V283='1' occurMaxTimes='1' minSize='-1' maxSize='-1' groupType='1' repHandlerStruct='' inheritsFrom='' namespaceIndex='1' V281='13' V1='4' name='NextPaymentInstructionType'>
      </savedOrigCopyAtInheritsFrom>
    </child>
    <child t='167' id='54' V167='21' inheritsFromIncarnation='9' inheritsFromTimestamp='0x1611d4a2e25' inheritsInThisStruct='true' V283='1' occurMinTimes='1' occurMaxTimes='1' minSize='-1' maxSize='-1' inheritsFromCopyRule='20' groupType='1' repHandlerStruct='' visible='true' inheritsFrom='Structures/WebIntegration_v2/AccountManagementService/6_4_1_V117/AccountManagementService_ESB_V117_0.1/Types/hsegcn/PartnersType.xml' namespaceIndex='1' V281='13' V1='4' name='Partners'>
      <structNode t='150' idref='1'/>
      <savedDerivedCopy t='167' id='55' V167='21' needInheritInit='true' inheritsInThisStruct='true' V283='1' occurMinTimes='1' occurMaxTimes='1' minSize='-1' maxSize='-1' inheritsFromCopyRule='20' groupType='1' repHandlerStruct='' visible='true' inheritsFrom='Structures/WebIntegration_v2/AccountManagementService/6_4_1_V117/AccountManagementService_ESB_V117_0.1/Types/hsegcn/PartnersType.xml' namespaceIndex='1' V281='13' V1='4' name='Partners'>
      </savedDerivedCopy>
      <savedOrigCopyAtInheritsFrom t='167' id='56' V167='21' V283='1' occurMaxTimes='1' minSize='-1' maxSize='-1' groupType='1' repHandlerStruct='' inheritsFrom='' namespaceIndex='1' V281='13' V1='4' name='PartnersType'>
      </savedOrigCopyAtInheritsFrom>
    </child>
    <child t='167' id='57' V167='21' V283='1' occurMaxTimes='1' minSize='-1' maxSize='-1' dataType='2' repHandlerStruct='' visible='true' inheritsFrom='' namespaceIndex='1' V281='13' V1='4' name='SpinePricePlanID'>
      <structNode t='150' idref='1'/>
    </child>
    <child t='167' id='58' V167='21' V283='1' occurMaxTimes='1' minSize='-1' maxSize='-1' dataType='31' repHandlerStruct='' visible='true' inheritsFrom='' namespaceIndex='1' V281='13' V1='4' name='VintageEffectiveDate'>
      <structNode t='150' idref='1'/>
    </child>
    <child t='167' id='59' V167='21' V283='1' occurMaxTimes='1' minSize='-1' maxSize='-1' dataType='31' repHandlerStruct='' visible='true' inheritsFrom='' namespaceIndex='1' V281='13' V1='4' name='VintageExpiryDate'>
      <structNode t='150' idref='1'/>
    </child>
    <child t='167' id='60' V167='21' V283='1' occurMaxTimes='1' minSize='-1' maxSize='-1' dataType='31' repHandlerStruct='' visible='true' inheritsFrom='' namespaceIndex='1' V281='13' V1='4' name='ProcessCancellationDate'>
      <structNode t='150' idref='1'/>
    </child>
    <child t='167' id='61' V167='21' inheritsFromIncarnation='10' inheritsFromTimestamp='0x1611d4a2e25' inheritsInThisStruct='true' V283='1' occurMaxTimes='1' minSize='-1' maxSize='-1' inheritsFromCopyRule='20' groupType='1' repHandlerStruct='' visible='true' inheritsFrom='Structures/WebIntegration_v2/AccountManagementService/6_4_1_V117/AccountManagementService_ESB_V117_0.1/Types/hsegcn/LastYearInformationType.xml' namespaceIndex='1' V281='13' V1='4' name='LastYearInformation' checksumValid='true' checksum='ae5VG4vyL8FNrYRfLH/ElpkxnSA='>
      <structNode t='150' idref='1'/>
      <savedDerivedCopy t='167' id='62' V167='21' needInheritInit='true' inheritsInThisStruct='true' V283='1' occurMaxTimes='1' minSize='-1' maxSize='-1' inheritsFromCopyRule='20' groupType='1' repHandlerStruct='' visible='true' inheritsFrom='Structures/WebIntegration_v2/AccountManagementService/6_4_1_V117/AccountManagementService_ESB_V117_0.1/Types/hsegcn/LastYearInformationType.xml' namespaceIndex='1' V281='13' V1='4' name='LastYearInformation'>
      </savedDerivedCopy>
      <savedOrigCopyAtInheritsFrom t='167' id='63' V167='21' V283='1' occurMaxTimes='1' minSize='-1' maxSize='-1' groupType='1' repHandlerStruct='' inheritsFrom='' namespaceIndex='1' V281='13' V1='4' name='LastYearInformationType'>
      </savedOrigCopyAtInheritsFrom>
    </child>
    <child t='167' id='64' V167='21' V283='1' occurMaxTimes='1' minSize='-1' maxSize='-1' dataType='1' repHandlerStruct='' visible='true' inheritsFrom='' namespaceIndex='1' V281='13' V1='4' name='InspectionCompleted'>
      <structNode t='150' idref='1'/>
      <child t='167' id='65' V167='21' V283='1' occurMaxTimes='1' minSize='-1' maxSize='-1' dataType='2' elemType='5' repHandlerStruct='' visible='true' inheritsFrom='' V281='13' V1='4' name='true'>
        <structNode t='150' idref='1'/>
      </child>
      <child t='167' id='66' V167='21' V283='1' occurMaxTimes='1' minSize='-1' maxSize='-1' dataType='2' elemType='5' repHandlerStruct='' visible='true' inheritsFrom='' V281='13' V1='4' name='false'>
        <structNode t='150' idref='1'/>
      </child>
    </child>
    <child t='167' id='67' V167='21' V283='1' occurMaxTimes='1' minSize='-1' maxSize='-1' dataType='1' repHandlerStruct='' visible='true' inheritsFrom='' namespaceIndex='1' V281='13' V1='4' name='InspectionRealised'>
      <structNode t='150' idref='1'/>
      <child t='167' id='68' V167='21' V283='1' occurMaxTimes='1' minSize='-1' maxSize='-1' dataType='2' elemType='5' repHandlerStruct='' visible='true' inheritsFrom='' V281='13' V1='4' name='true'>
        <structNode t='150' idref='1'/>
      </child>
      <child t='167' id='69' V167='21' V283='1' occurMaxTimes='1' minSize='-1' maxSize='-1' dataType='2' elemType='5' repHandlerStruct='' visible='true' inheritsFrom='' V281='13' V1='4' name='false'>
        <structNode t='150' idref='1'/>
      </child>
    </child>
    <child t='167' id='70' V167='21' V283='1' occurMaxTimes='1' minSize='-1' maxSize='-1' dataType='1' repHandlerStruct='' visible='true' inheritsFrom='' namespaceIndex='1' V281='13' V1='4' name='InspectionAttempt'>
      <structNode t='150' idref='1'/>
      <child t='167' id='71' V167='21' V283='1' occurMaxTimes='1' minSize='-1' maxSize='-1' dataType='2' elemType='5' repHandlerStruct='' visible='true' inheritsFrom='' V281='13' V1='4' name='true'>
        <structNode t='150' idref='1'/>
      </child>
      <child t='167' id='72' V167='21' V283='1' occurMaxTimes='1' minSize='-1' maxSize='-1' dataType='2' elemType='5' repHandlerStruct='' visible='true' inheritsFrom='' V281='13' V1='4' name='false'>
        <structNode t='150' idref='1'/>
      </child>
    </child>
  </rootElem>
  <defaultRep t='172' id='73' V172='6' autoFixNamespaceMismatch='true' V170='10' V692='1' unnamedElemsNamespace='1' V690='1' ignoreExcluded='true' fixInvalidCharacters='true' V1='4' name='XML'>
    <namespaceContainers t='220' ref='Namespace Containers/WebIntegration_v2_AccountManagementService_6_4_1_V117_AccountManagementService_ESB_V117_0.1.xml'/>
  </defaultRep>
  <namespaceList t='161' id='74' V161='1' namespaceUri='___osdtDummy___' V1='4'>
  </namespaceList>
  <namespaceList t='161' id='75' V161='1' namespaceUri='http://www.homeserve.com/Europe/GB/Contract/v1' namespacePrefix='hsegcn' V1='4'>
  </namespaceList>
  <namespaceList t='161' id='76' V161='1' namespaceUri='http://www.homeserve.com/Europe/GB/Customer/v1' namespacePrefix='Q1' V1='4'>
  </namespaceList>
  <namespaceList t='161' id='77' V161='1' namespaceUri='http://www.homeserve.com/Global/Customer/Asset/v2' namespacePrefix='hsgca' V1='4'>
  </namespaceList>
  <namespaceList t='161' id='78' V161='1' namespaceUri='http://www.homeserve.com/Europe/GB/Address/v2' namespacePrefix='hsega' V1='4'>
  </namespaceList>
  <namespaceList t='161' id='79' V161='1' namespaceUri='http://www.homeserve.com/Global/Finance/Payment/v1' namespacePrefix='Q11' V1='4'>
  </namespaceList>
  <child t='162' id='80' V1='4' name='Representations'>
    <child t='172' idref='73'/>
  </child>
  <child t='165' id='81' V1='4' name='Document Bindings'>
    <child t='166' id='82' V166='5' docType='1' V1='4' name='/hsegcn:ContractType'>
      <elemNode t='167' idref='2'/>
    </child>
  </child>
</root>
