<?xml version="1.0" encoding="UTF-8"?>
<root t='150' id='1' V150='13' creationTimestamp='0x1611d4a2e16' V1='4' name='DocumentDetailsType' incarnation='8'>
  <rootElem t='167' id='2' V167='21' V283='1' occurMaxTimes='1' minSize='-1' maxSize='-1' groupType='1' repHandlerStruct='' inheritsFrom='' namespaceIndex='1' V281='13' V1='4' name='DocumentDetailsType'>
    <structNode t='150' idref='1'/>
    <child t='167' id='3' V167='21' V283='1' occurMinTimes='1' occurMaxTimes='1' minSize='-1' maxSize='-1' dataType='2' repHandlerStruct='' visible='true' inheritsFrom='' namespaceIndex='1' V281='13' V1='4' name='UUID'>
      <structNode t='150' idref='1'/>
    </child>
    <child t='167' id='4' V167='21' V283='1' occurMinTimes='1' occurMaxTimes='1' minSize='-1' maxSize='-1' dataType='2' repHandlerStruct='' visible='true' inheritsFrom='' namespaceIndex='1' V281='13' V1='4' name='PartyID'>
      <structNode t='150' idref='1'/>
    </child>
    <child t='167' id='5' V167='21' V283='1' occurMaxTimes='1' minSize='-1' maxSize='-1' dataType='2' repHandlerStruct='' visible='true' inheritsFrom='' namespaceIndex='1' V281='13' V1='4' name='ContractID'>
      <structNode t='150' idref='1'/>
    </child>
    <child t='167' id='6' V167='21' V283='1' occurMaxTimes='1' minSize='-1' maxSize='-1' dataType='2' repHandlerStruct='' visible='true' inheritsFrom='' namespaceIndex='1' V281='13' V1='4' name='CustomerAccountNumber'>
      <structNode t='150' idref='1'/>
    </child>
    <child t='167' id='7' V167='21' V283='1' occurMaxTimes='1' minSize='-1' maxSize='-1' dataType='12' repHandlerStruct='' visible='true' inheritsFrom='' namespaceIndex='1' V281='13' V1='4' name='MinorVersion'>
      <structNode t='150' idref='1'/>
    </child>
    <child t='167' id='8' V167='21' V283='1' occurMaxTimes='1' minSize='-1' maxSize='-1' dataType='12' repHandlerStruct='' visible='true' inheritsFrom='' namespaceIndex='1' V281='13' V1='4' name='MajorVersion'>
      <structNode t='150' idref='1'/>
    </child>
    <child t='167' id='9' V167='21' V283='1' occurMinTimes='1' occurMaxTimes='1' minSize='-1' maxSize='-1' dataType='2' repHandlerStruct='' visible='true' inheritsFrom='' namespaceIndex='1' V281='13' V1='4' name='InstructionID'>
      <structNode t='150' idref='1'/>
    </child>
    <child t='167' id='10' V167='21' inheritsFromIncarnation='8' inheritsFromTimestamp='0x1611d4a2df7' inheritsInThisStruct='true' V283='1' occurMinTimes='1' occurMaxTimes='1' minSize='-1' maxSize='-1' inheritsFromCopyRule='20' dataType='2' repHandlerStruct='' visible='true' inheritsFrom='Structures/WebIntegration_v2/AccountManagementService/6_4_1_V117/AccountManagementService_ESB_V117_0.1/Types/hsegcn/CorrespondenceTypeEnum.xml' namespaceIndex='1' V281='13' V1='4' name='CorrespondenceType'>
      <structNode t='150' idref='1'/>
      <savedDerivedCopy t='167' id='11' V167='21' needInheritInit='true' inheritsInThisStruct='true' V283='1' occurMinTimes='1' occurMaxTimes='1' minSize='-1' maxSize='-1' inheritsFromCopyRule='20' dataType='2' repHandlerStruct='' visible='true' inheritsFrom='Structures/WebIntegration_v2/AccountManagementService/6_4_1_V117/AccountManagementService_ESB_V117_0.1/Types/hsegcn/CorrespondenceTypeEnum.xml' namespaceIndex='1' V281='13' V1='4' name='CorrespondenceType'>
      </savedDerivedCopy>
      <savedOrigCopyAtInheritsFrom t='167' id='12' V167='21' V283='1' occurMaxTimes='1' minSize='-1' maxSize='-1' dataType='2' repHandlerStruct='' inheritsFrom='' namespaceIndex='1' V281='13' V1='4' name='CorrespondenceTypeEnum'>
      </savedOrigCopyAtInheritsFrom>
    </child>
    <child t='167' id='13' V167='21' V283='1' occurMinTimes='1' occurMaxTimes='1' minSize='-1' maxSize='-1' dataType='2' repHandlerStruct='' visible='true' inheritsFrom='' namespaceIndex='1' V281='13' V1='4' name='DocumentType'>
      <structNode t='150' idref='1'/>
    </child>
    <child t='167' id='14' V167='21' V283='1' occurMinTimes='1' occurMaxTimes='1' minSize='-1' maxSize='-1' dataType='2' repHandlerStruct='' visible='true' inheritsFrom='' namespaceIndex='1' V281='13' V1='4' name='DocumentName'>
      <structNode t='150' idref='1'/>
    </child>
    <child t='167' id='15' V167='21' V283='1' occurMinTimes='1' occurMaxTimes='1' minSize='-1' maxSize='-1' dataType='31' repHandlerStruct='' visible='true' inheritsFrom='' namespaceIndex='1' V281='13' V1='4' name='CreationDate'>
      <structNode t='150' idref='1'/>
    </child>
    <child t='167' id='16' V167='21' V283='1' occurMinTimes='1' occurMaxTimes='1' minSize='-1' maxSize='-1' dataType='31' repHandlerStruct='' visible='true' inheritsFrom='' namespaceIndex='1' V281='13' V1='4' name='LastUpdated'>
      <structNode t='150' idref='1'/>
    </child>
    <child t='167' id='17' V167='21' V283='1' occurMinTimes='1' occurMaxTimes='1' minSize='-1' maxSize='-1' dataType='1' repHandlerStruct='' visible='true' inheritsFrom='' namespaceIndex='1' V281='13' V1='4' name='Reprint'>
      <structNode t='150' idref='1'/>
      <child t='167' id='18' V167='21' V283='1' occurMaxTimes='1' minSize='-1' maxSize='-1' dataType='2' elemType='5' repHandlerStruct='' visible='true' inheritsFrom='' V281='13' V1='4' name='true'>
        <structNode t='150' idref='1'/>
      </child>
      <child t='167' id='19' V167='21' V283='1' occurMaxTimes='1' minSize='-1' maxSize='-1' dataType='2' elemType='5' repHandlerStruct='' visible='true' inheritsFrom='' V281='13' V1='4' name='false'>
        <structNode t='150' idref='1'/>
      </child>
    </child>
    <child t='167' id='20' V167='21' inheritsFromIncarnation='8' inheritsFromTimestamp='0x1611d4a2e35' inheritsInThisStruct='true' V283='1' occurMinTimes='1' occurMaxTimes='1' minSize='-1' maxSize='-1' inheritsFromCopyRule='20' dataType='2' repHandlerStruct='' visible='true' inheritsFrom='Structures/WebIntegration_v2/AccountManagementService/6_4_1_V117/AccountManagementService_ESB_V117_0.1/Types/hsegcn/StatusEnum.xml' namespaceIndex='1' V281='13' V1='4' name='StatusOfDocument'>
      <structNode t='150' idref='1'/>
      <savedDerivedCopy t='167' id='21' V167='21' needInheritInit='true' inheritsInThisStruct='true' V283='1' occurMinTimes='1' occurMaxTimes='1' minSize='-1' maxSize='-1' inheritsFromCopyRule='20' dataType='2' repHandlerStruct='' visible='true' inheritsFrom='Structures/WebIntegration_v2/AccountManagementService/6_4_1_V117/AccountManagementService_ESB_V117_0.1/Types/hsegcn/StatusEnum.xml' namespaceIndex='1' V281='13' V1='4' name='StatusOfDocument'>
      </savedDerivedCopy>
      <savedOrigCopyAtInheritsFrom t='167' id='22' V167='21' V283='1' occurMaxTimes='1' minSize='-1' maxSize='-1' dataType='2' repHandlerStruct='' inheritsFrom='' namespaceIndex='1' V281='13' V1='4' name='StatusEnum'>
      </savedOrigCopyAtInheritsFrom>
    </child>
  </rootElem>
  <defaultRep t='172' id='23' V172='6' autoFixNamespaceMismatch='true' V170='10' V692='1' unnamedElemsNamespace='1' V690='1' ignoreExcluded='true' fixInvalidCharacters='true' V1='4' name='XML'>
    <namespaceContainers t='220' ref='Namespace Containers/WebIntegration_v2_AccountManagementService_6_4_1_V117_AccountManagementService_ESB_V117_0.1.xml'/>
  </defaultRep>
  <namespaceList t='161' id='24' V161='1' namespaceUri='___osdtDummy___' V1='4'>
  </namespaceList>
  <namespaceList t='161' id='25' V161='1' namespaceUri='http://www.homeserve.com/Europe/GB/Contract/v1' namespacePrefix='hsegcn' V1='4'>
  </namespaceList>
  <child t='162' id='26' V1='4' name='Representations'>
    <child t='172' idref='23'/>
  </child>
  <child t='165' id='27' V1='4' name='Document Bindings'>
    <child t='166' id='28' V166='5' docType='1' V1='4' name='/hsegcn:DocumentDetailsType'>
      <elemNode t='167' idref='2'/>
    </child>
  </child>
</root>
