<?xml version="1.0" encoding="UTF-8"?>
<root t='190' id='1' V190='11' inStruct='Structures/NewGas/ESB_ClaimsService/ClaimsService_ESB_0.1/Elements/hscds/GetClaimsRequest.xml' outStruct='Structures/NewGas/createClaimService/createClaimService_0.1/Elements/cc/getClaimServiceV2Request.xml' inputRep='172' outputRep='172' nextMap='' inputStructUserName='GetClaimsRequest' outputStructUserName='getClaimServiceV2Request' V1='4' name='ClaimsRequest_GET_v2' incarnation='259'>
  <inputMapElem t='200' id='2' V200='7' input='true' shown='5' structElemExists='true' V283='1' occurMinTimes='1' occurMaxTimes='1' minSize='-1' maxSize='-1' inheritsFromCopyRule='20' groupType='1' repHandlerStruct='' visible='true' inheritsFrom='Structures/NewGas/ESB_ClaimsService/ClaimsService_ESB_0.1/Types/hsegcccdo/GetClaimsRequestType.xml' namespaceIndex='1' V281='13' V1='4' name='GetClaimsRequest'>
    <mapNode t='190' idref='1'/>
    <child t='200' id='3' V200='7' input='true' shown='5' structElemExists='true' V283='1' occurMinTimes='1' occurMaxTimes='1' minSize='-1' maxSize='-1' groupType='2' repHandlerStruct='' inheritsFrom='' V281='13' V1='4' name='Anonymous_choice'>
      <mapNode t='190' idref='1'/>
      <child t='200' id='4' V200='7' input='true' shown='5' structElemExists='true' V283='1' occurMaxTimes='1' minSize='-1' maxSize='-1' dataType='2' repHandlerStruct='' visible='true' inheritsFrom='' namespaceIndex='2' V281='13' V1='4' name='ContractID'>
        <mapNode t='190' idref='1'/>
      </child>
      <child t='200' id='5' V200='7' input='true' shown='5' structElemExists='true' V283='1' occurMaxTimes='1' minSize='-1' maxSize='-1' dataType='2' repHandlerStruct='' visible='true' inheritsFrom='' namespaceIndex='2' V281='13' V1='4' name='ClaimReference'>
        <mapNode t='190' idref='1'/>
      </child>
      <child t='200' id='6' V200='7' input='true' shown='5' structElemExists='true' V283='1' occurMaxTimes='1' minSize='-1' maxSize='-1' dataType='2' repHandlerStruct='' visible='true' inheritsFrom='' namespaceIndex='2' V281='13' V1='4' name='CustomerAccountNumber'>
        <mapNode t='190' idref='1'/>
      </child>
    </child>
  </inputMapElem>
  <outputMapElem t='200' id='7' V200='7' shown='5' structElemExists='true' V283='1' occurMinTimes='1' occurMaxTimes='1' minSize='-1' maxSize='-1' groupType='2' repHandlerStruct='' visible='true' inheritsFrom='' namespaceIndex='1' V281='13' modifiedFromParent_loop='true' V1='4' name='getClaimServiceV2Request'>
    <mapNode t='190' idref='1'/>
    <loop>SimpleLoop([autoAdded="true"],in$/hscds:GetClaimsRequest,{Filter},{Sort Keys},{Contexts})</loop>
    <child t='200' id='8' V200='7' shown='5' structElemExists='true' V283='1' occurMinTimes='1' occurMaxTimes='1' minSize='-1' maxSize='-1' dataType='2' repHandlerStruct='' visible='true' inheritsFrom='' namespaceIndex='1' V281='13' modifiedFromParent_emit='true' modifiedFromParent_value='true' V1='4' name='PolicyNumber'>
      <mapNode t='190' idref='1'/>
      <emit>IsPresent(in$/hscds:GetClaimsRequest/Anonymous_choice/hsegcccdo:ContractID)</emit>
      <value>in$/hscds:GetClaimsRequest/Anonymous_choice/hsegcccdo:ContractID</value>
    </child>
    <child t='200' id='9' V200='7' shown='5' structElemExists='true' V283='1' occurMinTimes='1' occurMaxTimes='1' minSize='-1' maxSize='-1' dataType='2' repHandlerStruct='' visible='true' inheritsFrom='' namespaceIndex='1' V281='13' modifiedFromParent_emit='true' modifiedFromParent_value='true' V1='4' name='ClaimNumber'>
      <mapNode t='190' idref='1'/>
      <emit>IsPresent(in$/hscds:GetClaimsRequest/Anonymous_choice/hsegcccdo:ClaimReference)</emit>
      <value>in$/hscds:GetClaimsRequest/Anonymous_choice/hsegcccdo:ClaimReference</value>
    </child>
    <child t='200' id='10' V200='7' shown='5' structElemExists='true' V283='1' occurMinTimes='1' occurMaxTimes='1' minSize='-1' maxSize='-1' dataType='2' repHandlerStruct='' visible='true' inheritsFrom='' namespaceIndex='1' V281='13' modifiedFromParent_emit='true' modifiedFromParent_value='true' V1='4' name='CustomerId'>
      <mapNode t='190' idref='1'/>
      <emit>IsPresent(in$/hscds:GetClaimsRequest/Anonymous_choice/hsegcccdo:CustomerAccountNumber)</emit>
      <value>in$/hscds:GetClaimsRequest/Anonymous_choice/hsegcccdo:CustomerAccountNumber</value>
    </child>
  </outputMapElem>
  <inputNsList t='161' id='11' V161='1' namespaceUri='___osdtDummy___' V1='4'>
  </inputNsList>
  <inputNsList t='161' id='12' V161='1' namespaceUri='http://www.homeserve.com/Global/Customer/Claim/ClaimsService/v2' namespacePrefix='hscds' V1='4'>
  </inputNsList>
  <inputNsList t='161' id='13' V161='1' namespaceUri='http://www.homeserve.com/Global/Customer/Claim/ClaimsServiceOperations/v2' namespacePrefix='hsegcccdo' V1='4'>
  </inputNsList>
  <outputNsList t='161' id='14' V161='1' namespaceUri='___osdtDummy___' V1='4'>
  </outputNsList>
  <outputNsList t='161' id='15' V161='1' namespaceUri='http://homeserve.co.uk/cc' namespacePrefix='cc' V1='4'>
  </outputNsList>
  <inputRepRuntime t='692' id='16' V692='1' V690='1'>
    <namespaceContainers t='220' ref='Namespace Containers/NewGas_ESB_ClaimsService_ClaimsService_ESB_0.1.xml'/>
  </inputRepRuntime>
  <outputRepRuntime t='692' id='17' V692='1' unnamedElemsNamespace='1' V690='1'>
    <namespaceContainers t='220' ref='Namespace Containers/NewGas_createClaimService_createClaimService_0.1.xml'/>
  </outputRepRuntime>
  <valueSets></valueSets>
  <inputXmlRepRuntime t='692' idref='16'/>
  <outputXmlRepRuntime t='692' idref='17'/>
  <child t='165' id='18' V1='4' name='Document Bindings'>
    <child t='166' id='19' V166='5' docType='1' V1='4' name='in$/hscds:GetClaimsRequest'>
      <elemNode t='200' idref='2'/>
    </child>
    <child t='166' id='20' V166='5' docType='2' V1='4' name='out$/cc:getClaimsRequest'>
      <elemNode t='200' idref='7'/>
    </child>
  </child>
  <child t='201' id='21' V1='4' name='Inherits From'>
  </child>
</root>
