<?xml version="1.0" encoding="UTF-8"?>
<root t='190' id='1' V190='11' inStruct='Structures/NewGas/ESB_ClaimsService/ClaimsService_ESB_0.1/Elements/hscds/GetClaimsResponse.xml' outStruct='Structures/ClaimService_Assets/UpdateAssets_V1/UpdateAssets_V1/Elements/tns/GetClaimCenterUpdateRequest.xml' inputRep='172' outputRep='172' nextMap='' inputStructUserName='GetClaimsResponse' outputStructUserName='GetClaimCenterUpdateRequest' V1='4' name='UpdateAssets_ESBtoPEGA_V3.3' incarnation='11514'>
  <inputMapElem t='200' id='2' V200='7' input='true' shown='5' structElemExists='true' V283='1' occurMinTimes='1' occurMaxTimes='1' minSize='-1' maxSize='-1' inheritsFromCopyRule='20' groupType='1' repHandlerStruct='' visible='true' inheritsFrom='Structures/NewGas/ESB_ClaimsService/ClaimsService_ESB_0.1/Types/hsegcccdo/GetClaimsResponseType.xml' namespaceIndex='1' V281='13' V1='4' name='GetClaimsResponse'>
    <mapNode t='190' idref='1'/>
    <child t='200' id='3' V200='7' input='true' shown='5' structElemExists='true' V283='1' occurMinTimes='1' occurMaxTimes='1' minSize='-1' maxSize='-1' inheritsFromCopyRule='20' groupType='1' repHandlerStruct='' visible='true' inheritsFrom='Structures/NewGas/ESB_ClaimsService/ClaimsService_ESB_0.1/Types/hsgco/OutcomeType.xml' namespaceIndex='2' V281='13' V1='4' name='Outcome'>
      <mapNode t='190' idref='1'/>
      <child t='200' id='4' V200='7' input='true' shown='5' structElemExists='true' V283='1' occurMinTimes='1' occurMaxTimes='1' minSize='-1' maxSize='-1' dataType='12' repHandlerStruct='' visible='true' inheritsFrom='' namespaceIndex='3' V281='13' V1='4' name='ResultCode'>
        <mapNode t='190' idref='1'/>
      </child>
      <child t='200' id='5' V200='7' input='true' shown='5' structElemExists='true' V283='1' occurMinTimes='1' occurMaxTimes='1' minSize='-1' maxSize='-1' dataType='2' repHandlerStruct='' visible='true' inheritsFrom='' namespaceIndex='3' V281='13' V1='4' name='ResultDescription'>
        <mapNode t='190' idref='1'/>
      </child>
      <child t='200' id='6' V200='7' input='true' shown='5' structElemExists='true' V283='1' occurMinTimes='1' occurMaxTimes='1' minSize='-1' maxSize='-1' dataType='2' repHandlerStruct='' visible='true' inheritsFrom='' namespaceIndex='3' V281='13' V1='4' name='ResultStatus'>
        <mapNode t='190' idref='1'/>
      </child>
      <child t='200' id='7' V200='7' input='true' shown='5' structElemExists='true' V283='1' occurMaxTimes='-1' minSize='-1' maxSize='-1' inheritsFromCopyRule='20' groupType='1' repHandlerStruct='' visible='true' inheritsFrom='Structures/NewGas/ESB_ClaimsService/ClaimsService_ESB_0.1/Types/hsgco/ProcessOutcomeType.xml' namespaceIndex='3' V281='13' V1='4' name='ProcessOutcome'>
        <mapNode t='190' idref='1'/>
        <child t='200' id='8' V200='7' input='true' shown='5' structElemExists='true' V283='1' occurMinTimes='1' occurMaxTimes='1' minSize='-1' maxSize='-1' dataType='2' repHandlerStruct='' visible='true' inheritsFrom='' namespaceIndex='3' V281='13' V1='4' name='Code'>
          <mapNode t='190' idref='1'/>
        </child>
        <child t='200' id='9' V200='7' input='true' shown='5' structElemExists='true' V283='1' occurMinTimes='1' occurMaxTimes='1' minSize='-1' maxSize='-1' dataType='2' repHandlerStruct='' visible='true' inheritsFrom='' namespaceIndex='3' V281='13' V1='4' name='InteractionID'>
          <mapNode t='190' idref='1'/>
        </child>
        <child t='200' id='10' V200='7' input='true' shown='5' structElemExists='true' V283='1' occurMinTimes='1' occurMaxTimes='1' minSize='-1' maxSize='-1' dataType='2' repHandlerStruct='' visible='true' inheritsFrom='' namespaceIndex='3' V281='13' V1='4' name='Description'>
          <mapNode t='190' idref='1'/>
        </child>
        <child t='200' id='11' V200='7' input='true' shown='5' structElemExists='true' V283='1' occurMaxTimes='-1' minSize='-1' maxSize='-1' inheritsFromCopyRule='20' groupType='1' repHandlerStruct='' visible='true' inheritsFrom='Structures/NewGas/ESB_ClaimsService/ClaimsService_ESB_0.1/Types/hsgco/ServiceIntentType.xml' namespaceIndex='3' V281='13' V1='4' name='ServiceIntentList'>
          <mapNode t='190' idref='1'/>
          <child t='200' id='12' V200='7' input='true' shown='5' structElemExists='true' V283='1' occurMinTimes='1' occurMaxTimes='1' minSize='-1' maxSize='-1' dataType='2' repHandlerStruct='' visible='true' inheritsFrom='' namespaceIndex='3' V281='13' V1='4' name='CaseId'>
            <mapNode t='190' idref='1'/>
          </child>
        </child>
      </child>
    </child>
    <child t='200' id='13' V200='7' input='true' shown='5' structElemExists='true' V283='1' occurMaxTimes='1' minSize='-1' maxSize='-1' inheritsFromCopyRule='20' groupType='1' repHandlerStruct='' visible='true' inheritsFrom='Structures/NewGas/ESB_ClaimsService/ClaimsService_ESB_0.1/Types/hsgcc/ClaimsType.xml' namespaceIndex='2' V281='13' V1='4' name='Claims'>
      <mapNode t='190' idref='1'/>
      <child t='200' id='14' V200='7' input='true' shown='5' structElemExists='true' V283='1' occurMinTimes='1' occurMaxTimes='-1' minSize='-1' maxSize='-1' inheritsFromCopyRule='20' groupType='1' repHandlerStruct='' visible='true' inheritsFrom='Structures/NewGas/ESB_ClaimsService/ClaimsService_ESB_0.1/Types/hsgcc/ClaimType.xml' namespaceIndex='4' V281='13' V1='4' name='Claim'>
        <mapNode t='190' idref='1'/>
        <child t='200' id='15' V200='7' input='true' shown='5' structElemExists='true' V283='1' occurMinTimes='1' occurMaxTimes='1' minSize='-1' maxSize='-1' dataType='2' repHandlerStruct='' visible='true' inheritsFrom='' namespaceIndex='4' V281='13' V1='4' name='ClaimReference'>
          <mapNode t='190' idref='1'/>
        </child>
        <child t='200' id='16' V200='7' input='true' shown='5' structElemExists='true' valueSetIndex='1' V283='1' occurMinTimes='1' occurMaxTimes='1' minSize='-1' maxSize='-1' inheritsFromCopyRule='20' dataType='2' repHandlerStruct='' visible='true' inheritsFrom='Structures/NewGas/ESB_ClaimsService/ClaimsService_ESB_0.1/Types/hsgcc/StatusEnum.xml' namespaceIndex='4' V281='13' V1='4' name='ClaimStatus' description='Status of Claims/Jobs'>
          <mapNode t='190' idref='1'/>
        </child>
        <child t='200' id='17' V200='7' input='true' shown='5' structElemExists='true' V283='1' occurMinTimes='1' occurMaxTimes='1' minSize='-1' maxSize='-1' dataType='31' repHandlerStruct='' visible='true' inheritsFrom='' namespaceIndex='4' V281='13' V1='4' name='ClaimDate'>
          <mapNode t='190' idref='1'/>
        </child>
        <child t='200' id='18' V200='7' input='true' shown='5' structElemExists='true' V283='1' occurMaxTimes='1' minSize='-1' maxSize='-1' dataType='22' repHandlerStruct='' visible='true' inheritsFrom='' namespaceIndex='4' V281='13' V1='4' name='ExcessFee'>
          <mapNode t='190' idref='1'/>
        </child>
        <child t='200' id='19' V200='7' input='true' shown='5' structElemExists='true' valueSetIndex='2' V283='1' occurMaxTimes='1' minSize='-1' maxSize='-1' dataType='1' repHandlerStruct='' visible='true' inheritsFrom='' namespaceIndex='4' V281='13' V1='4' name='ExcessPaid'>
          <mapNode t='190' idref='1'/>
        </child>
        <child t='200' id='20' V200='7' input='true' shown='5' structElemExists='true' V283='1' occurMinTimes='1' occurMaxTimes='1' minSize='-1' maxSize='-1' inheritsFromCopyRule='20' groupType='1' repHandlerStruct='' visible='true' inheritsFrom='Structures/NewGas/ESB_ClaimsService/ClaimsService_ESB_0.1/Types/hsgcc/JobsType.xml' namespaceIndex='4' V281='13' V1='4' name='Jobs'>
          <mapNode t='190' idref='1'/>
          <child t='200' id='21' V200='7' input='true' shown='5' structElemExists='true' V283='1' occurMinTimes='1' occurMaxTimes='-1' minSize='-1' maxSize='-1' inheritsFromCopyRule='20' groupType='1' repHandlerStruct='' visible='true' inheritsFrom='Structures/NewGas/ESB_ClaimsService/ClaimsService_ESB_0.1/Types/hsgcc/JobType.xml' namespaceIndex='4' V281='13' V1='4' name='Job' checksumValid='true' checksum='rR4CmEjOskoKM0+AJuZdghzdhSs='>
            <mapNode t='190' idref='1'/>
            <child t='200' id='22' V200='7' input='true' shown='5' structElemExists='true' V283='1' occurMinTimes='1' occurMaxTimes='1' minSize='-1' maxSize='-1' inheritsFromCopyRule='20' groupType='1' repHandlerStruct='' visible='true' inheritsFrom='Structures/NewGas/ESB_ClaimsService/ClaimsService_ESB_0.1/Types/hsgcc/ContractReferencesType.xml' namespaceIndex='4' V281='13' V1='4' name='ContractReferences'>
              <mapNode t='190' idref='1'/>
              <child t='200' id='23' V200='7' input='true' shown='5' structElemExists='true' V283='1' occurMinTimes='1' occurMaxTimes='-1' minSize='-1' maxSize='-1' inheritsFromCopyRule='20' groupType='1' repHandlerStruct='' visible='true' inheritsFrom='Structures/NewGas/ESB_ClaimsService/ClaimsService_ESB_0.1/Types/hsgcc/ContractReferenceType.xml' namespaceIndex='4' V281='13' V1='4' name='ContractReference' checksumValid='true' checksum='A7ENazK+wPYMKitDAg9U5QahAWY='>
                <mapNode t='190' idref='1'/>
                <child t='200' id='24' V200='7' input='true' shown='5' structElemExists='true' V283='1' occurMinTimes='1' occurMaxTimes='1' minSize='-1' maxSize='-1' dataType='2' repHandlerStruct='' visible='true' inheritsFrom='' namespaceIndex='4' V281='13' V1='4' name='ContractID'>
                  <mapNode t='190' idref='1'/>
                </child>
                <child t='200' id='25' V200='7' input='true' shown='5' structElemExists='true' V283='1' occurMaxTimes='1' minSize='-1' maxSize='-1' dataType='2' repHandlerStruct='' visible='true' inheritsFrom='' namespaceIndex='4' V281='13' V1='4' name='PartnerID'>
                  <mapNode t='190' idref='1'/>
                </child>
                <child t='200' id='26' V200='7' input='true' shown='5' structElemExists='true' V283='1' occurMaxTimes='1' minSize='-1' maxSize='-1' dataType='2' repHandlerStruct='' visible='true' inheritsFrom='' namespaceIndex='4' V281='13' V1='4' name='PackageID'>
                  <mapNode t='190' idref='1'/>
                </child>
                <child t='200' id='27' V200='7' input='true' shown='5' structElemExists='true' V283='1' occurMaxTimes='1' minSize='-1' maxSize='-1' dataType='2' repHandlerStruct='' visible='true' inheritsFrom='' namespaceIndex='4' V281='13' V1='4' name='ProductID'>
                  <mapNode t='190' idref='1'/>
                </child>
                <child t='200' id='28' V200='7' input='true' shown='5' structElemExists='true' V283='1' occurMaxTimes='1' minSize='-1' maxSize='-1' dataType='2' repHandlerStruct='' visible='true' inheritsFrom='' namespaceIndex='4' V281='13' V1='4' name='ProductLine'>
                  <mapNode t='190' idref='1'/>
                </child>
                <child t='200' id='29' V200='7' input='true' shown='5' structElemExists='true' V283='1' occurMaxTimes='1' minSize='-1' maxSize='-1' inheritsFromCopyRule='20' groupType='1' repHandlerStruct='' visible='true' inheritsFrom='Structures/NewGas/ESB_ClaimsService/ClaimsService_ESB_0.1/Types/hsgcc/ClaimDiagnosticsType.xml' namespaceIndex='4' V281='13' V1='4' name='Diagnostics'>
                  <mapNode t='190' idref='1'/>
                  <child t='200' id='30' V200='7' input='true' shown='5' structElemExists='true' V283='1' occurMinTimes='1' occurMaxTimes='1' minSize='-1' maxSize='-1' dataType='2' repHandlerStruct='' visible='true' inheritsFrom='' namespaceIndex='4' V281='13' V1='4' name='CoverageType'>
                    <mapNode t='190' idref='1'/>
                  </child>
                  <child t='200' id='31' V200='7' input='true' shown='5' structElemExists='true' V283='1' occurMinTimes='1' occurMaxTimes='1' minSize='-1' maxSize='-1' dataType='2' repHandlerStruct='' visible='true' inheritsFrom='' namespaceIndex='4' V281='13' V1='4' name='SORCode'>
                    <mapNode t='190' idref='1'/>
                  </child>
                  <child t='200' id='32' V200='7' input='true' shown='5' structElemExists='true' V283='1' occurMaxTimes='1' minSize='-1' maxSize='-1' dataType='2' repHandlerStruct='' visible='true' inheritsFrom='' namespaceIndex='4' V281='13' V1='4' name='Description'>
                    <mapNode t='190' idref='1'/>
                  </child>
                  <child t='200' id='33' V200='7' input='true' shown='5' structElemExists='true' V283='1' occurMaxTimes='1' minSize='-1' maxSize='-1' dataType='2' repHandlerStruct='' visible='true' inheritsFrom='' namespaceIndex='4' V281='13' V1='4' name='SkillCode'>
                    <mapNode t='190' idref='1'/>
                  </child>
                  <child t='200' id='34' V200='7' input='true' shown='5' structElemExists='true' V283='1' occurMaxTimes='1' minSize='-1' maxSize='-1' dataType='2' repHandlerStruct='' visible='true' inheritsFrom='' namespaceIndex='4' V281='13' V1='4' name='AdditionalNotes'>
                    <mapNode t='190' idref='1'/>
                  </child>
                </child>
                <child t='200' id='35' V200='7' input='true' shown='5' structElemExists='true' valueSetIndex='2' V283='1' occurMinTimes='1' occurMaxTimes='1' minSize='-1' maxSize='-1' dataType='1' repHandlerStruct='' visible='true' inheritsFrom='' namespaceIndex='4' V281='13' V1='4' name='IsCompleted'>
                  <mapNode t='190' idref='1'/>
                </child>
                <child t='200' id='36' V200='7' input='true' shown='5' structElemExists='true' V283='1' occurMaxTimes='1' minSize='-1' maxSize='-1' dataType='22' repHandlerStruct='' visible='true' inheritsFrom='' namespaceIndex='4' V281='13' V1='4' name='TotalCostInclVAT'>
                  <mapNode t='190' idref='1'/>
                </child>
              </child>
            </child>
            <child t='200' id='37' V200='7' input='true' shown='5' structElemExists='true' V283='1' occurMinTimes='1' occurMaxTimes='1' minSize='-1' maxSize='-1' dataType='2' repHandlerStruct='' visible='true' inheritsFrom='' namespaceIndex='4' V281='13' V1='4' name='JobReference'>
              <mapNode t='190' idref='1'/>
            </child>
            <child t='200' id='38' V200='7' input='true' shown='5' structElemExists='true' V283='1' occurMaxTimes='1' minSize='-1' maxSize='-1' dataType='2' repHandlerStruct='' visible='true' inheritsFrom='' namespaceIndex='4' V281='13' V1='4' name='WorkRequestReference'>
              <mapNode t='190' idref='1'/>
            </child>
            <child t='200' id='39' V200='7' input='true' shown='5' structElemExists='true' V283='1' occurMinTimes='1' occurMaxTimes='1' minSize='-1' maxSize='-1' dataType='31' repHandlerStruct='' visible='true' inheritsFrom='' namespaceIndex='4' V281='13' V1='4' name='JobDate'>
              <mapNode t='190' idref='1'/>
            </child>
            <child t='200' id='40' V200='7' input='true' shown='5' structElemExists='true' V283='1' occurMinTimes='1' occurMaxTimes='1' minSize='-1' maxSize='-1' dataType='2' repHandlerStruct='' visible='true' inheritsFrom='' namespaceIndex='4' V281='13' V1='4' name='JobType'>
              <mapNode t='190' idref='1'/>
            </child>
            <child t='200' id='41' V200='7' input='true' shown='5' structElemExists='true' valueSetIndex='1' V283='1' occurMinTimes='1' occurMaxTimes='1' minSize='-1' maxSize='-1' inheritsFromCopyRule='20' dataType='2' repHandlerStruct='' visible='true' inheritsFrom='Structures/NewGas/ESB_ClaimsService/ClaimsService_ESB_0.1/Types/hsgcc/StatusEnum.xml' namespaceIndex='4' V281='13' V1='4' name='JobStatus' description='Status of Claims/Jobs'>
              <mapNode t='190' idref='1'/>
            </child>
            <child t='200' id='42' V200='7' input='true' shown='5' structElemExists='true' valueSetIndex='3' V283='1' occurMinTimes='1' occurMaxTimes='1' minSize='-1' maxSize='-1' inheritsFromCopyRule='20' dataType='2' repHandlerStruct='' visible='true' inheritsFrom='Structures/NewGas/ESB_ClaimsService/ClaimsService_ESB_0.1/Types/hsgcc/JobProgressEnum.xml' namespaceIndex='4' V281='13' V1='4' name='JobProgress' description='Status of Jobs'>
              <mapNode t='190' idref='1'/>
            </child>
            <child t='200' id='43' V200='7' input='true' shown='5' structElemExists='true' V283='1' occurMaxTimes='1' minSize='-1' maxSize='-1' inheritsFromCopyRule='20' groupType='1' repHandlerStruct='' visible='true' inheritsFrom='Structures/NewGas/ESB_ClaimsService/ClaimsService_ESB_0.1/Types/hsgcas1/AssetsType.xml' namespaceIndex='4' V281='13' V1='4' name='Assets'>
              <mapNode t='190' idref='1'/>
              <child t='200' id='44' V200='7' input='true' shown='5' structElemExists='true' V283='1' occurMinTimes='1' occurMaxTimes='-1' minSize='-1' maxSize='-1' inheritsFromCopyRule='20' groupType='1' repHandlerStruct='' visible='true' inheritsFrom='Structures/NewGas/ESB_ClaimsService/ClaimsService_ESB_0.1/Types/hsgcas1/AssetType.xml' namespaceIndex='5' V281='13' V1='4' name='Asset'>
                <mapNode t='190' idref='1'/>
                <child t='200' id='45' V200='7' input='true' shown='5' structElemExists='true' V283='1' occurMinTimes='1' occurMaxTimes='1' minSize='-1' maxSize='-1' dataType='2' repHandlerStruct='' visible='true' inheritsFrom='' namespaceIndex='5' V281='13' V1='4' name='AssetID'>
                  <mapNode t='190' idref='1'/>
                </child>
                <child t='200' id='46' V200='7' input='true' shown='5' structElemExists='true' V283='1' occurMinTimes='1' occurMaxTimes='1' minSize='-1' maxSize='-1' dataType='31' repHandlerStruct='' visible='true' inheritsFrom='' namespaceIndex='5' V281='13' V1='4' name='EffectiveDate'>
                  <mapNode t='190' idref='1'/>
                </child>
                <child t='200' id='47' V200='7' input='true' shown='5' structElemExists='true' V283='1' occurMaxTimes='1' minSize='-1' maxSize='-1' dataType='31' repHandlerStruct='' visible='true' inheritsFrom='' namespaceIndex='5' V281='13' V1='4' name='ExpiryDate'>
                  <mapNode t='190' idref='1'/>
                </child>
                <child t='200' id='48' V200='7' input='true' shown='5' structElemExists='true' V283='1' occurMinTimes='1' occurMaxTimes='1' minSize='-1' maxSize='-1' inheritsFromCopyRule='20' groupType='1' repHandlerStruct='' visible='true' inheritsFrom='Structures/NewGas/ESB_ClaimsService/ClaimsService_ESB_0.1/Types/hsgcas1/AssetTypeType.xml' namespaceIndex='5' V281='13' V1='4' name='AssetType'>
                  <mapNode t='190' idref='1'/>
                  <child t='200' id='49' V200='7' input='true' shown='5' structElemExists='true' V283='1' occurMinTimes='1' occurMaxTimes='1' minSize='-1' maxSize='-1' dataType='2' repHandlerStruct='' visible='true' inheritsFrom='' namespaceIndex='5' V281='13' V1='4' name='AssetTypeID'>
                    <mapNode t='190' idref='1'/>
                  </child>
                  <child t='200' id='50' V200='7' input='true' shown='5' structElemExists='true' V283='1' occurMinTimes='1' occurMaxTimes='1' minSize='-1' maxSize='-1' dataType='2' repHandlerStruct='' visible='true' inheritsFrom='' namespaceIndex='5' V281='13' V1='4' name='AssetTypeName'>
                    <mapNode t='190' idref='1'/>
                  </child>
                </child>
                <child t='200' id='51' V200='7' input='true' shown='5' structElemExists='true' V283='1' occurMinTimes='1' occurMaxTimes='-1' minSize='-1' maxSize='-1' inheritsFromCopyRule='20' groupType='1' repHandlerStruct='' visible='true' inheritsFrom='Structures/NewGas/ESB_ClaimsService/ClaimsService_ESB_0.1/Types/hsgcas1/AssetDetailsType.xml' namespaceIndex='5' V281='13' V1='4' name='AssetDetail'>
                  <mapNode t='190' idref='1'/>
                  <child t='200' id='52' V200='7' input='true' shown='5' structElemExists='true' V283='1' occurMinTimes='1' occurMaxTimes='1' minSize='-1' maxSize='-1' dataType='2' repHandlerStruct='' visible='true' inheritsFrom='' namespaceIndex='5' V281='13' V1='4' name='AssetDetailID'>
                    <mapNode t='190' idref='1'/>
                  </child>
                  <child t='200' id='53' V200='7' input='true' shown='5' structElemExists='true' V283='1' occurMinTimes='1' occurMaxTimes='1' minSize='-1' maxSize='-1' inheritsFromCopyRule='20' groupType='1' repHandlerStruct='' visible='true' inheritsFrom='Structures/NewGas/ESB_ClaimsService/ClaimsService_ESB_0.1/Types/hsgcm/NameValuePairType.xml' namespaceIndex='5' V281='13' V1='4' name='AssetNameValuePair'>
                    <mapNode t='190' idref='1'/>
                    <child t='200' id='54' V200='7' input='true' shown='5' structElemExists='true' V283='1' occurMinTimes='1' occurMaxTimes='1' minSize='-1' maxSize='-1' dataType='2' repHandlerStruct='' visible='true' inheritsFrom='' namespaceIndex='6' V281='13' V1='4' name='Name'>
                      <mapNode t='190' idref='1'/>
                    </child>
                    <child t='200' id='55' V200='7' input='true' shown='5' structElemExists='true' valueSetIndex='5' V283='1' occurMinTimes='1' occurMaxTimes='1' minSize='-1' maxSize='-1' inheritsFromCopyRule='20' dataType='2' repHandlerStruct='' visible='true' inheritsFrom='Structures/NewGas/ESB_ClaimsService/ClaimsService_ESB_0.1/Types/hsgcm/ValueTypeEnum.xml' namespaceIndex='6' V281='13' V1='4' name='ValueType'>
                      <mapNode t='190' idref='1'/>
                    </child>
                    <child t='200' id='56' V200='7' input='true' shown='5' structElemExists='true' V283='1' occurMinTimes='1' occurMaxTimes='1' minSize='-1' maxSize='-1' groupType='2' repHandlerStruct='' inheritsFrom='' V281='13' V1='4' name='Anonymous_choice'>
                      <mapNode t='190' idref='1'/>
                      <child t='200' id='57' V200='7' input='true' shown='5' structElemExists='true' V283='1' occurMaxTimes='1' minSize='-1' maxSize='-1' dataType='31' repHandlerStruct='' visible='true' inheritsFrom='' namespaceIndex='6' V281='13' V1='4' name='DateValue'>
                        <mapNode t='190' idref='1'/>
                      </child>
                      <child t='200' id='58' V200='7' input='true' shown='5' structElemExists='true' V283='1' occurMaxTimes='1' minSize='-1' maxSize='-1' dataType='21' repHandlerStruct='' visible='true' inheritsFrom='' namespaceIndex='6' V281='13' V1='4' name='NumericValue'>
                        <mapNode t='190' idref='1'/>
                      </child>
                      <child t='200' id='59' V200='7' input='true' shown='5' structElemExists='true' V283='1' occurMaxTimes='1' minSize='-1' maxSize='-1' dataType='12' repHandlerStruct='' visible='true' inheritsFrom='' namespaceIndex='6' V281='13' V1='4' name='IntegerValue'>
                        <mapNode t='190' idref='1'/>
                      </child>
                      <child t='200' id='60' V200='7' input='true' shown='5' structElemExists='true' V283='1' occurMaxTimes='1' minSize='-1' maxSize='-1' dataType='2' repHandlerStruct='' visible='true' inheritsFrom='' namespaceIndex='6' V281='13' V1='4' name='StringValue'>
                        <mapNode t='190' idref='1'/>
                      </child>
                      <child t='200' id='61' V200='7' input='true' shown='5' structElemExists='true' valueSetIndex='2' V283='1' occurMaxTimes='1' minSize='-1' maxSize='-1' dataType='1' repHandlerStruct='' visible='true' inheritsFrom='' namespaceIndex='6' V281='13' V1='4' name='BooleanValue'>
                        <mapNode t='190' idref='1'/>
                      </child>
                      <child t='200' id='62' V200='7' input='true' shown='5' structElemExists='true' V283='1' occurMaxTimes='1' minSize='-1' maxSize='-1' dataType='2' repHandlerStruct='' visible='true' inheritsFrom='' namespaceIndex='6' V281='13' V1='4' name='BlobValue'>
                        <mapNode t='190' idref='1'/>
                      </child>
                    </child>
                  </child>
                  <child t='200' id='63' V200='7' input='true' shown='5' structElemExists='true' V283='1' occurMaxTimes='1' minSize='-1' maxSize='-1' dataType='2' repHandlerStruct='' visible='true' inheritsFrom='' namespaceIndex='5' V281='13' V1='4' name='RegEx'>
                    <mapNode t='190' idref='1'/>
                  </child>
                </child>
              </child>
            </child>
            <child t='200' id='64' V200='7' input='true' shown='5' structElemExists='true' V283='1' occurMaxTimes='1' minSize='-1' maxSize='-1' inheritsFromCopyRule='20' groupType='1' repHandlerStruct='' visible='true' inheritsFrom='Structures/NewGas/ESB_ClaimsService/ClaimsService_ESB_0.1/Types/hsgcc/ReasonType.xml' namespaceIndex='4' V281='13' V1='4' name='Reason'>
              <mapNode t='190' idref='1'/>
              <child t='200' id='65' V200='7' input='true' shown='5' structElemExists='true' valueSetIndex='6' V283='1' occurMinTimes='1' occurMaxTimes='1' minSize='-1' maxSize='-1' inheritsFromCopyRule='20' dataType='2' repHandlerStruct='' visible='true' inheritsFrom='Structures/NewGas/ESB_ClaimsService/ClaimsService_ESB_0.1/Types/hsgcc/ReasonTypeEnum.xml' namespaceIndex='4' V281='13' V1='4' name='ReasonType'>
                <mapNode t='190' idref='1'/>
              </child>
              <child t='200' id='66' V200='7' input='true' shown='5' structElemExists='true' V283='1' occurMinTimes='1' occurMaxTimes='1' minSize='-1' maxSize='-1' dataType='2' repHandlerStruct='' visible='true' inheritsFrom='' namespaceIndex='4' V281='13' V1='4' name='ReasonDescription'>
                <mapNode t='190' idref='1'/>
              </child>
            </child>
            <child t='200' id='67' V200='7' input='true' shown='5' structElemExists='true' V283='1' occurMaxTimes='1' minSize='-1' maxSize='-1' inheritsFromCopyRule='20' groupType='1' repHandlerStruct='' visible='true' inheritsFrom='Structures/NewGas/ESB_ClaimsService/ClaimsService_ESB_0.1/Types/hsgcc/LettersType.xml' namespaceIndex='4' V281='13' V1='4' name='Letters'>
              <mapNode t='190' idref='1'/>
              <child t='200' id='68' V200='7' input='true' shown='5' structElemExists='true' valueSetIndex='7' V283='1' occurMinTimes='1' occurMaxTimes='1' minSize='-1' maxSize='-1' inheritsFromCopyRule='20' dataType='2' repHandlerStruct='' visible='true' inheritsFrom='Structures/NewGas/ESB_ClaimsService/ClaimsService_ESB_0.1/Types/hsgcc/LetterNameEnum.xml' namespaceIndex='4' V281='13' V1='4' name='Name'>
                <mapNode t='190' idref='1'/>
              </child>
              <child t='200' id='69' V200='7' input='true' shown='5' structElemExists='true' V283='1' occurMaxTimes='1' minSize='-1' maxSize='-1' dataType='30' repHandlerStruct='' visible='true' inheritsFrom='' namespaceIndex='4' V281='13' V1='4' name='CreatedDate'>
                <mapNode t='190' idref='1'/>
              </child>
            </child>
            <child t='200' id='70' V200='7' input='true' shown='5' structElemExists='true' V283='1' occurMaxTimes='1' minSize='-1' maxSize='-1' inheritsFromCopyRule='20' groupType='1' repHandlerStruct='' visible='true' inheritsFrom='Structures/NewGas/ESB_ClaimsService/ClaimsService_ESB_0.1/Types/hsgca/AppointmentType.xml' namespaceIndex='4' V281='13' V1='4' name='Appointment'>
              <mapNode t='190' idref='1'/>
              <child t='200' id='71' V200='7' input='true' shown='5' structElemExists='true' V283='1' occurMinTimes='1' occurMaxTimes='1' minSize='-1' maxSize='-1' dataType='31' repHandlerStruct='' visible='true' inheritsFrom='' namespaceIndex='7' V281='13' V1='4' name='Date'>
                <mapNode t='190' idref='1'/>
              </child>
              <child t='200' id='72' V200='7' input='true' shown='5' structElemExists='true' valueSetIndex='8' V283='1' occurMinTimes='1' occurMaxTimes='1' minSize='-1' maxSize='-1' inheritsFromCopyRule='20' dataType='2' repHandlerStruct='' visible='true' inheritsFrom='Structures/NewGas/ESB_ClaimsService/ClaimsService_ESB_0.1/Types/hsgca/AppointmentSlotEnum.xml' namespaceIndex='7' V281='13' V1='4' name='Slot'>
                <mapNode t='190' idref='1'/>
              </child>
              <child t='200' id='73' V200='7' input='true' shown='5' structElemExists='true' V283='1' occurMaxTimes='1' minSize='-1' maxSize='-1' dataType='2' repHandlerStruct='' visible='true' inheritsFrom='' namespaceIndex='7' V281='13' V1='4' name='Token'>
                <mapNode t='190' idref='1'/>
              </child>
              <child t='200' id='74' V200='7' input='true' shown='5' structElemExists='true' V283='1' occurMaxTimes='1' minSize='-1' maxSize='-1' dataType='2' repHandlerStruct='' visible='true' inheritsFrom='' namespaceIndex='7' V281='13' V1='4' name='ContractID'>
                <mapNode t='190' idref='1'/>
              </child>
              <child t='200' id='75' V200='7' input='true' shown='5' structElemExists='true' V283='1' occurMaxTimes='1' minSize='-1' maxSize='-1' dataType='2' repHandlerStruct='' visible='true' inheritsFrom='' namespaceIndex='7' V281='13' V1='4' name='EngineerID'>
                <mapNode t='190' idref='1'/>
              </child>
              <child t='200' id='76' V200='7' input='true' shown='5' structElemExists='true' V283='1' occurMaxTimes='1' minSize='-1' maxSize='-1' dataType='2' repHandlerStruct='' visible='true' inheritsFrom='' namespaceIndex='7' V281='13' V1='4' name='GroupID'>
                <mapNode t='190' idref='1'/>
              </child>
            </child>
            <child t='200' id='77' V200='7' input='true' shown='5' structElemExists='true' valueSetIndex='2' V283='1' occurMinTimes='1' occurMaxTimes='1' minSize='-1' maxSize='-1' dataType='1' repHandlerStruct='' visible='true' inheritsFrom='' namespaceIndex='4' V281='13' V1='4' name='ServiceJob'>
              <mapNode t='190' idref='1'/>
            </child>
            <child t='200' id='78' V200='7' input='true' shown='5' structElemExists='true' valueSetIndex='2' V283='1' occurMinTimes='1' occurMaxTimes='1' minSize='-1' maxSize='-1' dataType='1' repHandlerStruct='' visible='true' inheritsFrom='' namespaceIndex='4' V281='13' V1='4' name='BeyondEconomicalRepair'>
              <mapNode t='190' idref='1'/>
            </child>
            <child t='200' id='79' V200='7' input='true' shown='5' structElemExists='true' V283='1' occurMinTimes='1' occurMaxTimes='1' minSize='-1' maxSize='-1' dataType='2' repHandlerStruct='' visible='true' inheritsFrom='' namespaceIndex='4' V281='13' V1='4' name='JobHandler'>
              <mapNode t='190' idref='1'/>
            </child>
            <child t='200' id='80' V200='7' input='true' shown='5' structElemExists='true' V283='1' occurMaxTimes='1' minSize='-1' maxSize='-1' inheritsFromCopyRule='20' groupType='1' repHandlerStruct='' visible='true' inheritsFrom='Structures/NewGas/ESB_ClaimsService/ClaimsService_ESB_0.1/Types/hsgcc/ContractDetailsType.xml' namespaceIndex='4' V281='13' V1='4' name='ContractorDetails'>
              <mapNode t='190' idref='1'/>
              <child t='200' id='81' V200='7' input='true' shown='5' structElemExists='true' V283='1' occurMinTimes='1' occurMaxTimes='1' minSize='-1' maxSize='-1' dataType='2' repHandlerStruct='' visible='true' inheritsFrom='' namespaceIndex='4' V281='13' V1='4' name='ContractorName'>
                <mapNode t='190' idref='1'/>
              </child>
              <child t='200' id='82' V200='7' input='true' shown='5' structElemExists='true' V283='1' occurMinTimes='1' occurMaxTimes='1' minSize='-1' maxSize='-1' dataType='2' repHandlerStruct='' visible='true' inheritsFrom='' namespaceIndex='4' V281='13' V1='4' name='ContractPhoneNumber'>
                <mapNode t='190' idref='1'/>
              </child>
            </child>
            <child t='200' id='83' V200='7' input='true' shown='5' structElemExists='true' V283='1' occurMaxTimes='1' minSize='-1' maxSize='-1' dataType='22' repHandlerStruct='' visible='true' inheritsFrom='' namespaceIndex='4' V281='13' V1='4' name='CustomerPayment'>
              <mapNode t='190' idref='1'/>
            </child>
            <child t='200' id='84' V200='7' input='true' shown='5' structElemExists='true' V283='1' occurMaxTimes='1' minSize='-1' maxSize='-1' dataType='22' repHandlerStruct='' visible='true' inheritsFrom='' namespaceIndex='4' V281='13' V1='4' name='CustomerRefund'>
              <mapNode t='190' idref='1'/>
            </child>
            <child t='200' id='85' V200='7' input='true' shown='5' structElemExists='true' V283='1' occurMaxTimes='1' minSize='-1' maxSize='-1' dataType='30' repHandlerStruct='' visible='true' inheritsFrom='' namespaceIndex='4' V281='13' V1='4' name='CompletionDate'>
              <mapNode t='190' idref='1'/>
            </child>
            <child t='200' id='86' V200='7' input='true' shown='5' structElemExists='true' V283='1' occurMaxTimes='1' minSize='-1' maxSize='-1' dataType='2' repHandlerStruct='' visible='true' inheritsFrom='' namespaceIndex='4' V281='13' V1='4' name='AdditionalNotes'>
              <mapNode t='190' idref='1'/>
            </child>
          </child>
        </child>
      </child>
    </child>
  </inputMapElem>
  <outputMapElem t='200' id='87' V200='7' shown='5' structElemExists='true' V283='1' occurMinTimes='1' occurMaxTimes='1' minSize='-1' maxSize='-1' inheritsFromCopyRule='20' groupType='1' repHandlerStruct='' visible='true' inheritsFrom='Structures/ClaimService_Assets/UpdateAssets_V1/UpdateAssets_V1/Types/tns/GetClaimCenterUpdateRequestType.xml' namespaceIndex='1' V281='13' modifiedFromParent_loop='true' V1='4' name='GetClaimCenterUpdateRequest'>
    <mapNode t='190' idref='1'/>
    <loop>SimpleLoop([autoAdded="true"],in$/hscds:GetClaimsResponse,{Filter},{Sort Keys},{Contexts})</loop>
    <child t='200' id='88' V200='7' shown='5' structElemExists='true' V283='1' occurMaxTimes='1' minSize='-1' maxSize='-1' dataType='2' repHandlerStruct='' visible='true' inheritsFrom='' V281='13' modifiedFromParent_value='true' V1='4' name='ContractID'>
      <mapNode t='190' idref='1'/>
      <value>AgConcatFirstPresentValue(in$/hscds:GetClaimsResponse/hsegcccdo:Claims/hsgcc:Claim/hsgcc:Jobs/hsgcc:Job/hsgcc:ContractReferences/hsgcc:ContractReference/hsgcc:ContractID(SimpleLoop(in$/hscds:GetClaimsResponse/hsegcccdo:Claims/hsgcc:Claim,{Filter},{Sort Keys},NestedContext(SimpleLoop(in$/hscds:GetClaimsResponse/hsegcccdo:Claims/hsgcc:Claim/hsgcc:Jobs/hsgcc:Job,{Filter},{Sort Keys},NestedContext(SimpleLoop(in$/hscds:GetClaimsResponse/hsegcccdo:Claims/hsgcc:Claim/hsgcc:Jobs/hsgcc:Job/hsgcc:ContractReferences/hsgcc:ContractReference,{Filter},{Sort Keys},{Contexts})))))))</value>
    </child>
    <child t='200' id='89' V200='7' shown='5' structElemExists='true' V283='1' occurMaxTimes='1' minSize='-1' maxSize='-1' dataType='2' repHandlerStruct='' visible='true' inheritsFrom='' V281='13' V1='4' name='AddressID'>
      <mapNode t='190' idref='1'/>
    </child>
    <child t='200' id='90' V200='7' shown='5' structElemExists='true' V283='1' occurMaxTimes='1' minSize='-1' maxSize='-1' dataType='2' repHandlerStruct='' visible='true' inheritsFrom='' V281='13' modifiedFromParent_value='true' V1='4' name='AssetID'>
      <mapNode t='190' idref='1'/>
      <value>AgConcat(in$/hscds:GetClaimsResponse/hsegcccdo:Claims/hsgcc:Claim/hsgcc:Jobs/hsgcc:Job/hsgcc:Assets/hsgcas1:Asset/hsgcas1:AssetID(SimpleLoop(in$/hscds:GetClaimsResponse/hsegcccdo:Claims/hsgcc:Claim,{Filter},{Sort Keys},NestedContext(SimpleLoop(in$/hscds:GetClaimsResponse/hsegcccdo:Claims/hsgcc:Claim/hsgcc:Jobs/hsgcc:Job,{Filter},{Sort Keys},NestedContext(SimpleLoop(in$/hscds:GetClaimsResponse/hsegcccdo:Claims/hsgcc:Claim/hsgcc:Jobs/hsgcc:Job/hsgcc:Assets/hsgcas1:Asset,{Filter},{Sort Keys},{Contexts})))))))</value>
    </child>
    <child t='200' id='91' V200='7' shown='5' structElemExists='true' V283='1' occurMinTimes='1' occurMaxTimes='-1' minSize='-1' maxSize='-1' groupType='1' repHandlerStruct='' visible='true' inheritsFrom='' V281='13' modifiedFromParent_loop='true' V1='4' name='AssetHeader'>
      <mapNode t='190' idref='1'/>
      <loop>SimpleLoop(in$/hscds:GetClaimsResponse/hsegcccdo:Claims/hsgcc:Claim,{Filter},{Sort Keys},NestedContext(SimpleLoop(in$/hscds:GetClaimsResponse/hsegcccdo:Claims/hsgcc:Claim/hsgcc:Jobs/hsgcc:Job,{Filter},{Sort Keys},NestedContext(SimpleLoop(in$/hscds:GetClaimsResponse/hsegcccdo:Claims/hsgcc:Claim/hsgcc:Jobs/hsgcc:Job/hsgcc:Assets/hsgcas1:Asset,{Filter},{Sort Keys},{Contexts})))))</loop>
      <child t='200' id='92' V200='7' shown='5' structElemExists='true' V283='1' occurMaxTimes='1' minSize='-1' maxSize='-1' groupType='1' repHandlerStruct='' visible='true' inheritsFrom='' V281='13' modifiedFromParent_emit='true' V1='4' name='AssetTypes'>
        <mapNode t='190' idref='1'/>
        <emit>IsPresent(in$/hscds:GetClaimsResponse/hsegcccdo:Claims/hsgcc:Claim/hsgcc:Jobs/hsgcc:Job/hsgcc:Assets/hsgcas1:Asset/hsgcas1:AssetType)</emit>
        <child t='200' id='93' V200='7' shown='5' structElemExists='true' V283='1' occurMinTimes='1' occurMaxTimes='1' minSize='-1' maxSize='-1' dataType='2' repHandlerStruct='' visible='true' inheritsFrom='' V281='13' modifiedFromParent_value='true' V1='4' name='AssetTypeID'>
          <mapNode t='190' idref='1'/>
          <value>in$/hscds:GetClaimsResponse/hsegcccdo:Claims/hsgcc:Claim/hsgcc:Jobs/hsgcc:Job/hsgcc:Assets/hsgcas1:Asset/hsgcas1:AssetType/hsgcas1:AssetTypeID</value>
        </child>
        <child t='200' id='94' V200='7' shown='5' structElemExists='true' V283='1' occurMaxTimes='1' minSize='-1' maxSize='-1' dataType='2' repHandlerStruct='' visible='true' inheritsFrom='' V281='13' modifiedFromParent_value='true' V1='4' name='AssetTypeName'>
          <mapNode t='190' idref='1'/>
          <value>in$/hscds:GetClaimsResponse/hsegcccdo:Claims/hsgcc:Claim/hsgcc:Jobs/hsgcc:Job/hsgcc:Assets/hsgcas1:Asset/hsgcas1:AssetType/hsgcas1:AssetTypeName</value>
        </child>
      </child>
      <child t='200' id='95' V200='7' shown='5' structElemExists='true' V283='1' occurMaxTimes='-1' minSize='-1' maxSize='-1' groupType='1' repHandlerStruct='' visible='true' inheritsFrom='' V281='13' modifiedFromParent_loop='true' V1='4' name='AssetDetails'>
        <mapNode t='190' idref='1'/>
        <loop>SimpleLoop(in$/hscds:GetClaimsResponse/hsegcccdo:Claims/hsgcc:Claim/hsgcc:Jobs/hsgcc:Job/hsgcc:Assets/hsgcas1:Asset/hsgcas1:AssetDetail,{Filter},{Sort Keys},{Contexts})</loop>
        <child t='200' id='96' V200='7' shown='5' structElemExists='true' V283='1' occurMaxTimes='1' minSize='-1' maxSize='-1' dataType='2' repHandlerStruct='' visible='true' inheritsFrom='' V281='13' modifiedFromParent_value='true' V1='4' name='AttributeName'>
          <mapNode t='190' idref='1'/>
          <value>IfThenElse(Equal(in$/hscds:GetClaimsResponse/hsegcccdo:Claims/hsgcc:Claim/hsgcc:Jobs/hsgcc:Job/hsgcc:Assets/hsgcas1:Asset/hsgcas1:AssetDetail/hsgcas1:AssetNameValuePair/hsgcm:Name,Constant([value="BHCStatus",dataType="2"],)),Constant([value="InspectionStatus",dataType="2"],),in$/hscds:GetClaimsResponse/hsegcccdo:Claims/hsgcc:Claim/hsgcc:Jobs/hsgcc:Job/hsgcc:Assets/hsgcas1:Asset/hsgcas1:AssetDetail/hsgcas1:AssetNameValuePair/hsgcm:Name)</value>
        </child>
        <child t='200' id='97' V200='7' shown='5' structElemExists='true' V283='1' occurMaxTimes='1' minSize='-1' maxSize='-1' dataType='2' repHandlerStruct='' visible='true' inheritsFrom='' V281='13' modifiedFromParent_value='true' V1='4' name='AttributeValue'>
          <mapNode t='190' idref='1'/>
          <value>IfThenElse(Equal(in$/hscds:GetClaimsResponse/hsegcccdo:Claims/hsgcc:Claim/hsgcc:Jobs/hsgcc:Job/hsgcc:Assets/hsgcas1:Asset/hsgcas1:AssetDetail/hsgcas1:AssetNameValuePair/hsgcm:ValueType,Constant([value="StringValue",dataType="2"],)),in$/hscds:GetClaimsResponse/hsegcccdo:Claims/hsgcc:Claim/hsgcc:Jobs/hsgcc:Job/hsgcc:Assets/hsgcas1:Asset/hsgcas1:AssetDetail/hsgcas1:AssetNameValuePair/Anonymous_choice/hsgcm:StringValue,IfThenElse(Equal(in$/hscds:GetClaimsResponse/hsegcccdo:Claims/hsgcc:Claim/hsgcc:Jobs/hsgcc:Job/hsgcc:Assets/hsgcas1:Asset/hsgcas1:AssetDetail/hsgcas1:AssetNameValuePair/hsgcm:ValueType,Constant([value="NumericValue",dataType="2"],)),in$/hscds:GetClaimsResponse/hsegcccdo:Claims/hsgcc:Claim/hsgcc:Jobs/hsgcc:Job/hsgcc:Assets/hsgcas1:Asset/hsgcas1:AssetDetail/hsgcas1:AssetNameValuePair/Anonymous_choice/hsgcm:NumericValue,IfThenElse(Equal(in$/hscds:GetClaimsResponse/hsegcccdo:Claims/hsgcc:Claim/hsgcc:Jobs/hsgcc:Job/hsgcc:Assets/hsgcas1:Asset/hsgcas1:AssetDetail/hsgcas1:AssetNameValuePair/hsgcm:ValueType,Constant([value="IntegerValue",dataType="2"],)),in$/hscds:GetClaimsResponse/hsegcccdo:Claims/hsgcc:Claim/hsgcc:Jobs/hsgcc:Job/hsgcc:Assets/hsgcas1:Asset/hsgcas1:AssetDetail/hsgcas1:AssetNameValuePair/Anonymous_choice/hsgcm:IntegerValue,IfThenElse(Equal(in$/hscds:GetClaimsResponse/hsegcccdo:Claims/hsgcc:Claim/hsgcc:Jobs/hsgcc:Job/hsgcc:Assets/hsgcas1:Asset/hsgcas1:AssetDetail/hsgcas1:AssetNameValuePair/hsgcm:ValueType,Constant([value="DateValue",dataType="2"],)),in$/hscds:GetClaimsResponse/hsegcccdo:Claims/hsgcc:Claim/hsgcc:Jobs/hsgcc:Job/hsgcc:Assets/hsgcas1:Asset/hsgcas1:AssetDetail/hsgcas1:AssetNameValuePair/Anonymous_choice/hsgcm:DateValue,IfThenElse(Equal(in$/hscds:GetClaimsResponse/hsegcccdo:Claims/hsgcc:Claim/hsgcc:Jobs/hsgcc:Job/hsgcc:Assets/hsgcas1:Asset/hsgcas1:AssetDetail/hsgcas1:AssetNameValuePair/hsgcm:ValueType,Constant([value="BooleanValue",dataType="2"],)),in$/hscds:GetClaimsResponse/hsegcccdo:Claims/hsgcc:Claim/hsgcc:Jobs/hsgcc:Job/hsgcc:Assets/hsgcas1:Asset/hsgcas1:AssetDetail/hsgcas1:AssetNameValuePair/Anonymous_choice/hsgcm:BooleanValue,IfThen(Equal(in$/hscds:GetClaimsResponse/hsegcccdo:Claims/hsgcc:Claim/hsgcc:Jobs/hsgcc:Job/hsgcc:Assets/hsgcas1:Asset/hsgcas1:AssetDetail/hsgcas1:AssetNameValuePair/hsgcm:ValueType,Constant([value="BlobValue",dataType="2"],)),in$/hscds:GetClaimsResponse/hsegcccdo:Claims/hsgcc:Claim/hsgcc:Jobs/hsgcc:Job/hsgcc:Assets/hsgcas1:Asset/hsgcas1:AssetDetail/hsgcas1:AssetNameValuePair/Anonymous_choice/hsgcm:BlobValue))))))</value>
        </child>
        <child t='200' id='98' V200='7' shown='5' structElemExists='true' V283='1' occurMaxTimes='1' minSize='-1' maxSize='-1' dataType='2' repHandlerStruct='' visible='true' inheritsFrom='' V281='13' modifiedFromParent_value='true' V1='4' name='AttributeValueType'>
          <mapNode t='190' idref='1'/>
          <value>in$/hscds:GetClaimsResponse/hsegcccdo:Claims/hsgcc:Claim/hsgcc:Jobs/hsgcc:Job/hsgcc:Assets/hsgcas1:Asset/hsgcas1:AssetDetail/hsgcas1:AssetNameValuePair/hsgcm:ValueType</value>
        </child>
        <child t='200' id='99' V200='7' shown='5' structElemExists='true' V283='1' occurMaxTimes='1' minSize='-1' maxSize='-1' dataType='2' repHandlerStruct='' visible='true' inheritsFrom='' V281='13' modifiedFromParent_value='true' V1='4' name='AssetDetailID'>
          <mapNode t='190' idref='1'/>
          <value>in$/hscds:GetClaimsResponse/hsegcccdo:Claims/hsgcc:Claim/hsgcc:Jobs/hsgcc:Job/hsgcc:Assets/hsgcas1:Asset/hsgcas1:AssetDetail/hsgcas1:AssetDetailID</value>
        </child>
      </child>
    </child>
  </outputMapElem>
  <inputNsList t='161' id='100' V161='1' namespaceUri='___osdtDummy___' V1='4'>
  </inputNsList>
  <inputNsList t='161' id='101' V161='1' namespaceUri='http://www.homeserve.com/Global/Customer/Claim/ClaimsService/v2' namespacePrefix='hscds' V1='4'>
  </inputNsList>
  <inputNsList t='161' id='102' V161='1' namespaceUri='http://www.homeserve.com/Global/Customer/Claim/ClaimsServiceOperations/v2' namespacePrefix='hsegcccdo' V1='4'>
  </inputNsList>
  <inputNsList t='161' id='103' V161='1' namespaceUri='http://www.homeserve.com/Global/Common/CommonService/v1' namespacePrefix='hsgco' V1='4'>
  </inputNsList>
  <inputNsList t='161' id='104' V161='1' namespaceUri='http://www.homeserve.com/Global/Customer/Claim/v2' namespacePrefix='hsgcc' V1='4'>
  </inputNsList>
  <inputNsList t='161' id='105' V161='1' namespaceUri='http://www.homeserve.com/Global/Customer/Asset/v2' namespacePrefix='hsgcas1' V1='4'>
  </inputNsList>
  <inputNsList t='161' id='106' V161='1' namespaceUri='http://www.homeserve.com/Global/Common/v1' namespacePrefix='hsgcm' V1='4'>
  </inputNsList>
  <inputNsList t='161' id='107' V161='1' namespaceUri='http://www.homeserve.com/Global/Customer/Appointment/v1' namespacePrefix='hsgca' V1='4'>
  </inputNsList>
  <outputNsList t='161' id='108' V161='1' namespaceUri='___osdtDummy___' V1='4'>
  </outputNsList>
  <outputNsList t='161' id='109' V161='1' namespaceUri='urn:PegaRULES:SOAP:ClaimCenterUpdateAsset:Services' namespacePrefix='tns' V1='4'>
  </outputNsList>
  <inputRepRuntime t='692' id='110' V692='1' V690='1'>
    <namespaceContainers t='220' ref='Namespace Containers/NewGas_ESB_ClaimsService_ClaimsService_ESB_0.1.xml'/>
  </inputRepRuntime>
  <outputRepRuntime t='692' id='111' V692='1' V690='1'>
    <namespaceContainers t='220' ref='Namespace Containers/ClaimService_Assets_UpdateAssets_V1_UpdateAssets_V1.xml'/>
  </outputRepRuntime>
  <valueSets></valueSets>
  <valueSets>Draft|Open|Closed</valueSets>
  <valueSets>true|false</valueSets>
  <valueSets>Cancelled|Closed|Deployed|Deployable|QuoteApproved|WorkStarted|WorkStopped|Awaiting Receipt|Awaiting Acceptance|Failed|Redeployable|Phone First|Awaiting Customer Contacted|Contact Made|Cannot Contact Customer|Refused|Customer Cancelled|Awaiting Invoice|Engineer On Site|Invoice Received|Awaiting Closure|Pending...|Engineer En-Route|Appointment Booked Successfully|Awaiting Manual Deployment|Allocated|En Route|On Site|Awaiting Further Work Validation|Awaiting Abortive Validation|Job Complete|Invoice Pending Send|Awaiting Reconcilliation|Invoice Sent To Finance|Further Work Revisit Required|Awaiting Completion|Awaiting BER Validation|Awaiting Obsolete Validation|Awaiting HCM Validation|Not Applicable</valueSets>
  <valueSets>Service|Insurance|OnDemand|Warranty</valueSets>
  <valueSets>StringValue|NumericValue|IntegerValue|DateValue|BooleanValue|BlobValue</valueSets>
  <valueSets>Cancelled|Repudiated|Suspended</valueSets>
  <valueSets>First|Second|Final</valueSets>
  <valueSets>8-12|12-17|17-21|21-8|8-17</valueSets>
  <valueSets>Service|Insurance|OnDemand|Warranty|Inspection</valueSets>
  <valueSetKeys>Structures/NG2/ClaimsService_ESB_0.1/Types/hsgcc/ProductLineEnum.xml</valueSetKeys>
  <valueSetKeys>9</valueSetKeys>
  <inputXmlRepRuntime t='692' idref='110'/>
  <outputXmlRepRuntime t='692' idref='111'/>
  <child t='165' id='112' V1='4' name='Document Bindings'>
    <child t='166' id='113' V166='5' docType='1' docReposPath='/CCINTEGRATION/Sample Data/Maps/NewGas/UpdateAssets_ESBtoPEGA_V3.3_Copy_input/GetClaimsResponseNG-Enriched-2.xml' V1='4' name='in$/hscds:GetClaimsResponse'>
      <elemNode t='200' idref='2'/>
    </child>
    <child t='166' id='114' V166='5' docType='2' V1='4' name='out$/tns:GetClaimCenterUpdateRequest'>
      <elemNode t='200' idref='87'/>
    </child>
  </child>
  <child t='201' id='115' V1='4' name='Inherits From'>
  </child>
</root>
