<?xml version="1.0" encoding="UTF-8"?>
<root t='190' id='1' V190='11' inStruct='Structures/NewGas/createClaimService/createClaimService_0.1/Elements/cc/getClaimServiceV2Response.xml' outStruct='Structures/ProductMapping_V2/ProductMapping_V2_0.1/Elements/pm/GetDetailsRequest.xml' inputRep='172' outputRep='172' nextMap='' inputStructUserName='getClaimServiceV2Response' outputStructUserName='GetDetailsRequest' V1='4' name='ProductMappingRequest' incarnation='1388'>
  <inputMapElem t='200' id='2' V200='7' input='true' shown='5' structElemExists='true' V283='1' occurMinTimes='1' occurMaxTimes='1' minSize='-1' maxSize='-1' groupType='1' repHandlerStruct='' visible='true' inheritsFrom='' namespaceIndex='1' V281='13' V1='4' name='getClaimServiceV2Response'>
    <mapNode t='190' idref='1'/>
    <child t='200' id='3' V200='7' input='true' shown='5' structElemExists='true' V283='1' occurMinTimes='1' occurMaxTimes='1' minSize='-1' maxSize='-1' dataType='12' repHandlerStruct='' visible='true' inheritsFrom='' namespaceIndex='1' V281='13' V1='4' name='NumberOfClaims'>
      <mapNode t='190' idref='1'/>
    </child>
    <child t='200' id='4' V200='7' input='true' shown='5' structElemExists='true' V283='1' occurMaxTimes='1' minSize='-1' maxSize='-1' inheritsFromCopyRule='20' groupType='1' repHandlerStruct='' visible='true' inheritsFrom='Structures/NewGas/createClaimService/createClaimService_0.1/Types/cc/ClaimsType-v2.xml' namespaceIndex='1' V281='13' V1='4' name='Claims'>
      <mapNode t='190' idref='1'/>
      <child t='200' id='5' V200='7' input='true' shown='5' structElemExists='true' V283='1' occurMinTimes='1' occurMaxTimes='-1' minSize='-1' maxSize='-1' inheritsFromCopyRule='20' groupType='1' repHandlerStruct='' visible='true' inheritsFrom='Structures/NewGas/createClaimService/createClaimService_0.1/Types/cc/ClaimType-v2.xml' namespaceIndex='1' V281='13' V1='4' name='Claim'>
        <mapNode t='190' idref='1'/>
        <child t='200' id='6' V200='7' input='true' shown='5' structElemExists='true' V283='1' occurMinTimes='1' occurMaxTimes='1' minSize='-1' maxSize='-1' dataType='31' repHandlerStruct='' visible='true' inheritsFrom='' namespaceIndex='1' V281='13' V1='4' name='ReportedDate'>
          <mapNode t='190' idref='1'/>
        </child>
        <child t='200' id='7' V200='7' input='true' shown='5' structElemExists='true' V283='1' occurMinTimes='1' occurMaxTimes='1' minSize='-1' maxSize='-1' dataType='2' repHandlerStruct='' visible='true' inheritsFrom='' namespaceIndex='1' V281='13' V1='4' name='ClaimReference'>
          <mapNode t='190' idref='1'/>
        </child>
        <child t='200' id='8' V200='7' input='true' shown='5' structElemExists='true' valueSetIndex='1' V283='1' occurMinTimes='1' occurMaxTimes='1' minSize='-1' maxSize='-1' inheritsFromCopyRule='20' dataType='2' repHandlerStruct='' visible='true' inheritsFrom='Structures/NewGas/createClaimService/createClaimService_0.1/Types/cc/StateEnum.xml' namespaceIndex='1' V281='13' V1='4' name='ClaimStatus'>
          <mapNode t='190' idref='1'/>
        </child>
        <child t='200' id='9' V200='7' input='true' shown='5' structElemExists='true' V283='1' occurMinTimes='1' occurMaxTimes='1' minSize='-1' maxSize='-1' inheritsFromCopyRule='20' groupType='1' repHandlerStruct='' visible='true' inheritsFrom='Structures/NewGas/createClaimService/createClaimService_0.1/Types/cc/JobsType-v2.xml' namespaceIndex='1' V281='13' V1='4' name='Jobs'>
          <mapNode t='190' idref='1'/>
          <child t='200' id='10' V200='7' input='true' shown='5' structElemExists='true' V283='1' occurMinTimes='1' occurMaxTimes='-1' minSize='-1' maxSize='-1' inheritsFromCopyRule='20' groupType='1' repHandlerStruct='' visible='true' inheritsFrom='Structures/NewGas/createClaimService/createClaimService_0.1/Types/cc/JobType-v2.xml' namespaceIndex='1' V281='13' V1='4' name='Job' checksumValid='true' checksum='SaHGCBhE+89YxXRKa0JqCmvlEUU='>
            <mapNode t='190' idref='1'/>
            <child t='200' id='11' V200='7' input='true' shown='5' structElemExists='true' V283='1' occurMinTimes='1' occurMaxTimes='1' minSize='-1' maxSize='-1' dataType='31' repHandlerStruct='' visible='true' inheritsFrom='' namespaceIndex='1' V281='13' V1='4' name='ReportedDate'>
              <mapNode t='190' idref='1'/>
            </child>
            <child t='200' id='12' V200='7' input='true' shown='5' structElemExists='true' V283='1' occurMinTimes='1' occurMaxTimes='1' minSize='-1' maxSize='-1' inheritsFromCopyRule='20' groupType='1' repHandlerStruct='' visible='true' inheritsFrom='Structures/NewGas/createClaimService/createClaimService_0.1/Types/cc/ContractReferencesType.xml' namespaceIndex='1' V281='13' V1='4' name='ContractReferences'>
              <mapNode t='190' idref='1'/>
              <child t='200' id='13' V200='7' input='true' shown='5' structElemExists='true' V283='1' occurMinTimes='1' occurMaxTimes='-1' minSize='-1' maxSize='-1' inheritsFromCopyRule='20' groupType='1' repHandlerStruct='' visible='true' inheritsFrom='Structures/NewGas/createClaimService/createClaimService_0.1/Types/cc/ContractReferenceType-v2.xml' namespaceIndex='1' V281='13' V1='4' name='ContractReference'>
                <mapNode t='190' idref='1'/>
                <child t='200' id='14' V200='7' input='true' shown='5' structElemExists='true' V283='1' occurMinTimes='1' occurMaxTimes='1' minSize='-1' maxSize='-1' dataType='2' repHandlerStruct='' visible='true' inheritsFrom='' namespaceIndex='1' V281='13' V1='4' name='PolicyNumber'>
                  <mapNode t='190' idref='1'/>
                </child>
                <child t='200' id='15' V200='7' input='true' shown='5' structElemExists='true' V283='1' occurMaxTimes='1' minSize='-1' maxSize='-1' dataType='2' repHandlerStruct='' visible='true' inheritsFrom='' namespaceIndex='1' V281='13' V1='4' name='JVScheme'>
                  <mapNode t='190' idref='1'/>
                </child>
                <child t='200' id='16' V200='7' input='true' shown='5' structElemExists='true' V283='1' occurMaxTimes='1' minSize='-1' maxSize='-1' dataType='2' repHandlerStruct='' visible='true' inheritsFrom='' namespaceIndex='1' V281='13' V1='4' name='PolicyType'>
                  <mapNode t='190' idref='1'/>
                </child>
                <child t='200' id='17' V200='7' input='true' shown='5' structElemExists='true' V283='1' occurMaxTimes='1' minSize='-1' maxSize='-1' dataType='2' repHandlerStruct='' visible='true' inheritsFrom='' namespaceIndex='1' V281='13' V1='4' name='Component'>
                  <mapNode t='190' idref='1'/>
                </child>
                <child t='200' id='18' V200='7' input='true' shown='5' structElemExists='true' V283='1' occurMaxTimes='1' minSize='-1' maxSize='-1' inheritsFromCopyRule='20' groupType='1' repHandlerStruct='' visible='true' inheritsFrom='Structures/NewGas/createClaimService/createClaimService_0.1/Types/cc/ClaimDiagnosticsType.xml' namespaceIndex='1' V281='13' V1='4' name='Diagnostics'>
                  <mapNode t='190' idref='1'/>
                  <child t='200' id='19' V200='7' input='true' shown='5' structElemExists='true' V283='1' occurMinTimes='1' occurMaxTimes='1' minSize='-1' maxSize='-1' dataType='2' repHandlerStruct='' visible='true' inheritsFrom='' namespaceIndex='1' V281='13' V1='4' name='CoverageType'>
                    <mapNode t='190' idref='1'/>
                  </child>
                  <child t='200' id='20' V200='7' input='true' shown='5' structElemExists='true' V283='1' occurMinTimes='1' occurMaxTimes='1' minSize='-1' maxSize='-1' dataType='2' repHandlerStruct='' visible='true' inheritsFrom='' namespaceIndex='1' V281='13' V1='4' name='SORCode'>
                    <mapNode t='190' idref='1'/>
                  </child>
                  <child t='200' id='21' V200='7' input='true' shown='5' structElemExists='true' V283='1' occurMaxTimes='1' minSize='-1' maxSize='-1' dataType='2' repHandlerStruct='' visible='true' inheritsFrom='' namespaceIndex='1' V281='13' V1='4' name='SkillCode'>
                    <mapNode t='190' idref='1'/>
                  </child>
                  <child t='200' id='22' V200='7' input='true' shown='5' structElemExists='true' V283='1' occurMinTimes='1' occurMaxTimes='1' minSize='-1' maxSize='-1' dataType='2' repHandlerStruct='' visible='true' inheritsFrom='' namespaceIndex='1' V281='13' V1='4' name='Description'>
                    <mapNode t='190' idref='1'/>
                  </child>
                </child>
                <child t='200' id='23' V200='7' input='true' shown='5' structElemExists='true' valueSetIndex='2' V283='1' occurMaxTimes='1' minSize='-1' maxSize='-1' dataType='1' repHandlerStruct='' visible='true' inheritsFrom='' namespaceIndex='1' V281='13' V1='4' name='IsCompleted'>
                  <mapNode t='190' idref='1'/>
                </child>
                <child t='200' id='24' V200='7' input='true' shown='5' structElemExists='true' V283='1' occurMaxTimes='1' minSize='-1' maxSize='-1' dataType='22' repHandlerStruct='' visible='true' inheritsFrom='' namespaceIndex='1' V281='13' V1='4' name='TotalCostInclVAT'>
                  <mapNode t='190' idref='1'/>
                </child>
              </child>
            </child>
            <child t='200' id='25' V200='7' input='true' shown='5' structElemExists='true' V283='1' occurMinTimes='1' occurMaxTimes='1' minSize='-1' maxSize='-1' dataType='2' repHandlerStruct='' visible='true' inheritsFrom='' namespaceIndex='1' V281='13' V1='4' name='JobReference'>
              <mapNode t='190' idref='1'/>
            </child>
            <child t='200' id='26' V200='7' input='true' shown='5' structElemExists='true' valueSetIndex='1' V283='1' occurMinTimes='1' occurMaxTimes='1' minSize='-1' maxSize='-1' inheritsFromCopyRule='20' dataType='2' repHandlerStruct='' visible='true' inheritsFrom='Structures/NewGas/createClaimService/createClaimService_0.1/Types/cc/StateEnum.xml' namespaceIndex='1' V281='13' V1='4' name='JobStatus'>
              <mapNode t='190' idref='1'/>
            </child>
            <child t='200' id='27' V200='7' input='true' shown='5' structElemExists='true' V283='1' occurMinTimes='1' occurMaxTimes='1' minSize='-1' maxSize='-1' dataType='2' repHandlerStruct='' visible='true' inheritsFrom='' namespaceIndex='1' V281='13' V1='4' name='Type'>
              <mapNode t='190' idref='1'/>
            </child>
            <child t='200' id='28' V200='7' input='true' shown='5' structElemExists='true' valueSetIndex='2' V283='1' occurMinTimes='1' occurMaxTimes='1' minSize='-1' maxSize='-1' dataType='1' repHandlerStruct='' visible='true' inheritsFrom='' namespaceIndex='1' V281='13' V1='4' name='ServiceJob'>
              <mapNode t='190' idref='1'/>
            </child>
            <child t='200' id='29' V200='7' input='true' shown='5' structElemExists='true' valueSetIndex='2' V283='1' occurMinTimes='1' occurMaxTimes='1' minSize='-1' maxSize='-1' dataType='1' repHandlerStruct='' visible='true' inheritsFrom='' namespaceIndex='1' V281='13' V1='4' name='BeyondEconomicalRepair'>
              <mapNode t='190' idref='1'/>
            </child>
            <child t='200' id='30' V200='7' input='true' shown='5' structElemExists='true' V283='1' occurMaxTimes='1' minSize='-1' maxSize='-1' dataType='2' repHandlerStruct='' visible='true' inheritsFrom='' namespaceIndex='1' V281='13' V1='4' name='WorkRequestReference'>
              <mapNode t='190' idref='1'/>
            </child>
            <child t='200' id='31' V200='7' input='true' shown='5' structElemExists='true' valueSetIndex='3' V283='1' occurMinTimes='1' occurMaxTimes='1' minSize='-1' maxSize='-1' inheritsFromCopyRule='20' dataType='2' repHandlerStruct='' visible='true' inheritsFrom='Structures/NewGas/createClaimService/createClaimService_0.1/Types/cc/JobStatusEnum.xml' namespaceIndex='1' V281='13' V1='4' name='JobProgressionStatus'>
              <mapNode t='190' idref='1'/>
            </child>
            <child t='200' id='32' V200='7' input='true' shown='5' structElemExists='true' valueSetIndex='2' V283='1' occurMaxTimes='1' minSize='-1' maxSize='-1' dataType='1' repHandlerStruct='' visible='true' inheritsFrom='' namespaceIndex='1' V281='13' V1='4' name='IsRepudiated'>
              <mapNode t='190' idref='1'/>
            </child>
            <child t='200' id='33' V200='7' input='true' shown='5' structElemExists='true' V283='1' occurMaxTimes='1' minSize='-1' maxSize='-1' dataType='2' repHandlerStruct='' visible='true' inheritsFrom='' namespaceIndex='1' V281='13' V1='4' name='RepudiationReason'>
              <mapNode t='190' idref='1'/>
            </child>
            <child t='200' id='34' V200='7' input='true' shown='5' structElemExists='true' valueSetIndex='2' V283='1' occurMaxTimes='1' minSize='-1' maxSize='-1' dataType='1' repHandlerStruct='' visible='true' inheritsFrom='' namespaceIndex='1' V281='13' V1='4' name='IsWizardSuspended'>
              <mapNode t='190' idref='1'/>
            </child>
            <child t='200' id='35' V200='7' input='true' shown='5' structElemExists='true' V283='1' occurMaxTimes='1' minSize='-1' maxSize='-1' dataType='2' repHandlerStruct='' visible='true' inheritsFrom='' namespaceIndex='1' V281='13' V1='4' name='SuspensionReason'>
              <mapNode t='190' idref='1'/>
            </child>
            <child t='200' id='36' V200='7' input='true' shown='5' structElemExists='true' valueSetIndex='2' V283='1' occurMaxTimes='1' minSize='-1' maxSize='-1' dataType='1' repHandlerStruct='' visible='true' inheritsFrom='' namespaceIndex='1' V281='13' V1='4' name='IsWizardCancelled'>
              <mapNode t='190' idref='1'/>
            </child>
            <child t='200' id='37' V200='7' input='true' shown='5' structElemExists='true' V283='1' occurMaxTimes='1' minSize='-1' maxSize='-1' dataType='2' repHandlerStruct='' visible='true' inheritsFrom='' namespaceIndex='1' V281='13' V1='4' name='CancellationReason'>
              <mapNode t='190' idref='1'/>
            </child>
            <child t='200' id='38' V200='7' input='true' shown='5' structElemExists='true' V283='1' occurMaxTimes='1' minSize='-1' maxSize='-1' dataType='31' repHandlerStruct='' visible='true' inheritsFrom='' namespaceIndex='1' V281='13' V1='4' name='AppointmentDate'>
              <mapNode t='190' idref='1'/>
            </child>
            <child t='200' id='39' V200='7' input='true' shown='5' structElemExists='true' V283='1' occurMaxTimes='1' minSize='-1' maxSize='-1' dataType='2' repHandlerStruct='' visible='true' inheritsFrom='' namespaceIndex='1' V281='13' V1='4' name='AppointmentSlot'>
              <mapNode t='190' idref='1'/>
            </child>
            <child t='200' id='40' V200='7' input='true' shown='5' structElemExists='true' V283='1' occurMaxTimes='1' minSize='-1' maxSize='-1' dataType='2' repHandlerStruct='' visible='true' inheritsFrom='' namespaceIndex='1' V281='13' V1='4' name='AdditionalNotes'>
              <mapNode t='190' idref='1'/>
            </child>
            <child t='200' id='41' V200='7' input='true' shown='5' structElemExists='true' V283='1' occurMinTimes='1' occurMaxTimes='1' minSize='-1' maxSize='-1' dataType='2' repHandlerStruct='' visible='true' inheritsFrom='' namespaceIndex='1' V281='13' V1='4' name='JobHandler'>
              <mapNode t='190' idref='1'/>
            </child>
            <child t='200' id='42' V200='7' input='true' shown='5' structElemExists='true' V283='1' occurMaxTimes='1' minSize='-1' maxSize='-1' dataType='2' repHandlerStruct='' visible='true' inheritsFrom='' namespaceIndex='1' V281='13' V1='4' name='ContractorName'>
              <mapNode t='190' idref='1'/>
            </child>
            <child t='200' id='43' V200='7' input='true' shown='5' structElemExists='true' V283='1' occurMaxTimes='1' minSize='-1' maxSize='-1' dataType='2' repHandlerStruct='' visible='true' inheritsFrom='' namespaceIndex='1' V281='13' V1='4' name='ContractorContactNumber'>
              <mapNode t='190' idref='1'/>
            </child>
            <child t='200' id='44' V200='7' input='true' shown='5' structElemExists='true' V283='1' occurMaxTimes='1' minSize='-1' maxSize='-1' dataType='22' repHandlerStruct='' visible='true' inheritsFrom='' namespaceIndex='1' V281='13' V1='4' name='CustomerPayment'>
              <mapNode t='190' idref='1'/>
            </child>
            <child t='200' id='45' V200='7' input='true' shown='5' structElemExists='true' V283='1' occurMaxTimes='1' minSize='-1' maxSize='-1' dataType='22' repHandlerStruct='' visible='true' inheritsFrom='' namespaceIndex='1' V281='13' V1='4' name='CustomerRefund'>
              <mapNode t='190' idref='1'/>
            </child>
            <child t='200' id='46' V200='7' input='true' shown='5' structElemExists='true' V283='1' occurMaxTimes='1' minSize='-1' maxSize='-1' dataType='30' repHandlerStruct='' visible='true' inheritsFrom='' namespaceIndex='1' V281='13' V1='4' name='CompletionDate'>
              <mapNode t='190' idref='1'/>
            </child>
            <child t='200' id='47' V200='7' input='true' shown='5' structElemExists='true' V283='1' occurMaxTimes='1' minSize='-1' maxSize='-1' inheritsFromCopyRule='20' groupType='1' repHandlerStruct='' visible='true' inheritsFrom='Structures/NewGas/createClaimService/createClaimService_0.1/Types/cc/LettersType.xml' namespaceIndex='1' V281='13' V1='4' name='Letters'>
              <mapNode t='190' idref='1'/>
              <child t='200' id='48' V200='7' input='true' shown='5' structElemExists='true' valueSetIndex='4' V283='1' occurMinTimes='1' occurMaxTimes='1' minSize='-1' maxSize='-1' inheritsFromCopyRule='20' dataType='2' repHandlerStruct='' visible='true' inheritsFrom='Structures/NewGas/createClaimService/createClaimService_0.1/Types/cc/LetterNameEnum.xml' namespaceIndex='1' V281='13' V1='4' name='Name'>
                <mapNode t='190' idref='1'/>
              </child>
              <child t='200' id='49' V200='7' input='true' shown='5' structElemExists='true' V283='1' occurMaxTimes='1' minSize='-1' maxSize='-1' dataType='30' repHandlerStruct='' visible='true' inheritsFrom='' namespaceIndex='1' V281='13' V1='4' name='CreateDate'>
                <mapNode t='190' idref='1'/>
              </child>
            </child>
            <child t='200' id='50' V200='7' input='true' shown='5' structElemExists='true' V283='1' occurMaxTimes='1' minSize='-1' maxSize='-1' inheritsFromCopyRule='20' groupType='1' repHandlerStruct='' visible='true' inheritsFrom='Structures/NewGas/createClaimService/createClaimService_0.1/Types/cc/AssetsType.xml' namespaceIndex='1' V281='13' V1='4' name='Assets'>
              <mapNode t='190' idref='1'/>
              <child t='200' id='51' V200='7' input='true' shown='5' structElemExists='true' V283='1' occurMinTimes='1' occurMaxTimes='-1' minSize='-1' maxSize='-1' inheritsFromCopyRule='20' groupType='1' repHandlerStruct='' visible='true' inheritsFrom='Structures/NewGas/createClaimService/createClaimService_0.1/Types/cc/AssetType.xml' namespaceIndex='1' V281='13' V1='4' name='Asset'>
                <mapNode t='190' idref='1'/>
                <child t='200' id='52' V200='7' input='true' shown='5' structElemExists='true' V283='1' occurMinTimes='1' occurMaxTimes='1' minSize='-1' maxSize='-1' inheritsFromCopyRule='20' groupType='1' repHandlerStruct='' visible='true' inheritsFrom='Structures/NewGas/createClaimService/createClaimService_0.1/Types/cc/AssetTypeType.xml' namespaceIndex='1' V281='13' V1='4' name='AssetType'>
                  <mapNode t='190' idref='1'/>
                  <child t='200' id='53' V200='7' input='true' shown='5' structElemExists='true' V283='1' occurMinTimes='1' occurMaxTimes='1' minSize='-1' maxSize='-1' dataType='2' repHandlerStruct='' visible='true' inheritsFrom='' namespaceIndex='1' V281='13' V1='4' name='AssetTypeID'>
                    <mapNode t='190' idref='1'/>
                  </child>
                  <child t='200' id='54' V200='7' input='true' shown='5' structElemExists='true' V283='1' occurMaxTimes='1' minSize='-1' maxSize='-1' dataType='2' repHandlerStruct='' visible='true' inheritsFrom='' namespaceIndex='1' V281='13' V1='4' name='AssetTypeName'>
                    <mapNode t='190' idref='1'/>
                  </child>
                </child>
                <child t='200' id='55' V200='7' input='true' shown='5' structElemExists='true' V283='1' occurMinTimes='1' occurMaxTimes='-1' minSize='-1' maxSize='-1' inheritsFromCopyRule='20' groupType='1' repHandlerStruct='' visible='true' inheritsFrom='Structures/NewGas/createClaimService/createClaimService_0.1/Types/cc/AssetDetailsType.xml' namespaceIndex='1' V281='13' V1='4' name='AssetDetail'>
                  <mapNode t='190' idref='1'/>
                  <child t='200' id='56' V200='7' input='true' shown='5' structElemExists='true' V283='1' occurMaxTimes='1' minSize='-1' maxSize='-1' dataType='2' repHandlerStruct='' visible='true' inheritsFrom='' namespaceIndex='1' V281='13' V1='4' name='AssetDetailID'>
                    <mapNode t='190' idref='1'/>
                  </child>
                  <child t='200' id='57' V200='7' input='true' shown='5' structElemExists='true' V283='1' occurMinTimes='1' occurMaxTimes='1' minSize='-1' maxSize='-1' inheritsFromCopyRule='20' groupType='1' repHandlerStruct='' visible='true' inheritsFrom='Structures/NewGas/createClaimService/createClaimService_0.1/Types/cc/NameValuePairType.xml' namespaceIndex='1' V281='13' V1='4' name='AssetNameValuePair'>
                    <mapNode t='190' idref='1'/>
                    <child t='200' id='58' V200='7' input='true' shown='5' structElemExists='true' V283='1' occurMinTimes='1' occurMaxTimes='1' minSize='-1' maxSize='-1' dataType='2' repHandlerStruct='' visible='true' inheritsFrom='' namespaceIndex='1' V281='13' V1='4' name='Name'>
                      <mapNode t='190' idref='1'/>
                    </child>
                    <child t='200' id='59' V200='7' input='true' shown='5' structElemExists='true' valueSetIndex='5' V283='1' occurMinTimes='1' occurMaxTimes='1' minSize='-1' maxSize='-1' inheritsFromCopyRule='20' dataType='2' repHandlerStruct='' visible='true' inheritsFrom='Structures/NewGas/createClaimService/createClaimService_0.1/Types/cc/ValueTypeEnum.xml' namespaceIndex='1' V281='13' V1='4' name='ValueType'>
                      <mapNode t='190' idref='1'/>
                    </child>
                    <child t='200' id='60' V200='7' input='true' shown='5' structElemExists='true' V283='1' occurMinTimes='1' occurMaxTimes='1' minSize='-1' maxSize='-1' groupType='2' repHandlerStruct='' inheritsFrom='' V281='13' V1='4' name='Anonymous_choice'>
                      <mapNode t='190' idref='1'/>
                      <child t='200' id='61' V200='7' input='true' shown='5' structElemExists='true' V283='1' occurMaxTimes='1' minSize='-1' maxSize='-1' dataType='31' repHandlerStruct='' visible='true' inheritsFrom='' namespaceIndex='1' V281='13' V1='4' name='DateValue'>
                        <mapNode t='190' idref='1'/>
                      </child>
                      <child t='200' id='62' V200='7' input='true' shown='5' structElemExists='true' V283='1' occurMaxTimes='1' minSize='-1' maxSize='-1' dataType='21' repHandlerStruct='' visible='true' inheritsFrom='' namespaceIndex='1' V281='13' V1='4' name='NumericValue'>
                        <mapNode t='190' idref='1'/>
                      </child>
                      <child t='200' id='63' V200='7' input='true' shown='5' structElemExists='true' V283='1' occurMaxTimes='1' minSize='-1' maxSize='-1' dataType='12' repHandlerStruct='' visible='true' inheritsFrom='' namespaceIndex='1' V281='13' V1='4' name='IntegerValue'>
                        <mapNode t='190' idref='1'/>
                      </child>
                      <child t='200' id='64' V200='7' input='true' shown='5' structElemExists='true' V283='1' occurMaxTimes='1' minSize='-1' maxSize='-1' dataType='2' repHandlerStruct='' visible='true' inheritsFrom='' namespaceIndex='1' V281='13' V1='4' name='StringValue'>
                        <mapNode t='190' idref='1'/>
                      </child>
                      <child t='200' id='65' V200='7' input='true' shown='5' structElemExists='true' valueSetIndex='2' V283='1' occurMaxTimes='1' minSize='-1' maxSize='-1' dataType='1' repHandlerStruct='' visible='true' inheritsFrom='' namespaceIndex='1' V281='13' V1='4' name='BooleanValue'>
                        <mapNode t='190' idref='1'/>
                      </child>
                      <child t='200' id='66' V200='7' input='true' shown='5' structElemExists='true' V283='1' occurMaxTimes='1' minSize='-1' maxSize='-1' dataType='2' repHandlerStruct='' visible='true' inheritsFrom='' namespaceIndex='1' V281='13' V1='4' name='BlobValue'>
                        <mapNode t='190' idref='1'/>
                      </child>
                    </child>
                  </child>
                </child>
              </child>
            </child>
            <child t='200' id='67' V200='7' input='true' shown='5' structElemExists='true' V283='1' occurMaxTimes='1' minSize='-1' maxSize='-1' dataType='22' repHandlerStruct='' visible='true' inheritsFrom='' namespaceIndex='1' V281='13' V1='4' name='TotalCostInclVAT'>
              <mapNode t='190' idref='1'/>
            </child>
          </child>
        </child>
        <child t='200' id='68' V200='7' input='true' shown='5' structElemExists='true' valueSetIndex='2' V283='1' occurMaxTimes='1' minSize='-1' maxSize='-1' dataType='1' repHandlerStruct='' visible='true' inheritsFrom='' namespaceIndex='1' V281='13' V1='4' name='ExcessPaid'>
          <mapNode t='190' idref='1'/>
        </child>
        <child t='200' id='69' V200='7' input='true' shown='5' structElemExists='true' V283='1' occurMaxTimes='1' minSize='-1' maxSize='-1' dataType='22' repHandlerStruct='' visible='true' inheritsFrom='' namespaceIndex='1' V281='13' V1='4' name='ExcessFee'>
          <mapNode t='190' idref='1'/>
        </child>
      </child>
    </child>
  </inputMapElem>
  <outputMapElem t='200' id='70' V200='7' shown='5' structElemExists='true' V283='1' occurMinTimes='1' occurMaxTimes='1' minSize='-1' maxSize='-1' inheritsFromCopyRule='20' groupType='1' repHandlerStruct='' visible='true' inheritsFrom='Structures/ProductMapping_V2/ProductMapping_V2_0.1/Types/hsgpd/KeyAttributeSetType.xml' namespaceIndex='1' V281='13' modifiedFromParent_loop='true' V1='4' name='GetDetailsRequest'>
    <mapNode t='190' idref='1'/>
    <loop>SimpleLoop([autoAdded="true"],in$/cc:getClaimServiceV2Response,{Filter},{Sort Keys},{Contexts})</loop>
    <child t='200' id='71' V200='7' shown='5' structElemExists='true' V283='1' occurMinTimes='1' occurMaxTimes='-1' minSize='-1' maxSize='-1' inheritsFromCopyRule='20' groupType='1' repHandlerStruct='' visible='true' inheritsFrom='Structures/ProductMapping_V2/ProductMapping_V2_0.1/Types/hspm/KeyAttributeSetType.xml' namespaceIndex='2' V281='13' modifiedFromParent_loop='true' V1='4' name='KeyAttributeSet'>
      <mapNode t='190' idref='1'/>
      <loop>SimpleLoop(in$/cc:getClaimServiceV2Response/cc:Claims/cc:Claim,{Filter},{Sort Keys},NestedContext(SimpleLoop(in$/cc:getClaimServiceV2Response/cc:Claims/cc:Claim/cc:Jobs/cc:Job,{Filter},{Sort Keys},NestedContext(SimpleLoop(in$/cc:getClaimServiceV2Response/cc:Claims/cc:Claim/cc:Jobs/cc:Job/cc:ContractReferences/cc:ContractReference,{Filter},{Sort Keys},{Contexts})))))</loop>
      <child t='200' id='72' V200='7' shown='5' structElemExists='true' V283='1' occurMinTimes='1' occurMaxTimes='1' minSize='-1' maxSize='-1' dataType='2' repHandlerStruct='' visible='true' inheritsFrom='' namespaceIndex='3' V281='13' modifiedFromParent_value='true' V1='4' name='KeyAttribute1'>
        <mapNode t='190' idref='1'/>
        <value>in$/cc:getClaimServiceV2Response/cc:Claims/cc:Claim/cc:Jobs/cc:Job/cc:ContractReferences/cc:ContractReference/cc:PolicyType</value>
      </child>
      <child t='200' id='73' V200='7' shown='5' structElemExists='true' V283='1' occurMaxTimes='1' minSize='-1' maxSize='-1' dataType='2' repHandlerStruct='' visible='true' inheritsFrom='' namespaceIndex='3' V281='13' modifiedFromParent_value='true' V1='4' name='KeyAttribute2'>
        <mapNode t='190' idref='1'/>
        <value>in$/cc:getClaimServiceV2Response/cc:Claims/cc:Claim/cc:Jobs/cc:Job/cc:ContractReferences/cc:ContractReference/cc:JVScheme</value>
      </child>
      <child t='200' id='74' V200='7' shown='5' structElemExists='true' V283='1' occurMaxTimes='1' minSize='-1' maxSize='-1' dataType='2' repHandlerStruct='' visible='true' inheritsFrom='' namespaceIndex='3' V281='13' modifiedFromParent_value='true' V1='4' name='KeyAttribute3'>
        <mapNode t='190' idref='1'/>
        <value>in$/cc:getClaimServiceV2Response/cc:Claims/cc:Claim/cc:Jobs/cc:Job/cc:ContractReferences/cc:ContractReference/cc:JVScheme</value>
      </child>
      <child t='200' id='75' V200='7' shown='5' structElemExists='true' V283='1' occurMaxTimes='1' minSize='-1' maxSize='-1' dataType='2' repHandlerStruct='' visible='true' inheritsFrom='' namespaceIndex='3' V281='13' V1='4' name='KeyAttribute4'>
        <mapNode t='190' idref='1'/>
      </child>
      <child t='200' id='76' V200='7' shown='5' structElemExists='true' V283='1' occurMaxTimes='1' minSize='-1' maxSize='-1' dataType='2' repHandlerStruct='' visible='true' inheritsFrom='' namespaceIndex='3' V281='13' V1='4' name='KeyAttribute5'>
        <mapNode t='190' idref='1'/>
      </child>
    </child>
    <child t='200' id='77' V200='7' shown='5' structElemExists='true' V283='1' occurMinTimes='1' occurMaxTimes='1' minSize='-1' maxSize='-1' dataType='2' repHandlerStruct='' visible='true' inheritsFrom='' namespaceIndex='2' V281='13' modifiedFromParent_value='true' V1='4' name='SSID'>
      <mapNode t='190' idref='1'/>
      <value>Constant([value="3",dataType="2"],)</value>
    </child>
    <child t='200' id='78' V200='7' shown='5' structElemExists='true' V283='1' occurMaxTimes='1' minSize='-1' maxSize='-1' dataType='12' repHandlerStruct='' visible='true' inheritsFrom='' namespaceIndex='2' V281='13' modifiedFromParent_value='true' V1='4' name='SearchResultsThreshhold'>
      <mapNode t='190' idref='1'/>
      <value>Constant([value="10",dataType="2"],)</value>
    </child>
  </outputMapElem>
  <inputNsList t='161' id='79' V161='1' namespaceUri='___osdtDummy___' V1='4'>
  </inputNsList>
  <inputNsList t='161' id='80' V161='1' namespaceUri='http://homeserve.co.uk/cc' namespacePrefix='cc' V1='4'>
  </inputNsList>
  <outputNsList t='161' id='81' V161='1' namespaceUri='___osdtDummy___' V1='4'>
  </outputNsList>
  <outputNsList t='161' id='82' V161='1' namespaceUri='http://www.homeserve.com/Global/ProductMapping/ProductMappingService/v1' namespacePrefix='pm' V1='4'>
  </outputNsList>
  <outputNsList t='161' id='83' V161='1' namespaceUri='http://www.homeserve.com/Global/ProductMapping/ProductMappingServiceOperations/v2' namespacePrefix='hsgpd' V1='4'>
  </outputNsList>
  <outputNsList t='161' id='84' V161='1' namespaceUri='http://www.homeserve.com/Global/ProductMapping/v1' namespacePrefix='hspm' V1='4'>
  </outputNsList>
  <inputRepRuntime t='692' id='85' V692='1' unnamedElemsNamespace='1' V690='1'>
    <namespaceContainers t='220' ref='Namespace Containers/NewGas_createClaimService_createClaimService_0.1.xml'/>
  </inputRepRuntime>
  <outputRepRuntime t='692' id='86' V692='1' V690='1'>
    <namespaceContainers t='220' ref='Namespace Containers/ProductMapping_V2_ProductMapping_V2_0.1.xml'/>
  </outputRepRuntime>
  <valueSets></valueSets>
  <valueSets>Draft|Open|Closed</valueSets>
  <valueSets>true|false</valueSets>
  <valueSets>Cancelled|Closed|Deployed|Deployable|QuoteApproved|WorkStarted|WorkStopped|Awaiting Receipt|Awaiting Acceptance|Failed|Redeployable|Phone First|Awaiting Customer Contacted|Contact Made|Cannot Contact Customer|Refused|Customer Cancelled|Awaiting Invoice|Engineer On Site|Invoice Received|Awaiting Closure|Pending...|Engineer En-Route|Appointment Booked Successfully|Awaiting Manual Deployment|Allocated|En Route|On Site|Awaiting Further Work Validation|Awaiting Abortive Validation|Job Complete|Invoice Pending Send|Awaiting Reconcilliation|Invoice Sent To Finance|Further Work Revisit Required|Awaiting Completion|Awaiting BER Validation|Awaiting Obsolete Validation|Awaiting HCM Validation|Not Applicable</valueSets>
  <valueSets>First|Second|Final</valueSets>
  <valueSets>StringValue|NumericValue|IntegerValue|DateValue|BooleanValue|BlobValue</valueSets>
  <valueSetKeys>Structures/NewGas/createClaimService/createClaimService_0.1/Types/cc/ValueTypeEnum.xml</valueSetKeys>
  <valueSetKeys>5</valueSetKeys>
  <inputXmlRepRuntime t='692' idref='85'/>
  <outputXmlRepRuntime t='692' idref='86'/>
  <child t='165' id='87' V1='4' name='Document Bindings'>
    <child t='166' id='88' V166='5' docType='1' V1='4' name='in$/cc:getClaimServiceV2Response'>
      <elemNode t='200' idref='2'/>
    </child>
    <child t='166' id='89' V166='5' docType='2' V1='4' name='out$/pm:GetDetailsRequest'>
      <elemNode t='200' idref='70'/>
    </child>
  </child>
  <child t='201' id='90' V1='4' name='Inherits From'>
  </child>
</root>
