<?xml version="1.0" encoding="UTF-8"?>
<root t='190' id='1' V190='11' inStruct='Structures/ClaimsService/NewNotification.xml' outStruct='Structures/NewGas/ESB_ClaimsService/ClaimsService_ESB_0.1/Elements/hscds/GetClaimsRequest.xml' inputRep='172' outputRep='172' nextMap='' inputStructUserName='NewNotification' outputStructUserName='GetClaimsRequest' V1='4' name='GetClaims_ESB_v3' incarnation='241'>
  <inputMapElem t='200' id='2' V200='7' input='true' shown='5' structElemExists='true' V283='1' occurMinTimes='1' occurMaxTimes='1' minSize='-1' maxSize='-1' groupType='1' repHandlerStruct='' visible='true' inheritsFrom='' namespaceIndex='1' V281='13' V1='4' name='Notification'>
    <mapNode t='190' idref='1'/>
    <child t='200' id='3' V200='7' input='true' shown='5' structElemExists='true' V283='1' occurMinTimes='1' occurMaxTimes='1' minSize='-1' maxSize='-1' dataType='2' repHandlerStruct='' visible='true' inheritsFrom='' namespaceIndex='1' V281='13' V1='4' name='Source'>
      <mapNode t='190' idref='1'/>
    </child>
    <child t='200' id='4' V200='7' input='true' shown='5' structElemExists='true' V283='1' occurMinTimes='1' occurMaxTimes='1' minSize='-1' maxSize='-1' dataType='2' repHandlerStruct='' visible='true' inheritsFrom='' namespaceIndex='1' V281='13' V1='4' name='Domain'>
      <mapNode t='190' idref='1'/>
    </child>
    <child t='200' id='5' V200='7' input='true' shown='5' structElemExists='true' V283='1' occurMinTimes='1' occurMaxTimes='1' minSize='-1' maxSize='-1' dataType='2' repHandlerStruct='' visible='true' inheritsFrom='' namespaceIndex='1' V281='13' V1='4' name='NotificationIdentifier'>
      <mapNode t='190' idref='1'/>
    </child>
    <child t='200' id='6' V200='7' input='true' shown='5' structElemExists='true' V283='1' occurMinTimes='1' occurMaxTimes='1' minSize='-1' maxSize='-1' dataType='2' repHandlerStruct='' visible='true' inheritsFrom='' namespaceIndex='1' V281='13' V1='4' name='SequenceNumber'>
      <mapNode t='190' idref='1'/>
    </child>
    <child t='200' id='7' V200='7' input='true' shown='5' structElemExists='true' V283='1' occurMinTimes='1' occurMaxTimes='1' minSize='-1' maxSize='-1' dataType='2' repHandlerStruct='' visible='true' inheritsFrom='' namespaceIndex='1' V281='13' V1='4' name='Action'>
      <mapNode t='190' idref='1'/>
    </child>
    <child t='200' id='8' V200='7' input='true' shown='5' structElemExists='true' V283='1' occurMinTimes='1' occurMaxTimes='1' minSize='-1' maxSize='-1' dataType='2' repHandlerStruct='' visible='true' inheritsFrom='' namespaceIndex='1' V281='13' V1='4' name='Timestamp'>
      <mapNode t='190' idref='1'/>
    </child>
    <child t='200' id='9' V200='7' input='true' shown='5' structElemExists='true' V283='1' occurMinTimes='1' occurMaxTimes='1' minSize='-1' maxSize='-1' dataType='2' repHandlerStruct='' visible='true' inheritsFrom='' namespaceIndex='1' V281='13' V1='4' name='Status'>
      <mapNode t='190' idref='1'/>
    </child>
    <child t='200' id='10' V200='7' input='true' shown='5' structElemExists='true' V283='1' occurMinTimes='1' occurMaxTimes='1' minSize='-1' maxSize='-1' groupType='1' repHandlerStruct='' visible='true' inheritsFrom='' namespaceIndex='1' V281='13' V1='4' name='RootEntity'>
      <mapNode t='190' idref='1'/>
      <child t='200' id='11' V200='7' input='true' shown='5' structElemExists='true' V283='1' occurMinTimes='1' occurMaxTimes='1' minSize='-1' maxSize='-1' dataType='2' repHandlerStruct='' visible='true' inheritsFrom='' namespaceIndex='1' V281='13' V1='4' name='Type'>
        <mapNode t='190' idref='1'/>
      </child>
      <child t='200' id='12' V200='7' input='true' shown='5' structElemExists='true' V283='1' occurMinTimes='1' occurMaxTimes='1' minSize='-1' maxSize='-1' dataType='2' repHandlerStruct='' visible='true' inheritsFrom='' namespaceIndex='1' V281='13' V1='4' name='Identifier'>
        <mapNode t='190' idref='1'/>
      </child>
    </child>
    <child t='200' id='13' V200='7' input='true' shown='5' structElemExists='true' V283='1' occurMinTimes='1' occurMaxTimes='1' minSize='-1' maxSize='-1' groupType='1' repHandlerStruct='' visible='true' inheritsFrom='' namespaceIndex='1' V281='13' V1='4' name='Entity'>
      <mapNode t='190' idref='1'/>
      <child t='200' id='14' V200='7' input='true' shown='5' structElemExists='true' V283='1' occurMinTimes='1' occurMaxTimes='1' minSize='-1' maxSize='-1' dataType='2' repHandlerStruct='' visible='true' inheritsFrom='' namespaceIndex='1' V281='13' V1='4' name='Type'>
        <mapNode t='190' idref='1'/>
      </child>
      <child t='200' id='15' V200='7' input='true' shown='5' structElemExists='true' V283='1' occurMinTimes='1' occurMaxTimes='1' minSize='-1' maxSize='-1' dataType='2' repHandlerStruct='' visible='true' inheritsFrom='' namespaceIndex='1' V281='13' V1='4' name='Identifier'>
        <mapNode t='190' idref='1'/>
      </child>
      <child t='200' id='16' V200='7' input='true' shown='5' structElemExists='true' V283='1' occurMinTimes='1' occurMaxTimes='1' minSize='-1' maxSize='-1' dataType='2' repHandlerStruct='' visible='true' inheritsFrom='' namespaceIndex='1' V281='13' V1='4' name='Code'>
        <mapNode t='190' idref='1'/>
      </child>
      <child t='200' id='17' V200='7' input='true' shown='5' structElemExists='true' V283='1' occurMinTimes='1' occurMaxTimes='1' minSize='-1' maxSize='-1' dataType='2' repHandlerStruct='' visible='true' inheritsFrom='' namespaceIndex='1' V281='13' V1='4' name='Name'>
        <mapNode t='190' idref='1'/>
      </child>
    </child>
  </inputMapElem>
  <outputMapElem t='200' id='18' V200='7' shown='5' structElemExists='true' V283='1' occurMinTimes='1' occurMaxTimes='1' minSize='-1' maxSize='-1' inheritsFromCopyRule='20' groupType='1' repHandlerStruct='' visible='true' inheritsFrom='Structures/NewGas/ESB_ClaimsService/ClaimsService_ESB_0.1/Types/hsegcccdo/GetClaimsRequestType.xml' namespaceIndex='1' V281='13' modifiedFromParent_loop='true' V1='4' name='GetClaimsRequest'>
    <mapNode t='190' idref='1'/>
    <loop>SimpleLoop([autoAdded="true"],in$/Notification,{Filter},{Sort Keys},{Contexts})</loop>
    <child t='200' id='19' V200='7' shown='5' structElemExists='true' V283='1' occurMinTimes='1' occurMaxTimes='1' minSize='-1' maxSize='-1' groupType='2' repHandlerStruct='' inheritsFrom='' V281='13' V1='4' name='Anonymous_choice'>
      <mapNode t='190' idref='1'/>
      <child t='200' id='20' V200='7' shown='5' structElemExists='true' V283='1' occurMaxTimes='1' minSize='-1' maxSize='-1' dataType='2' repHandlerStruct='' visible='true' inheritsFrom='' namespaceIndex='2' V281='13' V1='4' name='ContractID'>
        <mapNode t='190' idref='1'/>
      </child>
      <child t='200' id='21' V200='7' shown='5' structElemExists='true' V283='1' occurMaxTimes='1' minSize='-1' maxSize='-1' dataType='2' repHandlerStruct='' visible='true' inheritsFrom='' namespaceIndex='2' V281='13' modifiedFromParent_value='true' V1='4' name='ClaimReference'>
        <mapNode t='190' idref='1'/>
        <value>in$/Notification/Entity/Identifier</value>
      </child>
      <child t='200' id='22' V200='7' shown='5' structElemExists='true' V283='1' occurMaxTimes='1' minSize='-1' maxSize='-1' dataType='2' repHandlerStruct='' visible='true' inheritsFrom='' namespaceIndex='2' V281='13' V1='4' name='CustomerAccountNumber'>
        <mapNode t='190' idref='1'/>
      </child>
    </child>
  </outputMapElem>
  <inputNsList t='161' id='23' V161='1' namespaceUri='___osdtDummy___' V1='4'>
  </inputNsList>
  <inputNsList t='161' id='24' V161='1' namespaceUri='http://www.homeserve.com/Global/Notification/v1' namespacePrefix='default' V1='4'>
  </inputNsList>
  <outputNsList t='161' id='25' V161='1' namespaceUri='___osdtDummy___' V1='4'>
  </outputNsList>
  <outputNsList t='161' id='26' V161='1' namespaceUri='http://www.homeserve.com/Global/Customer/Claim/ClaimsService/v2' namespacePrefix='hscds' V1='4'>
  </outputNsList>
  <outputNsList t='161' id='27' V161='1' namespaceUri='http://www.homeserve.com/Global/Customer/Claim/ClaimsServiceOperations/v2' namespacePrefix='hsegcccdo' V1='4'>
  </outputNsList>
  <inputRepRuntime t='692' id='28' V692='1' unnamedElemsNamespace='1' V690='1'>
    <namespaceContainers t='220' ref='Namespace Containers/ClaimsService.xml'/>
  </inputRepRuntime>
  <outputRepRuntime t='692' id='29' V692='1' V690='1'>
    <namespaceContainers t='220' ref='Namespace Containers/NewGas_ESB_ClaimsService_ClaimsService_ESB_0.1.xml'/>
  </outputRepRuntime>
  <valueSets></valueSets>
  <inputXmlRepRuntime t='692' idref='28'/>
  <outputXmlRepRuntime t='692' idref='29'/>
  <child t='165' id='30' V1='4' name='Document Bindings'>
    <child t='166' id='31' V166='5' docType='1' docReposPath='/CCINTEGRATION/Sample Data/Maps/NewGas/Notification_To_ESB_GetClaims_input/Notification_Sample5.xml' V1='4' name='in$/Notification'>
      <elemNode t='200' idref='2'/>
    </child>
    <child t='166' id='32' V166='5' docType='2' V1='4' name='out$/hscds:GetClaimsRequest'>
      <elemNode t='200' idref='18'/>
    </child>
  </child>
  <child t='201' id='33' V1='4' name='Inherits From'>
  </child>
</root>
