<?xml version="1.0" encoding="UTF-8"?>
<root t='190' id='1' V190='11' inStruct='Structures/NewGas/ESB_ClaimsService/ClaimsService_ESB_0.1/Elements/hscds/ServiceAvailabilityRequest.xml' outStruct='Structures/NewGas/ESB_ClaimsService/ClaimsService_ESB_0.1/Elements/hscds/ServiceAvailabilityResponse.xml' inputRep='172' outputRep='172' nextMap='' inputStructUserName='ServiceAvailabilityRequest' outputStructUserName='ServiceAvailabilityResponse' V1='4' name='ServiceAvailabilityRequestToResponse' incarnation='159'>
  <inputMapElem t='200' id='2' V200='7' input='true' shown='5' structElemExists='true' V283='1' occurMinTimes='1' occurMaxTimes='1' minSize='-1' maxSize='-1' inheritsFromCopyRule='20' groupType='1' repHandlerStruct='' visible='true' inheritsFrom='Structures/NewGas/ESB_ClaimsService/ClaimsService_ESB_0.1/Types/hsgco/ServiceAvailabilityRequestType.xml' namespaceIndex='1' V281='13' V1='4' name='ServiceAvailabilityRequest'>
    <mapNode t='190' idref='1'/>
    <child t='200' id='3' V200='7' input='true' shown='5' structElemExists='true' valueSetIndex='1' V283='1' occurMinTimes='1' occurMaxTimes='1' minSize='-1' maxSize='-1' dataType='1' repHandlerStruct='' visible='true' inheritsFrom='' namespaceIndex='2' V281='13' V1='4' name='DeepPing'>
      <mapNode t='190' idref='1'/>
    </child>
    <child t='200' id='4' V200='7' input='true' shown='5' structElemExists='true' valueSetIndex='1' V283='1' occurMaxTimes='1' minSize='-1' maxSize='-1' dataType='1' repHandlerStruct='' visible='true' inheritsFrom='' namespaceIndex='2' V281='13' V1='4' name='Verbose'>
      <mapNode t='190' idref='1'/>
    </child>
  </inputMapElem>
  <outputMapElem t='200' id='5' V200='7' shown='5' structElemExists='true' V283='1' occurMinTimes='1' occurMaxTimes='1' minSize='-1' maxSize='-1' inheritsFromCopyRule='20' groupType='1' repHandlerStruct='' visible='true' inheritsFrom='Structures/NewGas/ESB_ClaimsService/ClaimsService_ESB_0.1/Types/hsgco/ServiceAvailabilityResponseType.xml' namespaceIndex='1' V281='13' modifiedFromParent_loop='true' V1='4' name='ServiceAvailabilityResponse'>
    <mapNode t='190' idref='1'/>
    <loop>SimpleLoop([autoAdded="true"],in$/hscds:ServiceAvailabilityRequest,{Filter},{Sort Keys},{Contexts})</loop>
    <child t='200' id='6' V200='7' shown='5' structElemExists='true' V283='1' occurMinTimes='1' occurMaxTimes='1' minSize='-1' maxSize='-1' inheritsFromCopyRule='20' groupType='1' repHandlerStruct='' visible='true' inheritsFrom='Structures/NewGas/ESB_ClaimsService/ClaimsService_ESB_0.1/Types/hsgco/OutcomeType.xml' namespaceIndex='2' V281='13' V1='4' name='Outcome'>
      <mapNode t='190' idref='1'/>
      <child t='200' id='7' V200='7' shown='5' structElemExists='true' V283='1' occurMinTimes='1' occurMaxTimes='1' minSize='-1' maxSize='-1' dataType='12' repHandlerStruct='' visible='true' inheritsFrom='' namespaceIndex='2' V281='13' modifiedFromParent_value='true' V1='4' name='ResultCode'>
        <mapNode t='190' idref='1'/>
        <value>Constant([value="0",dataType="2"],)</value>
      </child>
      <child t='200' id='8' V200='7' shown='5' structElemExists='true' V283='1' occurMinTimes='1' occurMaxTimes='1' minSize='-1' maxSize='-1' dataType='2' repHandlerStruct='' visible='true' inheritsFrom='' namespaceIndex='2' V281='13' modifiedFromParent_value='true' V1='4' name='ResultDescription'>
        <mapNode t='190' idref='1'/>
        <value>Constant([value="Service is available",dataType="2"],)</value>
      </child>
      <child t='200' id='9' V200='7' shown='5' structElemExists='true' V283='1' occurMinTimes='1' occurMaxTimes='1' minSize='-1' maxSize='-1' dataType='2' repHandlerStruct='' visible='true' inheritsFrom='' namespaceIndex='2' V281='13' V1='4' name='ResultStatus'>
        <mapNode t='190' idref='1'/>
      </child>
      <child t='200' id='10' V200='7' shown='5' structElemExists='true' V283='1' occurMaxTimes='-1' minSize='-1' maxSize='-1' inheritsFromCopyRule='20' groupType='1' repHandlerStruct='' visible='true' inheritsFrom='Structures/NewGas/ESB_ClaimsService/ClaimsService_ESB_0.1/Types/hsgco/ProcessOutcomeType.xml' namespaceIndex='2' V281='13' V1='4' name='ProcessOutcome'>
        <mapNode t='190' idref='1'/>
        <child t='200' id='11' V200='7' shown='5' structElemExists='true' V283='1' occurMinTimes='1' occurMaxTimes='1' minSize='-1' maxSize='-1' dataType='2' repHandlerStruct='' visible='true' inheritsFrom='' namespaceIndex='2' V281='13' V1='4' name='Code'>
          <mapNode t='190' idref='1'/>
        </child>
        <child t='200' id='12' V200='7' shown='5' structElemExists='true' V283='1' occurMinTimes='1' occurMaxTimes='1' minSize='-1' maxSize='-1' dataType='2' repHandlerStruct='' visible='true' inheritsFrom='' namespaceIndex='2' V281='13' V1='4' name='InteractionID'>
          <mapNode t='190' idref='1'/>
        </child>
        <child t='200' id='13' V200='7' shown='5' structElemExists='true' V283='1' occurMinTimes='1' occurMaxTimes='1' minSize='-1' maxSize='-1' dataType='2' repHandlerStruct='' visible='true' inheritsFrom='' namespaceIndex='2' V281='13' V1='4' name='Description'>
          <mapNode t='190' idref='1'/>
        </child>
        <child t='200' id='14' V200='7' shown='5' structElemExists='true' V283='1' occurMaxTimes='-1' minSize='-1' maxSize='-1' inheritsFromCopyRule='20' groupType='1' repHandlerStruct='' visible='true' inheritsFrom='Structures/NewGas/ESB_ClaimsService/ClaimsService_ESB_0.1/Types/hsgco/ServiceIntentType.xml' namespaceIndex='2' V281='13' V1='4' name='ServiceIntentList'>
          <mapNode t='190' idref='1'/>
          <child t='200' id='15' V200='7' structElemExists='true' V283='1' occurMinTimes='1' occurMaxTimes='1' minSize='-1' maxSize='-1' dataType='2' repHandlerStruct='' visible='true' inheritsFrom='' namespaceIndex='2' V281='13' V1='4' name='CaseId'>
            <mapNode t='190' idref='1'/>
          </child>
        </child>
      </child>
    </child>
  </outputMapElem>
  <inputNsList t='161' id='16' V161='1' namespaceUri='___osdtDummy___' V1='4'>
  </inputNsList>
  <inputNsList t='161' id='17' V161='1' namespaceUri='http://www.homeserve.com/Global/Customer/Claim/ClaimsService/v2' namespacePrefix='hscds' V1='4'>
  </inputNsList>
  <inputNsList t='161' id='18' V161='1' namespaceUri='http://www.homeserve.com/Global/Common/CommonService/v1' namespacePrefix='hsgco' V1='4'>
  </inputNsList>
  <outputNsList t='161' id='19' V161='1' namespaceUri='___osdtDummy___' V1='4'>
  </outputNsList>
  <outputNsList t='161' id='20' V161='1' namespaceUri='http://www.homeserve.com/Global/Customer/Claim/ClaimsService/v2' namespacePrefix='hscds' V1='4'>
  </outputNsList>
  <outputNsList t='161' id='21' V161='1' namespaceUri='http://www.homeserve.com/Global/Common/CommonService/v1' namespacePrefix='hsgco' V1='4'>
  </outputNsList>
  <inputRepRuntime t='692' id='22' V692='1' V690='1'>
    <namespaceContainers t='220' ref='Namespace Containers/NewGas_ESB_ClaimsService_ClaimsService_ESB_0.1.xml'/>
  </inputRepRuntime>
  <outputRepRuntime t='692' id='23' V692='1' V690='1'>
    <namespaceContainers t='220' ref='Namespace Containers/NewGas_ESB_ClaimsService_ClaimsService_ESB_0.1.xml'/>
  </outputRepRuntime>
  <valueSets></valueSets>
  <valueSets>true|false</valueSets>
  <inputXmlRepRuntime t='692' idref='22'/>
  <outputXmlRepRuntime t='692' idref='23'/>
  <child t='165' id='24' V1='4' name='Document Bindings'>
    <child t='166' id='25' V166='5' docType='1' V1='4' name='in$/hscds:ServiceAvailabilityRequest'>
      <elemNode t='200' idref='2'/>
    </child>
    <child t='166' id='26' V166='5' docType='2' V1='4' name='out$/hscds:ServiceAvailabilityResponse'>
      <elemNode t='200' idref='5'/>
    </child>
  </child>
  <child t='201' id='27' V1='4' name='Inherits From'>
  </child>
</root>
