<?xml version="1.0" encoding="UTF-8"?>
<root t='150' id='1' V150='13' creationTimestamp='0x158f3661a9b' V1='4' name='GetCusAcctDetByConIDRequestType' incarnation='8'>
  <rootElem t='167' id='2' V167='21' V283='1' occurMaxTimes='1' minSize='-1' maxSize='-1' groupType='1' repHandlerStruct='' inheritsFrom='' namespaceIndex='1' V281='13' V1='4' name='GetCusAcctDetByConIDRequestType'>
    <structNode t='150' idref='1'/>
    <child t='167' id='3' V167='21' V283='1' occurMinTimes='1' occurMaxTimes='1' minSize='-1' maxSize='-1' dataType='2' repHandlerStruct='' visible='true' inheritsFrom='' V281='13' V1='4' name='ContractID'>
      <structNode t='150' idref='1'/>
    </child>
    <child t='167' id='4' V167='21' V283='1' occurMaxTimes='1' minSize='-1' maxSize='-1' dataType='2' repHandlerStruct='' visible='true' inheritsFrom='' V281='13' V1='4' name='ViewType'>
      <structNode t='150' idref='1'/>
    </child>
    <child t='167' id='5' V167='21' V283='1' occurMinTimes='1' occurMaxTimes='1' minSize='-1' maxSize='-1' groupType='1' repHandlerStruct='' visible='true' inheritsFrom='' V281='13' V1='4' name='RequestDetailsType'>
      <structNode t='150' idref='1'/>
      <child t='167' id='6' V167='21' V283='1' occurMinTimes='1' occurMaxTimes='1' minSize='-1' maxSize='-1' dataType='2' repHandlerStruct='' visible='true' inheritsFrom='' V281='13' V1='4' name='SourceSystemID'>
        <structNode t='150' idref='1'/>
      </child>
      <child t='167' id='7' V167='21' V283='1' occurMinTimes='1' occurMaxTimes='1' minSize='-1' maxSize='-1' dataType='2' repHandlerStruct='' visible='true' inheritsFrom='' V281='13' V1='4' name='ChannelType'>
        <structNode t='150' idref='1'/>
      </child>
      <child t='167' id='8' V167='21' V283='1' occurMinTimes='1' occurMaxTimes='1' minSize='-1' maxSize='-1' dataType='2' repHandlerStruct='' visible='true' inheritsFrom='' V281='13' V1='4' name='AuthorisedPartyID'>
        <structNode t='150' idref='1'/>
      </child>
    </child>
  </rootElem>
  <defaultRep t='172' id='9' V172='6' autoFixNamespaceMismatch='true' V170='10' V692='1' V690='1' ignoreExcluded='true' fixInvalidCharacters='true' V1='4' name='XML'>
    <namespaceContainers t='220' ref='Namespace Containers/WebIntegration_v2_AccountManagementService_AMS_pega_v106_0.1.xml'/>
  </defaultRep>
  <namespaceList t='161' id='10' V161='1' namespaceUri='___osdtDummy___' V1='4'>
  </namespaceList>
  <namespaceList t='161' id='11' V161='1' namespaceUri='urn:PegaRULES:SOAP:AccountManagementServices:Services' namespacePrefix='nslt1' V1='4'>
  </namespaceList>
  <child t='162' id='12' V1='4' name='Representations'>
    <child t='172' idref='9'/>
  </child>
  <child t='165' id='13' V1='4' name='Document Bindings'>
    <child t='166' id='14' V166='5' docType='1' V1='4' name='/nslt1:GetCusAcctDetByConIDRequestType'>
      <elemNode t='167' idref='2'/>
    </child>
  </child>
</root>
