<?xml version="1.0" encoding="UTF-8"?>
<root t='150' id='1' V150='13' creationTimestamp='0x158ba93b765' V1='4' name='PageNoType' incarnation='8'>
  <rootElem t='167' id='2' V167='21' V283='1' occurMaxTimes='1' minSize='-1' maxSize='-1' dataType='2' repHandlerStruct='' inheritsFrom='' namespaceIndex='1' V281='13' V1='4' name='PageNoType'>
    <structNode t='150' idref='1'/>
  </rootElem>
  <defaultRep t='172' id='3' V172='6' autoFixNamespaceMismatch='true' V170='10' V692='1' unnamedElemsNamespace='1' V690='1' ignoreExcluded='true' fixInvalidCharacters='true' V1='4' name='XML'>
    <namespaceContainers t='220' ref='Namespace Containers/R6_MCAServiceV2_MCAServiceV2_0.1.xml'/>
  </defaultRep>
  <namespaceList t='161' id='4' V161='1' namespaceUri='___osdtDummy___' V1='4'>
  </namespaceList>
  <namespaceList t='161' id='5' V161='1' namespaceUri='http://www.homeserve.com/ObjectTypes' namespacePrefix='Q21' V1='4'>
  </namespaceList>
  <child t='162' id='6' V1='4' name='Representations'>
    <child t='172' idref='3'/>
  </child>
  <child t='165' id='7' V1='4' name='Document Bindings'>
    <child t='166' id='8' V166='5' docType='1' V1='4' name='/Q21:PageNoType'>
      <elemNode t='167' idref='2'/>
    </child>
  </child>
</root>
