<?xml version="1.0" encoding="UTF-8"?>
<root t='190' id='1' V190='11' inStruct='Structures/ClaimCenter/Elements/cc/createClaimResponse.xml' outStruct='Structures/WorkRequestService/Elements/hsgwrs/CancelWorkRequestResponse.xml' inputRep='172' outputRep='172' nextMap='' inputStructUserName='createClaimResponse' outputStructUserName='CancelWorkRequestResponse' V1='4' name='ClaimCenter_Response_Map' incarnation='185'>
  <inputMapElem t='200' id='2' V200='7' input='true' shown='5' structElemExists='true' V283='1' occurMinTimes='1' occurMaxTimes='1' minSize='-1' maxSize='-1' groupType='1' repHandlerStruct='' visible='true' inheritsFrom='' namespaceIndex='1' V281='13' V1='4' name='createClaimResponse'>
    <mapNode t='190' idref='1'/>
    <child t='200' id='3' V200='7' input='true' shown='5' structElemExists='true' V283='1' occurMinTimes='1' occurMaxTimes='-1' minSize='-1' maxSize='-1' inheritsFromCopyRule='20' groupType='1' repHandlerStruct='' visible='true' inheritsFrom='Structures/ClaimCenter/Types/cc/ServiceResponse.xml' namespaceIndex='1' V281='13' V1='4' name='createResponse'>
      <mapNode t='190' idref='1'/>
      <child t='200' id='4' V200='7' input='true' shown='5' structElemExists='true' V283='1' occurMinTimes='1' occurMaxTimes='1' minSize='-1' maxSize='-1' dataType='2' repHandlerStruct='' visible='true' inheritsFrom='' namespaceIndex='1' V281='13' V1='4' name='responseDescription'>
        <mapNode t='190' idref='1'/>
      </child>
      <child t='200' id='5' V200='7' input='true' shown='5' structElemExists='true' V283='1' occurMinTimes='1' occurMaxTimes='1' minSize='-1' maxSize='-1' dataType='2' repHandlerStruct='' visible='true' inheritsFrom='' namespaceIndex='1' V281='13' V1='4' name='responseType'>
        <mapNode t='190' idref='1'/>
      </child>
      <child t='200' id='6' V200='7' input='true' shown='5' structElemExists='true' V283='1' occurMaxTimes='1' minSize='-1' maxSize='-1' dataType='2' repHandlerStruct='' visible='true' inheritsFrom='' namespaceIndex='1' V281='13' V1='4' name='claimNumber'>
        <mapNode t='190' idref='1'/>
      </child>
      <child t='200' id='7' V200='7' input='true' shown='5' structElemExists='true' V283='1' occurMaxTimes='1' minSize='-1' maxSize='-1' inheritsFromCopyRule='20' groupType='1' repHandlerStruct='' visible='true' inheritsFrom='Structures/ClaimCenter/Types/cc/PolicyInfoType.xml' namespaceIndex='1' V281='13' V1='4' name='policyInfo'>
        <mapNode t='190' idref='1'/>
        <child t='200' id='8' V200='7' input='true' shown='5' structElemExists='true' V283='1' occurMinTimes='1' occurMaxTimes='1' minSize='-1' maxSize='-1' dataType='2' repHandlerStruct='' visible='true' inheritsFrom='' namespaceIndex='1' V281='13' V1='4' name='policyRef'>
          <mapNode t='190' idref='1'/>
        </child>
        <child t='200' id='9' V200='7' input='true' shown='5' structElemExists='true' V283='1' occurMinTimes='1' occurMaxTimes='1' minSize='-1' maxSize='-1' dataType='12' repHandlerStruct='' visible='true' inheritsFrom='' namespaceIndex='1' V281='13' V1='4' name='policyVersion'>
          <mapNode t='190' idref='1'/>
        </child>
        <child t='200' id='10' V200='7' input='true' shown='5' structElemExists='true' V283='1' occurMinTimes='1' occurMaxTimes='1' minSize='-1' maxSize='-1' dataType='12' repHandlerStruct='' visible='true' inheritsFrom='' namespaceIndex='1' V281='13' V1='4' name='policyReinstatement'>
          <mapNode t='190' idref='1'/>
        </child>
      </child>
      <child t='200' id='11' V200='7' input='true' shown='5' structElemExists='true' V283='1' occurMaxTimes='1' minSize='-1' maxSize='-1' dataType='2' repHandlerStruct='' visible='true' inheritsFrom='' namespaceIndex='1' V281='13' V1='4' name='contractorFound'>
        <mapNode t='190' idref='1'/>
      </child>
      <child t='200' id='12' V200='7' input='true' shown='5' structElemExists='true' V283='1' occurMaxTimes='1' minSize='-1' maxSize='-1' dataType='2' repHandlerStruct='' visible='true' inheritsFrom='' namespaceIndex='1' V281='13' V1='4' name='bookingStatus'>
        <mapNode t='190' idref='1'/>
      </child>
      <child t='200' id='13' V200='7' input='true' shown='5' structElemExists='true' V283='1' occurMaxTimes='1' minSize='-1' maxSize='-1' dataType='2' repHandlerStruct='' visible='true' inheritsFrom='' namespaceIndex='1' V281='13' V1='4' name='deploymentStatus'>
        <mapNode t='190' idref='1'/>
      </child>
    </child>
  </inputMapElem>
  <outputMapElem t='200' id='14' V200='7' shown='5' structElemExists='true' V283='1' occurMinTimes='1' occurMaxTimes='1' minSize='-1' maxSize='-1' inheritsFromCopyRule='20' groupType='1' repHandlerStruct='' visible='true' inheritsFrom='Structures/WorkRequestService/Types/hsegwrso/CancelWorkRequestResponseType.xml' namespaceIndex='1' V281='13' modifiedFromParent_loop='true' V1='4' name='CancelWorkRequestResponse'>
    <mapNode t='190' idref='1'/>
    <loop>SimpleLoop([autoAdded="true"],in$/cc:createClaimResponse,{Filter},{Sort Keys},{Contexts})</loop>
    <child t='200' id='15' V200='7' shown='5' structElemExists='true' V283='1' occurMinTimes='1' occurMaxTimes='1' minSize='-1' maxSize='-1' inheritsFromCopyRule='20' groupType='1' repHandlerStruct='' visible='true' inheritsFrom='Structures/WorkRequestService/Types/hsgco/OutcomeType.xml' namespaceIndex='2' V281='13' V1='4' name='OutCome'>
      <mapNode t='190' idref='1'/>
      <child t='200' id='16' V200='7' shown='5' structElemExists='true' V283='1' occurMinTimes='1' occurMaxTimes='1' minSize='-1' maxSize='-1' dataType='12' repHandlerStruct='' visible='true' inheritsFrom='' namespaceIndex='3' V281='13' V1='4' name='ResultCode'>
        <mapNode t='190' idref='1'/>
      </child>
      <child t='200' id='17' V200='7' shown='5' structElemExists='true' V283='1' occurMinTimes='1' occurMaxTimes='1' minSize='-1' maxSize='-1' dataType='2' repHandlerStruct='' visible='true' inheritsFrom='' namespaceIndex='3' V281='13' modifiedFromParent_value='true' V1='4' name='ResultDescription'>
        <mapNode t='190' idref='1'/>
        <value>AgConcat(in$/cc:createClaimResponse/cc:createResponse/cc:responseDescription(SimpleLoop(in$/cc:createClaimResponse/cc:createResponse,{Filter},{Sort Keys},{Contexts})))</value>
      </child>
    </child>
  </outputMapElem>
  <inputNsList t='161' id='18' V161='1' namespaceUri='___osdtDummy___' V1='4'>
  </inputNsList>
  <inputNsList t='161' id='19' V161='1' namespaceUri='http://homeserve.co.uk/cc' namespacePrefix='cc' V1='4'>
  </inputNsList>
  <outputNsList t='161' id='20' V161='1' namespaceUri='___osdtDummy___' V1='4'>
  </outputNsList>
  <outputNsList t='161' id='21' V161='1' namespaceUri='http://www.homeserve.com/Europe/GB/WorkRequest/WorkRequestService/v1' namespacePrefix='hsgwrs' V1='4'>
  </outputNsList>
  <outputNsList t='161' id='22' V161='1' namespaceUri='http://www.homeserve.com/Europe/GB/WorkRequest/WorkRequestServiceOperations/v1' namespacePrefix='hsegwrso' V1='4'>
  </outputNsList>
  <outputNsList t='161' id='23' V161='1' namespaceUri='http://www.homeserve.com/Global/Common/CommonService/v1' namespacePrefix='hsgco' V1='4'>
  </outputNsList>
  <inputRepRuntime t='692' id='24' V692='1' unnamedElemsNamespace='1' V690='1'>
    <namespaceContainers t='220' ref='Namespace Containers/ClaimCenter.xml'/>
  </inputRepRuntime>
  <outputRepRuntime t='692' id='25' V692='1' V690='1'>
    <namespaceContainers t='220' ref='Namespace Containers/WorkRequestService.xml'/>
  </outputRepRuntime>
  <valueSets></valueSets>
  <inputXmlRepRuntime t='692' idref='24'/>
  <outputXmlRepRuntime t='692' idref='25'/>
  <child t='165' id='26' V1='4' name='Document Bindings'>
    <child t='166' id='27' V166='5' docType='1' V1='4' name='in$/cc:createClaimResponse'>
      <elemNode t='200' idref='2'/>
    </child>
    <child t='166' id='28' V166='5' docType='2' V1='4' name='out$/hsgwrs:CancelWorkRequestResponse'>
      <elemNode t='200' idref='14'/>
    </child>
  </child>
  <child t='201' id='29' V1='4' name='Inherits From'>
  </child>
</root>
