<?xml version="1.0" encoding="UTF-8"?>
<root t='190' id='1' V190='11' inStruct='Structures/WorkRequestService/Elements/hsgwrs/CancelWorkRequestRequest.xml' outStruct='Structures/ClaimCenter/Elements/cc/createClaimRequest.xml' inputRep='172' outputRep='172' nextMap='' inputStructUserName='CancelWorkRequestRequest' outputStructUserName='createClaimRequest' V1='4' name='ClaimCenter_Request_Map' incarnation='2013'>
  <inputMapElem t='200' id='2' V200='7' input='true' shown='5' structElemExists='true' V283='1' occurMinTimes='1' occurMaxTimes='1' minSize='-1' maxSize='-1' inheritsFromCopyRule='20' groupType='1' repHandlerStruct='' visible='true' inheritsFrom='Structures/WorkRequestService/Types/hsegwrso/CancelWorkRequestRequestType.xml' namespaceIndex='1' V281='13' V1='4' name='CancelWorkRequestRequest'>
    <mapNode t='190' idref='1'/>
    <child t='200' id='3' V200='7' input='true' shown='5' structElemExists='true' V283='1' occurMinTimes='1' occurMaxTimes='1' minSize='-1' maxSize='-1' inheritsFromCopyRule='20' groupType='1' repHandlerStruct='' visible='true' inheritsFrom='Structures/WorkRequestService/Types/hsgcwr/WorkRequestType.xml' namespaceIndex='2' V281='13' V1='4' name='WorkRequest'>
      <mapNode t='190' idref='1'/>
      <child t='200' id='4' V200='7' input='true' shown='2' structElemExists='true' V283='1' occurMinTimes='1' occurMaxTimes='1' minSize='-1' maxSize='-1' inheritsFromCopyRule='20' groupType='1' repHandlerStruct='' visible='true' inheritsFrom='Structures/WorkRequestService/Types/hsgcwr/WorkRequestReferenceType.xml' namespaceIndex='3' V281='13' V1='4' name='WorkRequestReference'>
        <mapNode t='190' idref='1'/>
      </child>
      <child t='200' id='5' V200='7' input='true' shown='2' structElemExists='true' V283='1' occurMinTimes='1' occurMaxTimes='1' minSize='-1' maxSize='-1' dataType='31' repHandlerStruct='' visible='true' inheritsFrom='' namespaceIndex='3' V281='13' V1='4' name='WorkRequestDate'>
        <mapNode t='190' idref='1'/>
      </child>
      <child t='200' id='6' V200='7' input='true' shown='6' structElemExists='true' V283='1' occurMinTimes='1' occurMaxTimes='1' minSize='-1' maxSize='-1' groupType='2' repHandlerStruct='' inheritsFrom='' V281='13' V1='4' name='Anonymous_choice'>
        <mapNode t='190' idref='1'/>
        <child t='200' id='7' V200='7' input='true' structElemExists='true' V283='1' occurMinTimes='1' occurMaxTimes='1' minSize='-1' maxSize='-1' inheritsFromCopyRule='20' groupType='1' repHandlerStruct='' visible='true' inheritsFrom='Structures/WorkRequestService/Types/hsgcwr/InsuranceDetailsType.xml' namespaceIndex='3' V281='13' V1='4' name='InsuranceDetails'>
          <mapNode t='190' idref='1'/>
        </child>
        <child t='200' id='8' V200='7' input='true' structElemExists='true' V283='1' occurMinTimes='1' occurMaxTimes='1' minSize='-1' maxSize='-1' inheritsFromCopyRule='20' groupType='1' repHandlerStruct='' visible='true' inheritsFrom='Structures/WorkRequestService/Types/hsgcwr/OnDemandDetailsType.xml' namespaceIndex='3' V281='13' V1='4' name='OnDemandDetails'>
          <mapNode t='190' idref='1'/>
        </child>
        <child t='200' id='9' V200='7' input='true' structElemExists='true' V283='1' occurMinTimes='1' occurMaxTimes='1' minSize='-1' maxSize='-1' inheritsFromCopyRule='20' groupType='1' repHandlerStruct='' visible='true' inheritsFrom='Structures/WorkRequestService/Types/hsgcwr/WarrantyDetailsType.xml' namespaceIndex='3' V281='13' V1='4' name='WarrantyDetails'>
          <mapNode t='190' idref='1'/>
        </child>
        <child t='200' id='10' V200='7' input='true' structElemExists='true' V283='1' occurMinTimes='1' occurMaxTimes='1' minSize='-1' maxSize='-1' inheritsFromCopyRule='20' groupType='1' repHandlerStruct='' visible='true' inheritsFrom='Structures/WorkRequestService/Types/hsgcwr/ServiceDetailsType.xml' namespaceIndex='3' V281='13' V1='4' name='ServiceDetails'>
          <mapNode t='190' idref='1'/>
        </child>
      </child>
    </child>
    <child t='200' id='11' V200='7' input='true' shown='5' structElemExists='true' V283='1' occurMinTimes='1' occurMaxTimes='1' minSize='-1' maxSize='-1' inheritsFromCopyRule='20' groupType='1' repHandlerStruct='' visible='true' inheritsFrom='Structures/WorkRequestService/Types/hsgcn/ContractType.xml' namespaceIndex='2' V281='13' V1='4' name='Contract'>
      <mapNode t='190' idref='1'/>
      <child t='200' id='12' V200='7' input='true' shown='5' structElemExists='true' V283='1' occurMinTimes='1' occurMaxTimes='1' minSize='-1' maxSize='-1' dataType='2' repHandlerStruct='' visible='true' inheritsFrom='' namespaceIndex='4' V281='13' V1='4' name='ContractID'>
        <mapNode t='190' idref='1'/>
      </child>
      <child t='200' id='13' V200='7' input='true' shown='5' structElemExists='true' V283='1' occurMaxTimes='1' minSize='-1' maxSize='-1' inheritsFromCopyRule='20' groupType='1' repHandlerStruct='' visible='true' inheritsFrom='Structures/WorkRequestService/Types/hsgcn/ContractDetailsType.xml' namespaceIndex='4' V281='13' V1='4' name='ContractDetails' checksumValid='true' checksum='7RmwshjEGRJ43ZUCSC9RQO9l5ws='>
        <mapNode t='190' idref='1'/>
        <child t='200' id='14' V200='7' input='true' shown='5' structElemExists='true' V283='1' occurMinTimes='1' occurMaxTimes='1' minSize='-1' maxSize='-1' dataType='12' repHandlerStruct='' visible='true' inheritsFrom='' namespaceIndex='4' V281='13' V1='4' name='MajorVersion'>
          <mapNode t='190' idref='1'/>
        </child>
        <child t='200' id='15' V200='7' input='true' shown='5' structElemExists='true' V283='1' occurMinTimes='1' occurMaxTimes='1' minSize='-1' maxSize='-1' dataType='12' repHandlerStruct='' visible='true' inheritsFrom='' namespaceIndex='4' V281='13' V1='4' name='MinorVersion'>
          <mapNode t='190' idref='1'/>
        </child>
        <child t='200' id='16' V200='7' input='true' shown='5' structElemExists='true' V283='1' occurMinTimes='1' occurMaxTimes='1' minSize='-1' maxSize='-1' dataType='2' repHandlerStruct='' visible='true' inheritsFrom='' namespaceIndex='4' V281='13' V1='4' name='Status'>
          <mapNode t='190' idref='1'/>
        </child>
        <child t='200' id='17' V200='7' input='true' shown='5' structElemExists='true' V283='1' occurMinTimes='1' occurMaxTimes='1' minSize='-1' maxSize='-1' dataType='31' repHandlerStruct='' visible='true' inheritsFrom='' namespaceIndex='4' V281='13' V1='4' name='EffectiveDate'>
          <mapNode t='190' idref='1'/>
        </child>
        <child t='200' id='18' V200='7' input='true' shown='5' structElemExists='true' V283='1' occurMinTimes='1' occurMaxTimes='1' minSize='-1' maxSize='-1' dataType='31' repHandlerStruct='' visible='true' inheritsFrom='' namespaceIndex='4' V281='13' V1='4' name='ExpiryDate'>
          <mapNode t='190' idref='1'/>
        </child>
        <child t='200' id='19' V200='7' input='true' shown='5' structElemExists='true' V283='1' occurMinTimes='1' occurMaxTimes='1' minSize='-1' maxSize='-1' dataType='30' repHandlerStruct='' visible='true' inheritsFrom='' namespaceIndex='4' V281='13' V1='4' name='LastUpdated'>
          <mapNode t='190' idref='1'/>
        </child>
        <child t='200' id='20' V200='7' input='true' shown='5' structElemExists='true' V283='1' occurMaxTimes='1' minSize='-1' maxSize='-1' dataType='31' repHandlerStruct='' visible='true' inheritsFrom='' namespaceIndex='4' V281='13' V1='4' name='CancellationDate'>
          <mapNode t='190' idref='1'/>
        </child>
        <child t='200' id='21' V200='7' input='true' shown='5' structElemExists='true' V283='1' occurMinTimes='1' occurMaxTimes='1' minSize='-1' maxSize='-1' inheritsFromCopyRule='20' groupType='1' repHandlerStruct='' visible='true' inheritsFrom='Structures/WorkRequestService/Types/hsgps/OffersType.xml' namespaceIndex='4' V281='13' V1='4' name='Offers'>
          <mapNode t='190' idref='1'/>
          <child t='200' id='22' V200='7' input='true' shown='5' structElemExists='true' V283='1' occurMinTimes='1' occurMaxTimes='-1' minSize='-1' maxSize='-1' inheritsFromCopyRule='20' groupType='1' repHandlerStruct='' visible='true' inheritsFrom='Structures/WorkRequestService/Types/hsgps/OfferType.xml' namespaceIndex='9' V281='13' V1='4' name='Offer' checksumValid='true' checksum='XtoqiVnvLKnkWHc/LrTkMT4lh5w='>
            <mapNode t='190' idref='1'/>
            <child t='200' id='23' V200='7' input='true' shown='5' structElemExists='true' V283='1' occurMinTimes='1' occurMaxTimes='1' minSize='-1' maxSize='-1' dataType='2' repHandlerStruct='' visible='true' inheritsFrom='' namespaceIndex='9' V281='13' V1='4' name='OfferID'>
              <mapNode t='190' idref='1'/>
            </child>
            <child t='200' id='24' V200='7' input='true' shown='5' structElemExists='true' V283='1' occurMinTimes='1' occurMaxTimes='1' minSize='-1' maxSize='-1' dataType='2' repHandlerStruct='' visible='true' inheritsFrom='' namespaceIndex='9' V281='13' V1='4' name='OfferName'>
              <mapNode t='190' idref='1'/>
            </child>
            <child t='200' id='25' V200='7' input='true' shown='5' structElemExists='true' V283='1' occurMaxTimes='1' minSize='-1' maxSize='-1' dataType='2' repHandlerStruct='' visible='true' inheritsFrom='' namespaceIndex='9' V281='13' V1='4' name='OfferDefinition'>
              <mapNode t='190' idref='1'/>
            </child>
            <child t='200' id='26' V200='7' input='true' shown='5' structElemExists='true' V283='1' occurMinTimes='1' occurMaxTimes='1' minSize='-1' maxSize='-1' dataType='2' repHandlerStruct='' visible='true' inheritsFrom='' namespaceIndex='9' V281='13' V1='4' name='Status'>
              <mapNode t='190' idref='1'/>
            </child>
            <child t='200' id='27' V200='7' input='true' shown='5' structElemExists='true' V283='1' occurMinTimes='1' occurMaxTimes='1' minSize='-1' maxSize='-1' dataType='31' repHandlerStruct='' visible='true' inheritsFrom='' namespaceIndex='9' V281='13' V1='4' name='EffectiveDate'>
              <mapNode t='190' idref='1'/>
            </child>
            <child t='200' id='28' V200='7' input='true' shown='5' structElemExists='true' V283='1' occurMaxTimes='1' minSize='-1' maxSize='-1' dataType='2' repHandlerStruct='' visible='true' inheritsFrom='' namespaceIndex='9' V281='13' V1='4' name='ExpiryDate'>
              <mapNode t='190' idref='1'/>
            </child>
            <child t='200' id='29' V200='7' input='true' shown='5' structElemExists='true' V283='1' occurMinTimes='1' occurMaxTimes='1' minSize='-1' maxSize='-1' dataType='30' repHandlerStruct='' visible='true' inheritsFrom='' namespaceIndex='9' V281='13' V1='4' name='LastUpdated'>
              <mapNode t='190' idref='1'/>
            </child>
            <child t='200' id='30' V200='7' input='true' shown='5' structElemExists='true' V283='1' occurMaxTimes='1' minSize='-1' maxSize='-1' dataType='2' repHandlerStruct='' visible='true' inheritsFrom='' namespaceIndex='9' V281='13' V1='4' name='CampaignCode'>
              <mapNode t='190' idref='1'/>
            </child>
            <child t='200' id='31' V200='7' input='true' shown='5' structElemExists='true' valueSetIndex='10' V283='1' occurMinTimes='1' occurMaxTimes='1' minSize='-1' maxSize='-1' inheritsFromCopyRule='20' dataType='2' repHandlerStruct='' visible='true' inheritsFrom='Structures/WorkRequestService/Types/hsgcm/CountryCodeEnum.xml' namespaceIndex='9' V281='13' V1='4' name='CountryCode'>
              <mapNode t='190' idref='1'/>
            </child>
            <child t='200' id='32' V200='7' input='true' shown='5' structElemExists='true' V283='1' occurMinTimes='1' occurMaxTimes='1' minSize='-1' maxSize='-1' inheritsFromCopyRule='20' groupType='1' repHandlerStruct='' visible='true' inheritsFrom='Structures/WorkRequestService/Types/hsgps/PartnerOptionsType.xml' namespaceIndex='9' V281='13' V1='4' name='PartnerOptions'>
              <mapNode t='190' idref='1'/>
              <child t='200' id='33' V200='7' input='true' shown='5' structElemExists='true' V283='1' occurMinTimes='1' occurMaxTimes='-1' minSize='-1' maxSize='-1' inheritsFromCopyRule='20' groupType='1' repHandlerStruct='' visible='true' inheritsFrom='Structures/WorkRequestService/Types/hsgps/PartnerOptionType.xml' namespaceIndex='9' V281='13' V1='4' name='PartnerOptions' checksumValid='true' checksum='AB752gS+bF9VuNZPksBYsbA/gmw='>
                <mapNode t='190' idref='1'/>
                <child t='200' id='34' V200='7' input='true' shown='5' structElemExists='true' V283='1' occurMinTimes='1' occurMaxTimes='1' minSize='-1' maxSize='-1' dataType='2' repHandlerStruct='' visible='true' inheritsFrom='' namespaceIndex='9' V281='13' V1='4' name='PartnerOptionID'>
                  <mapNode t='190' idref='1'/>
                </child>
                <child t='200' id='35' V200='7' input='true' shown='5' structElemExists='true' V283='1' occurMinTimes='1' occurMaxTimes='1' minSize='-1' maxSize='-1' dataType='2' repHandlerStruct='' visible='true' inheritsFrom='' namespaceIndex='9' V281='13' V1='4' name='PartnerOptionName'>
                  <mapNode t='190' idref='1'/>
                </child>
                <child t='200' id='36' V200='7' input='true' shown='5' structElemExists='true' V283='1' occurMaxTimes='1' minSize='-1' maxSize='-1' dataType='2' repHandlerStruct='' visible='true' inheritsFrom='' namespaceIndex='9' V281='13' V1='4' name='PartnerOptionDefinition'>
                  <mapNode t='190' idref='1'/>
                </child>
                <child t='200' id='37' V200='7' input='true' shown='5' structElemExists='true' V283='1' occurMinTimes='1' occurMaxTimes='1' minSize='-1' maxSize='-1' dataType='2' repHandlerStruct='' visible='true' inheritsFrom='' namespaceIndex='9' V281='13' V1='4' name='Status'>
                  <mapNode t='190' idref='1'/>
                </child>
                <child t='200' id='38' V200='7' input='true' shown='5' structElemExists='true' V283='1' occurMinTimes='1' occurMaxTimes='1' minSize='-1' maxSize='-1' dataType='31' repHandlerStruct='' visible='true' inheritsFrom='' namespaceIndex='9' V281='13' V1='4' name='EffectiveDate'>
                  <mapNode t='190' idref='1'/>
                </child>
                <child t='200' id='39' V200='7' input='true' shown='5' structElemExists='true' V283='1' occurMaxTimes='1' minSize='-1' maxSize='-1' dataType='31' repHandlerStruct='' visible='true' inheritsFrom='' namespaceIndex='9' V281='13' V1='4' name='ExpiryDate'>
                  <mapNode t='190' idref='1'/>
                </child>
                <child t='200' id='40' V200='7' input='true' shown='5' structElemExists='true' V283='1' occurMinTimes='1' occurMaxTimes='1' minSize='-1' maxSize='-1' dataType='30' repHandlerStruct='' visible='true' inheritsFrom='' namespaceIndex='9' V281='13' V1='4' name='LastUpdated'>
                  <mapNode t='190' idref='1'/>
                </child>
                <child t='200' id='41' V200='7' input='true' shown='5' structElemExists='true' V283='1' occurMinTimes='1' occurMaxTimes='1' minSize='-1' maxSize='-1' inheritsFromCopyRule='20' groupType='1' repHandlerStruct='' visible='true' inheritsFrom='Structures/WorkRequestService/Types/hsgpt/PartnerType.xml' namespaceIndex='9' V281='13' V1='4' name='Partner'>
                  <mapNode t='190' idref='1'/>
                  <child t='200' id='42' V200='7' input='true' shown='5' structElemExists='true' V283='1' occurMinTimes='1' occurMaxTimes='1' minSize='-1' maxSize='-1' dataType='2' repHandlerStruct='' visible='true' inheritsFrom='' namespaceIndex='12' V281='13' V1='4' name='PartnerID'>
                    <mapNode t='190' idref='1'/>
                  </child>
                </child>
                <child t='200' id='43' V200='7' input='true' shown='5' structElemExists='true' V283='1' occurMinTimes='1' occurMaxTimes='1' minSize='-1' maxSize='-1' inheritsFromCopyRule='20' groupType='1' repHandlerStruct='' visible='true' inheritsFrom='Structures/WorkRequestService/Types/hsgps/PackagesType.xml' namespaceIndex='9' V281='13' V1='4' name='Packages'>
                  <mapNode t='190' idref='1'/>
                  <child t='200' id='44' V200='7' input='true' shown='5' structElemExists='true' V283='1' occurMaxTimes='-1' minSize='-1' maxSize='-1' inheritsFromCopyRule='20' groupType='1' repHandlerStruct='' visible='true' inheritsFrom='Structures/WorkRequestService/Types/hsgps/PackageType.xml' namespaceIndex='9' V281='13' V1='4' name='Package' checksumValid='true' checksum='fVEfHW3ecT9dguVpehOV9Yuq96A='>
                    <mapNode t='190' idref='1'/>
                    <child t='200' id='45' V200='7' input='true' structElemExists='true' V283='1' occurMinTimes='1' occurMaxTimes='1' minSize='-1' maxSize='-1' dataType='2' repHandlerStruct='' visible='true' inheritsFrom='' namespaceIndex='9' V281='13' V1='4' name='PackageID'>
                      <mapNode t='190' idref='1'/>
                    </child>
                    <child t='200' id='46' V200='7' input='true' structElemExists='true' V283='1' occurMinTimes='1' occurMaxTimes='1' minSize='-1' maxSize='-1' dataType='2' repHandlerStruct='' visible='true' inheritsFrom='' namespaceIndex='9' V281='13' V1='4' name='PackageName'>
                      <mapNode t='190' idref='1'/>
                    </child>
                    <child t='200' id='47' V200='7' input='true' structElemExists='true' V283='1' occurMinTimes='1' occurMaxTimes='1' minSize='-1' maxSize='-1' dataType='2' repHandlerStruct='' visible='true' inheritsFrom='' namespaceIndex='9' V281='13' V1='4' name='PackageDefinition'>
                      <mapNode t='190' idref='1'/>
                    </child>
                    <child t='200' id='48' V200='7' input='true' structElemExists='true' V283='1' occurMinTimes='1' occurMaxTimes='1' minSize='-1' maxSize='-1' dataType='2' repHandlerStruct='' visible='true' inheritsFrom='' namespaceIndex='9' V281='13' V1='4' name='Status'>
                      <mapNode t='190' idref='1'/>
                    </child>
                    <child t='200' id='49' V200='7' input='true' structElemExists='true' V283='1' occurMinTimes='1' occurMaxTimes='1' minSize='-1' maxSize='-1' dataType='31' repHandlerStruct='' visible='true' inheritsFrom='' namespaceIndex='9' V281='13' V1='4' name='EffectiveDate'>
                      <mapNode t='190' idref='1'/>
                    </child>
                    <child t='200' id='50' V200='7' input='true' structElemExists='true' V283='1' occurMaxTimes='1' minSize='-1' maxSize='-1' dataType='31' repHandlerStruct='' visible='true' inheritsFrom='' namespaceIndex='9' V281='13' V1='4' name='ExpiryDate'>
                      <mapNode t='190' idref='1'/>
                    </child>
                    <child t='200' id='51' V200='7' input='true' structElemExists='true' V283='1' occurMinTimes='1' occurMaxTimes='1' minSize='-1' maxSize='-1' dataType='30' repHandlerStruct='' visible='true' inheritsFrom='' namespaceIndex='9' V281='13' V1='4' name='LastUpdated'>
                      <mapNode t='190' idref='1'/>
                    </child>
                    <child t='200' id='52' V200='7' input='true' structElemExists='true' V283='1' occurMinTimes='1' occurMaxTimes='1' minSize='-1' maxSize='-1' inheritsFromCopyRule='20' groupType='1' repHandlerStruct='' visible='true' inheritsFrom='Structures/WorkRequestService/Types/hsgps/CategoriesType.xml' namespaceIndex='9' V281='13' V1='4' name='Categories'>
                      <mapNode t='190' idref='1'/>
                    </child>
                    <child t='200' id='53' V200='7' input='true' structElemExists='true' V283='1' occurMaxTimes='1' minSize='-1' maxSize='-1' inheritsFromCopyRule='20' groupType='1' repHandlerStruct='' visible='true' inheritsFrom='Structures/WorkRequestService/Types/hsgpstc/TermsAndConditionsDetailType.xml' namespaceIndex='9' V281='13' V1='4' name='TermsAndConditions'>
                      <mapNode t='190' idref='1'/>
                    </child>
                  </child>
                </child>
                <child t='200' id='54' V200='7' input='true' shown='5' structElemExists='true' V283='1' occurMaxTimes='1' minSize='-1' maxSize='-1' inheritsFromCopyRule='20' groupType='1' repHandlerStruct='' visible='true' inheritsFrom='Structures/WorkRequestService/Types/hsgpstc/TermsAndConditionsDetailType.xml' namespaceIndex='9' V281='13' V1='4' name='TermsAndConditions'>
                  <mapNode t='190' idref='1'/>
                  <child t='200' id='55' V200='7' input='true' shown='5' structElemExists='true' V283='1' occurMinTimes='1' occurMaxTimes='-1' minSize='-1' maxSize='-1' inheritsFromCopyRule='20' groupType='1' repHandlerStruct='' visible='true' inheritsFrom='Structures/WorkRequestService/Types/hsgcm/NameValuePairType.xml' namespaceIndex='11' V281='13' V1='4' name='TermsAndConditionsDetail'>
                    <mapNode t='190' idref='1'/>
                    <child t='200' id='56' V200='7' input='true' structElemExists='true' V283='1' occurMinTimes='1' occurMaxTimes='1' minSize='-1' maxSize='-1' dataType='2' repHandlerStruct='' visible='true' inheritsFrom='' namespaceIndex='13' V281='13' V1='4' name='Name'>
                      <mapNode t='190' idref='1'/>
                    </child>
                    <child t='200' id='57' V200='7' input='true' structElemExists='true' valueSetIndex='11' V283='1' occurMinTimes='1' occurMaxTimes='1' minSize='-1' maxSize='-1' inheritsFromCopyRule='20' dataType='2' repHandlerStruct='' visible='true' inheritsFrom='Structures/WorkRequestService/Types/hsgcm/ValueTypeEnum.xml' namespaceIndex='13' V281='13' V1='4' name='ValueType'>
                      <mapNode t='190' idref='1'/>
                    </child>
                    <child t='200' id='58' V200='7' input='true' structElemExists='true' V283='1' occurMinTimes='1' occurMaxTimes='1' minSize='-1' maxSize='-1' groupType='2' repHandlerStruct='' inheritsFrom='' V281='13' V1='4' name='Anonymous_choice'>
                      <mapNode t='190' idref='1'/>
                    </child>
                  </child>
                </child>
              </child>
            </child>
            <child t='200' id='59' V200='7' input='true' shown='5' structElemExists='true' V283='1' occurMaxTimes='1' minSize='-1' maxSize='-1' inheritsFromCopyRule='20' groupType='1' repHandlerStruct='' visible='true' inheritsFrom='Structures/WorkRequestService/Types/hsgpstc/TermsAndConditionsDetailType.xml' namespaceIndex='9' V281='13' V1='4' name='TermsAndConditions'>
              <mapNode t='190' idref='1'/>
              <child t='200' id='60' V200='7' input='true' shown='5' structElemExists='true' V283='1' occurMinTimes='1' occurMaxTimes='-1' minSize='-1' maxSize='-1' inheritsFromCopyRule='20' groupType='1' repHandlerStruct='' visible='true' inheritsFrom='Structures/WorkRequestService/Types/hsgcm/NameValuePairType.xml' namespaceIndex='11' V281='13' V1='4' name='TermsAndConditionsDetail'>
                <mapNode t='190' idref='1'/>
                <child t='200' id='61' V200='7' input='true' structElemExists='true' V283='1' occurMinTimes='1' occurMaxTimes='1' minSize='-1' maxSize='-1' dataType='2' repHandlerStruct='' visible='true' inheritsFrom='' namespaceIndex='13' V281='13' V1='4' name='Name'>
                  <mapNode t='190' idref='1'/>
                </child>
                <child t='200' id='62' V200='7' input='true' structElemExists='true' valueSetIndex='11' V283='1' occurMinTimes='1' occurMaxTimes='1' minSize='-1' maxSize='-1' inheritsFromCopyRule='20' dataType='2' repHandlerStruct='' visible='true' inheritsFrom='Structures/WorkRequestService/Types/hsgcm/ValueTypeEnum.xml' namespaceIndex='13' V281='13' V1='4' name='ValueType'>
                  <mapNode t='190' idref='1'/>
                </child>
                <child t='200' id='63' V200='7' input='true' structElemExists='true' V283='1' occurMinTimes='1' occurMaxTimes='1' minSize='-1' maxSize='-1' groupType='2' repHandlerStruct='' inheritsFrom='' V281='13' V1='4' name='Anonymous_choice'>
                  <mapNode t='190' idref='1'/>
                </child>
              </child>
            </child>
          </child>
        </child>
        <child t='200' id='64' V200='7' input='true' shown='5' structElemExists='true' V283='1' occurMaxTimes='1' minSize='-1' maxSize='-1' inheritsFromCopyRule='20' groupType='1' repHandlerStruct='' visible='true' inheritsFrom='Structures/WorkRequestService/Types/hsgca1/AssetsType.xml' namespaceIndex='4' V281='13' V1='4' name='Assets'>
          <mapNode t='190' idref='1'/>
          <child t='200' id='65' V200='7' input='true' shown='5' structElemExists='true' V283='1' occurMinTimes='1' occurMaxTimes='-1' minSize='-1' maxSize='-1' inheritsFromCopyRule='20' groupType='1' repHandlerStruct='' visible='true' inheritsFrom='Structures/WorkRequestService/Types/hsgca1/AssetType.xml' namespaceIndex='10' V281='13' V1='4' name='Asset'>
            <mapNode t='190' idref='1'/>
            <child t='200' id='66' V200='7' input='true' shown='5' structElemExists='true' V283='1' occurMinTimes='1' occurMaxTimes='1' minSize='-1' maxSize='-1' dataType='2' repHandlerStruct='' visible='true' inheritsFrom='' namespaceIndex='10' V281='13' V1='4' name='AssetID'>
              <mapNode t='190' idref='1'/>
            </child>
            <child t='200' id='67' V200='7' input='true' shown='5' structElemExists='true' V283='1' occurMinTimes='1' occurMaxTimes='1' minSize='-1' maxSize='-1' dataType='31' repHandlerStruct='' visible='true' inheritsFrom='' namespaceIndex='10' V281='13' V1='4' name='EffectiveDate'>
              <mapNode t='190' idref='1'/>
            </child>
            <child t='200' id='68' V200='7' input='true' shown='5' structElemExists='true' V283='1' occurMaxTimes='1' minSize='-1' maxSize='-1' dataType='31' repHandlerStruct='' visible='true' inheritsFrom='' namespaceIndex='10' V281='13' V1='4' name='ExpiryDate'>
              <mapNode t='190' idref='1'/>
            </child>
            <child t='200' id='69' V200='7' input='true' shown='5' structElemExists='true' V283='1' occurMinTimes='1' occurMaxTimes='1' minSize='-1' maxSize='-1' inheritsFromCopyRule='20' groupType='1' repHandlerStruct='' visible='true' inheritsFrom='Structures/WorkRequestService/Types/hsgca1/AssetTypeType.xml' namespaceIndex='10' V281='13' V1='4' name='AssetType'>
              <mapNode t='190' idref='1'/>
              <child t='200' id='70' V200='7' input='true' structElemExists='true' V283='1' occurMinTimes='1' occurMaxTimes='1' minSize='-1' maxSize='-1' dataType='2' repHandlerStruct='' visible='true' inheritsFrom='' namespaceIndex='10' V281='13' V1='4' name='AssetTypeID'>
                <mapNode t='190' idref='1'/>
              </child>
              <child t='200' id='71' V200='7' input='true' structElemExists='true' V283='1' occurMinTimes='1' occurMaxTimes='1' minSize='-1' maxSize='-1' dataType='2' repHandlerStruct='' visible='true' inheritsFrom='' namespaceIndex='10' V281='13' V1='4' name='AssetTypeName'>
                <mapNode t='190' idref='1'/>
              </child>
            </child>
            <child t='200' id='72' V200='7' input='true' shown='5' structElemExists='true' V283='1' occurMinTimes='1' occurMaxTimes='-1' minSize='-1' maxSize='-1' inheritsFromCopyRule='20' groupType='1' repHandlerStruct='' visible='true' inheritsFrom='Structures/WorkRequestService/Types/hsgcm/NameValuePairType.xml' namespaceIndex='10' V281='13' V1='4' name='AssetDetail'>
              <mapNode t='190' idref='1'/>
              <child t='200' id='73' V200='7' input='true' structElemExists='true' V283='1' occurMinTimes='1' occurMaxTimes='1' minSize='-1' maxSize='-1' dataType='2' repHandlerStruct='' visible='true' inheritsFrom='' namespaceIndex='13' V281='13' V1='4' name='Name'>
                <mapNode t='190' idref='1'/>
              </child>
              <child t='200' id='74' V200='7' input='true' structElemExists='true' valueSetIndex='11' V283='1' occurMinTimes='1' occurMaxTimes='1' minSize='-1' maxSize='-1' inheritsFromCopyRule='20' dataType='2' repHandlerStruct='' visible='true' inheritsFrom='Structures/WorkRequestService/Types/hsgcm/ValueTypeEnum.xml' namespaceIndex='13' V281='13' V1='4' name='ValueType'>
                <mapNode t='190' idref='1'/>
              </child>
              <child t='200' id='75' V200='7' input='true' structElemExists='true' V283='1' occurMinTimes='1' occurMaxTimes='1' minSize='-1' maxSize='-1' groupType='2' repHandlerStruct='' inheritsFrom='' V281='13' V1='4' name='Anonymous_choice'>
                <mapNode t='190' idref='1'/>
              </child>
            </child>
          </child>
        </child>
      </child>
      <child t='200' id='76' V200='7' input='true' shown='5' structElemExists='true' V283='1' occurMinTimes='1' occurMaxTimes='1' minSize='-1' maxSize='-1' inheritsFromCopyRule='20' groupType='1' repHandlerStruct='' visible='true' inheritsFrom='Structures/WorkRequestService/Types/hsgc/CustomerType.xml' namespaceIndex='4' V281='13' V1='4' name='Customer' checksumValid='true' checksum='CxbYFUjYlzORbexXWWSoSgXgDe8='>
        <mapNode t='190' idref='1'/>
        <child t='200' id='77' V200='7' input='true' shown='5' structElemExists='true' V283='1' occurMinTimes='1' occurMaxTimes='1' minSize='-1' maxSize='-1' dataType='2' repHandlerStruct='' visible='true' inheritsFrom='' namespaceIndex='6' V281='13' V1='4' name='SystemReference'>
          <mapNode t='190' idref='1'/>
        </child>
        <child t='200' id='78' V200='7' input='true' shown='5' structElemExists='true' V283='1' occurMinTimes='1' occurMaxTimes='1' minSize='-1' maxSize='-1' dataType='2' repHandlerStruct='' visible='true' inheritsFrom='' namespaceIndex='6' V281='13' V1='4' name='AccountNumber'>
          <mapNode t='190' idref='1'/>
        </child>
        <child t='200' id='79' V200='7' input='true' shown='5' structElemExists='true' V283='1' occurMinTimes='1' occurMaxTimes='1' minSize='-1' maxSize='-1' inheritsFromCopyRule='20' groupType='1' repHandlerStruct='' visible='true' inheritsFrom='Structures/WorkRequestService/Types/hsgc/CustomerNameType.xml' namespaceIndex='6' V281='13' V1='4' name='Name'>
          <mapNode t='190' idref='1'/>
          <child t='200' id='80' V200='7' input='true' shown='5' structElemExists='true' V283='1' occurMaxTimes='1' minSize='-1' maxSize='-1' dataType='2' repHandlerStruct='' visible='true' inheritsFrom='' namespaceIndex='6' V281='13' V1='4' name='Title'>
            <mapNode t='190' idref='1'/>
          </child>
          <child t='200' id='81' V200='7' input='true' shown='5' structElemExists='true' V283='1' occurMaxTimes='1' minSize='-1' maxSize='-1' dataType='2' repHandlerStruct='' visible='true' inheritsFrom='' namespaceIndex='6' V281='13' V1='4' name='FirstName'>
            <mapNode t='190' idref='1'/>
          </child>
          <child t='200' id='82' V200='7' input='true' shown='5' structElemExists='true' V283='1' occurMaxTimes='1' minSize='-1' maxSize='-1' dataType='2' repHandlerStruct='' visible='true' inheritsFrom='' namespaceIndex='6' V281='13' V1='4' name='MiddleName'>
            <mapNode t='190' idref='1'/>
          </child>
          <child t='200' id='83' V200='7' input='true' shown='5' structElemExists='true' V283='1' occurMaxTimes='1' minSize='-1' maxSize='-1' dataType='2' repHandlerStruct='' visible='true' inheritsFrom='' namespaceIndex='6' V281='13' V1='4' name='LastName'>
            <mapNode t='190' idref='1'/>
          </child>
          <child t='200' id='84' V200='7' input='true' shown='5' structElemExists='true' V283='1' occurMaxTimes='1' minSize='-1' maxSize='-1' dataType='2' repHandlerStruct='' visible='true' inheritsFrom='' namespaceIndex='6' V281='13' V1='4' name='Suffix'>
            <mapNode t='190' idref='1'/>
          </child>
        </child>
        <child t='200' id='85' V200='7' input='true' shown='5' structElemExists='true' V283='1' occurMaxTimes='1' minSize='-1' maxSize='-1' dataType='31' repHandlerStruct='' visible='true' inheritsFrom='' namespaceIndex='6' V281='13' V1='4' name='DateOfBirth'>
          <mapNode t='190' idref='1'/>
        </child>
        <child t='200' id='86' V200='7' input='true' shown='5' structElemExists='true' valueSetIndex='2' V283='1' occurMaxTimes='1' minSize='-1' maxSize='-1' inheritsFromCopyRule='20' dataType='2' repHandlerStruct='' visible='true' inheritsFrom='Structures/WorkRequestService/Types/hsgc/GenderEnum.xml' namespaceIndex='6' V281='13' V1='4' name='Gender'>
          <mapNode t='190' idref='1'/>
        </child>
        <child t='200' id='87' V200='7' input='true' shown='5' structElemExists='true' V283='1' occurMaxTimes='1' minSize='-1' maxSize='-1' inheritsFromCopyRule='20' groupType='1' repHandlerStruct='' visible='true' inheritsFrom='Structures/WorkRequestService/Types/hsgc/CustomerNeedsType.xml' namespaceIndex='6' V281='13' V1='4' name='Needs' checksumValid='true' checksum='MDaBzw3Sq3Qp0it06l9vPX/z8QQ='>
          <mapNode t='190' idref='1'/>
          <child t='200' id='88' V200='7' input='true' shown='5' structElemExists='true' valueSetIndex='3' V283='1' occurMaxTimes='1' minSize='-1' maxSize='-1' dataType='1' repHandlerStruct='' visible='true' inheritsFrom='' namespaceIndex='6' V281='13' V1='4' name='HighPriority'>
            <mapNode t='190' idref='1'/>
          </child>
          <child t='200' id='89' V200='7' input='true' shown='5' structElemExists='true' valueSetIndex='3' V283='1' occurMaxTimes='1' minSize='-1' maxSize='-1' dataType='1' repHandlerStruct='' visible='true' inheritsFrom='' namespaceIndex='6' V281='13' V1='4' name='SpecialNeeds'>
            <mapNode t='190' idref='1'/>
          </child>
          <child t='200' id='90' V200='7' input='true' shown='5' structElemExists='true' valueSetIndex='3' V283='1' occurMaxTimes='1' minSize='-1' maxSize='-1' dataType='1' repHandlerStruct='' visible='true' inheritsFrom='' namespaceIndex='6' V281='13' V1='4' name='BlindAudio'>
            <mapNode t='190' idref='1'/>
          </child>
          <child t='200' id='91' V200='7' input='true' shown='5' structElemExists='true' valueSetIndex='3' V283='1' occurMaxTimes='1' minSize='-1' maxSize='-1' dataType='1' repHandlerStruct='' visible='true' inheritsFrom='' namespaceIndex='6' V281='13' V1='4' name='BlindBraile'>
            <mapNode t='190' idref='1'/>
          </child>
          <child t='200' id='92' V200='7' input='true' shown='5' structElemExists='true' valueSetIndex='3' V283='1' occurMaxTimes='1' minSize='-1' maxSize='-1' dataType='1' repHandlerStruct='' visible='true' inheritsFrom='' namespaceIndex='6' V281='13' V1='4' name='VisuallyImpaired'>
            <mapNode t='190' idref='1'/>
          </child>
          <child t='200' id='93' V200='7' input='true' shown='5' structElemExists='true' valueSetIndex='3' V283='1' occurMaxTimes='1' minSize='-1' maxSize='-1' dataType='1' repHandlerStruct='' visible='true' inheritsFrom='' namespaceIndex='6' V281='13' V1='4' name='Deaf'>
            <mapNode t='190' idref='1'/>
          </child>
          <child t='200' id='94' V200='7' input='true' shown='5' structElemExists='true' valueSetIndex='3' V283='1' occurMaxTimes='1' minSize='-1' maxSize='-1' dataType='1' repHandlerStruct='' visible='true' inheritsFrom='' namespaceIndex='6' V281='13' V1='4' name='Vulnerable'>
            <mapNode t='190' idref='1'/>
          </child>
          <child t='200' id='95' V200='7' input='true' shown='5' structElemExists='true' V283='1' occurMaxTimes='1' minSize='-1' maxSize='-1' dataType='2' repHandlerStruct='' visible='true' inheritsFrom='' namespaceIndex='6' V281='13' V1='4' name='AdditionalNeeds'>
            <mapNode t='190' idref='1'/>
          </child>
        </child>
        <child t='200' id='96' V200='7' input='true' shown='5' structElemExists='true' V283='1' occurMaxTimes='1' minSize='-1' maxSize='-1' inheritsFromCopyRule='20' groupType='1' repHandlerStruct='' visible='true' inheritsFrom='Structures/WorkRequestService/Types/hsgc/CustomerStatusType.xml' namespaceIndex='6' V281='13' V1='4' name='Status'>
          <mapNode t='190' idref='1'/>
          <child t='200' id='97' V200='7' input='true' shown='5' structElemExists='true' valueSetIndex='4' V283='1' occurMaxTimes='1' minSize='-1' maxSize='-1' inheritsFromCopyRule='20' dataType='2' repHandlerStruct='' visible='true' inheritsFrom='Structures/WorkRequestService/Types/hsgc/MaritalStatusEnum.xml' namespaceIndex='6' V281='13' V1='4' name='MaritalStatus'>
            <mapNode t='190' idref='1'/>
          </child>
          <child t='200' id='98' V200='7' input='true' shown='5' structElemExists='true' valueSetIndex='3' V283='1' occurMaxTimes='1' minSize='-1' maxSize='-1' dataType='1' repHandlerStruct='' visible='true' inheritsFrom='' namespaceIndex='6' V281='13' V1='4' name='IsDeceased'>
            <mapNode t='190' idref='1'/>
          </child>
        </child>
        <child t='200' id='99' V200='7' input='true' shown='5' structElemExists='true' V283='1' occurMaxTimes='1' minSize='-1' maxSize='-1' inheritsFromCopyRule='20' groupType='1' repHandlerStruct='' visible='true' inheritsFrom='Structures/WorkRequestService/Types/hsgcd/ContactDetailsType.xml' namespaceIndex='6' V281='13' V1='4' name='ContactDetails'>
          <mapNode t='190' idref='1'/>
          <child t='200' id='100' V200='7' input='true' shown='5' structElemExists='true' V283='1' occurMaxTimes='-1' minSize='-1' maxSize='-1' inheritsFromCopyRule='20' groupType='1' repHandlerStruct='' visible='true' inheritsFrom='Structures/WorkRequestService/Types/hsgcd/ContactDetailsEmailType.xml' namespaceIndex='8' V281='13' V1='4' name='Email'>
            <mapNode t='190' idref='1'/>
            <child t='200' id='101' V200='7' input='true' shown='5' structElemExists='true' V283='1' occurMinTimes='1' occurMaxTimes='1' minSize='-1' maxSize='-1' dataType='2' repHandlerStruct='' visible='true' inheritsFrom='' namespaceIndex='8' V281='13' V1='4' name='EmailAddress'>
              <mapNode t='190' idref='1'/>
            </child>
            <child t='200' id='102' V200='7' input='true' shown='5' structElemExists='true' valueSetIndex='7' V283='1' occurMinTimes='1' occurMaxTimes='1' minSize='-1' maxSize='-1' inheritsFromCopyRule='20' dataType='2' repHandlerStruct='' visible='true' inheritsFrom='Structures/WorkRequestService/Types/hsgcd/EmailTypeEnum.xml' namespaceIndex='8' V281='13' V1='4' name='Type'>
              <mapNode t='190' idref='1'/>
            </child>
          </child>
          <child t='200' id='103' V200='7' input='true' shown='5' structElemExists='true' V283='1' occurMaxTimes='-1' minSize='-1' maxSize='-1' inheritsFromCopyRule='20' groupType='1' repHandlerStruct='' visible='true' inheritsFrom='Structures/WorkRequestService/Types/hsgcd/ContactDetailsPhoneType.xml' namespaceIndex='8' V281='13' V1='4' name='Phone'>
            <mapNode t='190' idref='1'/>
            <child t='200' id='104' V200='7' input='true' shown='5' structElemExists='true' V283='1' occurMinTimes='1' occurMaxTimes='1' minSize='-1' maxSize='-1' dataType='2' repHandlerStruct='' visible='true' inheritsFrom='' namespaceIndex='8' V281='13' V1='4' name='Number'>
              <mapNode t='190' idref='1'/>
            </child>
            <child t='200' id='105' V200='7' input='true' shown='5' structElemExists='true' valueSetIndex='8' V283='1' occurMinTimes='1' occurMaxTimes='1' minSize='-1' maxSize='-1' inheritsFromCopyRule='20' dataType='2' repHandlerStruct='' visible='true' inheritsFrom='Structures/WorkRequestService/Types/hsgcd/PhoneTypeEnum.xml' namespaceIndex='8' V281='13' V1='4' name='Type'>
              <mapNode t='190' idref='1'/>
            </child>
          </child>
        </child>
      </child>
      <child t='200' id='106' V200='7' input='true' shown='5' structElemExists='true' V283='1' occurMinTimes='1' occurMaxTimes='1' minSize='-1' maxSize='-1' inheritsFromCopyRule='20' groupType='1' repHandlerStruct='' visible='true' inheritsFrom='Structures/WorkRequestService/Types/hsega/AddressesType.xml' namespaceIndex='4' V281='13' V1='4' name='Addresses'>
        <mapNode t='190' idref='1'/>
        <child t='200' id='107' V200='7' input='true' shown='5' structElemExists='true' V283='1' occurMaxTimes='-1' minSize='-1' maxSize='-1' inheritsFromCopyRule='20' groupType='1' repHandlerStruct='' visible='true' inheritsFrom='Structures/WorkRequestService/Types/hsega/AddressType.xml' namespaceIndex='7' V281='13' V1='4' name='Address' checksumValid='true' checksum='xlUv8mwH9UOXBST8y7FBzYR1TdU='>
          <mapNode t='190' idref='1'/>
          <child t='200' id='108' V200='7' input='true' shown='5' structElemExists='true' valueSetIndex='5' V283='1' occurMinTimes='1' occurMaxTimes='1' minSize='-1' maxSize='-1' inheritsFromCopyRule='20' dataType='2' repHandlerStruct='' visible='true' inheritsFrom='Structures/WorkRequestService/Types/hsega/AddressTypeEnum.xml' namespaceIndex='7' V281='13' V1='4' name='AddressType'>
            <mapNode t='190' idref='1'/>
          </child>
          <child t='200' id='109' V200='7' input='true' shown='5' structElemExists='true' V283='1' occurMaxTimes='1' minSize='-1' maxSize='-1' dataType='2' repHandlerStruct='' visible='true' inheritsFrom='' namespaceIndex='7' V281='13' V1='4' name='FlatNumber'>
            <mapNode t='190' idref='1'/>
          </child>
          <child t='200' id='110' V200='7' input='true' shown='5' structElemExists='true' V283='1' occurMaxTimes='1' minSize='-1' maxSize='-1' dataType='2' repHandlerStruct='' visible='true' inheritsFrom='' namespaceIndex='7' V281='13' V1='4' name='BuildingName'>
            <mapNode t='190' idref='1'/>
          </child>
          <child t='200' id='111' V200='7' input='true' shown='5' structElemExists='true' V283='1' occurMaxTimes='1' minSize='-1' maxSize='-1' dataType='2' repHandlerStruct='' visible='true' inheritsFrom='' namespaceIndex='7' V281='13' V1='4' name='BuildingNumber'>
            <mapNode t='190' idref='1'/>
          </child>
          <child t='200' id='112' V200='7' input='true' shown='5' structElemExists='true' V283='1' occurMaxTimes='1' minSize='-1' maxSize='-1' dataType='2' repHandlerStruct='' visible='true' inheritsFrom='' namespaceIndex='7' V281='13' V1='4' name='SubStreet'>
            <mapNode t='190' idref='1'/>
          </child>
          <child t='200' id='113' V200='7' input='true' shown='5' structElemExists='true' V283='1' occurMaxTimes='1' minSize='-1' maxSize='-1' dataType='2' repHandlerStruct='' visible='true' inheritsFrom='' namespaceIndex='7' V281='13' V1='4' name='Street'>
            <mapNode t='190' idref='1'/>
          </child>
          <child t='200' id='114' V200='7' input='true' shown='5' structElemExists='true' V283='1' occurMaxTimes='1' minSize='-1' maxSize='-1' dataType='2' repHandlerStruct='' visible='true' inheritsFrom='' namespaceIndex='7' V281='13' V1='4' name='City'>
            <mapNode t='190' idref='1'/>
          </child>
          <child t='200' id='115' V200='7' input='true' shown='5' structElemExists='true' V283='1' occurMaxTimes='1' minSize='-1' maxSize='-1' dataType='2' repHandlerStruct='' visible='true' inheritsFrom='' namespaceIndex='7' V281='13' V1='4' name='County'>
            <mapNode t='190' idref='1'/>
          </child>
          <child t='200' id='116' V200='7' input='true' shown='5' structElemExists='true' valueSetIndex='10' V283='1' occurMaxTimes='1' minSize='-1' maxSize='-1' inheritsFromCopyRule='20' dataType='2' repHandlerStruct='' visible='true' inheritsFrom='Structures/WorkRequestService/Types/hsgcm/CountryCodeEnum.xml' namespaceIndex='7' V281='13' V1='4' name='Country'>
            <mapNode t='190' idref='1'/>
          </child>
          <child t='200' id='117' V200='7' input='true' shown='5' structElemExists='true' V283='1' occurMaxTimes='1' minSize='-1' maxSize='-1' dataType='2' repHandlerStruct='' visible='true' inheritsFrom='' namespaceIndex='7' V281='13' V1='4' name='POBox'>
            <mapNode t='190' idref='1'/>
          </child>
          <child t='200' id='118' V200='7' input='true' shown='5' structElemExists='true' V283='1' occurMinTimes='1' occurMaxTimes='1' minSize='-1' maxSize='-1' dataType='2' repHandlerStruct='' visible='true' inheritsFrom='' namespaceIndex='7' V281='13' V1='4' name='Postcode'>
            <mapNode t='190' idref='1'/>
          </child>
          <child t='200' id='119' V200='7' input='true' shown='5' structElemExists='true' V283='1' occurMaxTimes='1' minSize='-1' maxSize='-1' dataType='2' repHandlerStruct='' visible='true' inheritsFrom='' namespaceIndex='7' V281='13' V1='4' name='DPS'>
            <mapNode t='190' idref='1'/>
          </child>
          <child t='200' id='120' V200='7' input='true' shown='5' structElemExists='true' V283='1' occurMaxTimes='1' minSize='-1' maxSize='-1' dataType='2' repHandlerStruct='' visible='true' inheritsFrom='' namespaceIndex='7' V281='13' V1='4' name='ExtAddressKey'>
            <mapNode t='190' idref='1'/>
          </child>
        </child>
      </child>
    </child>
    <child t='200' id='121' V200='7' input='true' shown='5' structElemExists='true' V283='1' occurMaxTimes='1' minSize='-1' maxSize='-1' inheritsFromCopyRule='20' groupType='1' repHandlerStruct='' visible='true' inheritsFrom='Structures/WorkRequestService/Types/hsgca/AppointmentType.xml' namespaceIndex='2' V281='13' V1='4' name='Appointment'>
      <mapNode t='190' idref='1'/>
      <child t='200' id='122' V200='7' input='true' shown='5' structElemExists='true' V283='1' occurMinTimes='1' occurMaxTimes='1' minSize='-1' maxSize='-1' dataType='31' repHandlerStruct='' visible='true' inheritsFrom='' namespaceIndex='5' V281='13' V1='4' name='Date'>
        <mapNode t='190' idref='1'/>
      </child>
      <child t='200' id='123' V200='7' input='true' shown='5' structElemExists='true' valueSetIndex='1' V283='1' occurMinTimes='1' occurMaxTimes='1' minSize='-1' maxSize='-1' inheritsFromCopyRule='20' dataType='2' repHandlerStruct='' visible='true' inheritsFrom='Structures/WorkRequestService/Types/hsgca/AppointmentSlotEnum.xml' namespaceIndex='5' V281='13' V1='4' name='Slot'>
        <mapNode t='190' idref='1'/>
      </child>
      <child t='200' id='124' V200='7' input='true' shown='5' structElemExists='true' V283='1' occurMaxTimes='1' minSize='-1' maxSize='-1' dataType='2' repHandlerStruct='' visible='true' inheritsFrom='' namespaceIndex='5' V281='13' V1='4' name='Token'>
        <mapNode t='190' idref='1'/>
      </child>
      <child t='200' id='125' V200='7' input='true' shown='5' structElemExists='true' V283='1' occurMaxTimes='1' minSize='-1' maxSize='-1' dataType='2' repHandlerStruct='' visible='true' inheritsFrom='' namespaceIndex='5' V281='13' V1='4' name='ContractID'>
        <mapNode t='190' idref='1'/>
      </child>
      <child t='200' id='126' V200='7' input='true' shown='5' structElemExists='true' V283='1' occurMaxTimes='1' minSize='-1' maxSize='-1' dataType='2' repHandlerStruct='' visible='true' inheritsFrom='' namespaceIndex='5' V281='13' V1='4' name='EngineerID'>
        <mapNode t='190' idref='1'/>
      </child>
      <child t='200' id='127' V200='7' input='true' shown='5' structElemExists='true' V283='1' occurMaxTimes='1' minSize='-1' maxSize='-1' dataType='2' repHandlerStruct='' visible='true' inheritsFrom='' namespaceIndex='5' V281='13' V1='4' name='GroupID'>
        <mapNode t='190' idref='1'/>
      </child>
    </child>
  </inputMapElem>
  <outputMapElem t='200' id='128' V200='7' shown='5' structElemExists='true' V283='1' occurMinTimes='1' occurMaxTimes='1' minSize='-1' maxSize='-1' groupType='1' repHandlerStruct='' visible='true' inheritsFrom='' namespaceIndex='1' V281='13' modifiedFromParent_loop='true' V1='4' name='createClaimRequest'>
    <mapNode t='190' idref='1'/>
    <loop>SimpleLoop([autoAdded="true"],in$/hsgwrs:CancelWorkRequestRequest,{Filter},{Sort Keys},{Contexts})</loop>
    <child t='200' id='129' V200='7' shown='5' structElemExists='true' V283='1' occurMinTimes='1' occurMaxTimes='-1' minSize='-1' maxSize='-1' inheritsFromCopyRule='20' groupType='1' repHandlerStruct='' visible='true' inheritsFrom='Structures/ClaimCenter/Types/cc/CreateDetailsType.xml' namespaceIndex='1' V281='13' modifiedFromParent_loop='true' V1='4' name='createDetails'>
      <mapNode t='190' idref='1'/>
      <loop>SimpleLoop(in$/hsgwrs:CancelWorkRequestRequest/hsegwrso:Contract/hsgcn:Addresses/hsega:Address,{Filter},{Sort Keys},{Contexts})</loop>
      <child t='200' id='130' V200='7' shown='5' structElemExists='true' V283='1' occurMaxTimes='1' minSize='-1' maxSize='-1' inheritsFromCopyRule='20' groupType='1' repHandlerStruct='' visible='true' inheritsFrom='Structures/ClaimCenter/Types/cc/PolicyInfoType.xml' namespaceIndex='1' V281='13' V1='4' name='policyInfo'>
        <mapNode t='190' idref='1'/>
        <child t='200' id='131' V200='7' shown='5' structElemExists='true' V283='1' occurMinTimes='1' occurMaxTimes='1' minSize='-1' maxSize='-1' dataType='2' repHandlerStruct='' visible='true' inheritsFrom='' namespaceIndex='1' V281='13' V1='4' name='policyRef'>
          <mapNode t='190' idref='1'/>
        </child>
        <child t='200' id='132' V200='7' shown='5' structElemExists='true' V283='1' occurMinTimes='1' occurMaxTimes='1' minSize='-1' maxSize='-1' dataType='12' repHandlerStruct='' visible='true' inheritsFrom='' namespaceIndex='1' V281='13' V1='4' name='policyVersion'>
          <mapNode t='190' idref='1'/>
        </child>
        <child t='200' id='133' V200='7' shown='5' structElemExists='true' V283='1' occurMinTimes='1' occurMaxTimes='1' minSize='-1' maxSize='-1' dataType='12' repHandlerStruct='' visible='true' inheritsFrom='' namespaceIndex='1' V281='13' V1='4' name='policyReinstatement'>
          <mapNode t='190' idref='1'/>
        </child>
      </child>
      <child t='200' id='134' V200='7' shown='5' structElemExists='true' V283='1' occurMinTimes='1' occurMaxTimes='1' minSize='-1' maxSize='-1' inheritsFromCopyRule='20' groupType='1' repHandlerStruct='' visible='true' inheritsFrom='Structures/ClaimCenter/Types/cc/ClaimDetailsType.xml' namespaceIndex='1' V281='13' V1='4' name='claimDetails' checksumValid='true' checksum='wqUjkER5JyV+YUKzGDQFYX4AAKM='>
        <mapNode t='190' idref='1'/>
        <child t='200' id='135' V200='7' shown='5' structElemExists='true' V283='1' occurMinTimes='1' occurMaxTimes='1' minSize='-1' maxSize='-1' dataType='2' repHandlerStruct='' visible='true' inheritsFrom='' namespaceIndex='1' V281='13' modifiedFromParent_value='true' V1='4' name='Title'>
          <mapNode t='190' idref='1'/>
          <value>in$/hsgwrs:CancelWorkRequestRequest/hsegwrso:Contract/hsgcn:Customer/hsgc:Name/hsgc:Title</value>
        </child>
        <child t='200' id='136' V200='7' shown='5' structElemExists='true' V283='1' occurMaxTimes='1' minSize='-1' maxSize='-1' dataType='2' repHandlerStruct='' visible='true' inheritsFrom='' namespaceIndex='1' V281='13' modifiedFromParent_value='true' V1='4' name='Initials'>
          <mapNode t='190' idref='1'/>
          <value>in$/hsgwrs:CancelWorkRequestRequest/hsegwrso:Contract/hsgcn:Customer/hsgc:Name/hsgc:FirstName</value>
        </child>
        <child t='200' id='137' V200='7' shown='5' structElemExists='true' V283='1' occurMinTimes='1' occurMaxTimes='1' minSize='-1' maxSize='-1' dataType='2' repHandlerStruct='' visible='true' inheritsFrom='' namespaceIndex='1' V281='13' modifiedFromParent_value='true' V1='4' name='Surname'>
          <mapNode t='190' idref='1'/>
          <value>in$/hsgwrs:CancelWorkRequestRequest/hsegwrso:Contract/hsgcn:Customer/hsgc:Name/hsgc:LastName</value>
        </child>
        <child t='200' id='138' V200='7' shown='5' structElemExists='true' V283='1' occurMinTimes='1' occurMaxTimes='1' minSize='-1' maxSize='-1' dataType='2' repHandlerStruct='' visible='true' inheritsFrom='' namespaceIndex='1' V281='13' modifiedFromParent_value='true' V1='4' name='HouseNo'>
          <mapNode t='190' idref='1'/>
          <value>in$/hsgwrs:CancelWorkRequestRequest/hsegwrso:Contract/hsgcn:Addresses/hsega:Address/hsega:BuildingNumber</value>
        </child>
        <child t='200' id='139' V200='7' shown='5' structElemExists='true' V283='1' occurMinTimes='1' occurMaxTimes='1' minSize='-1' maxSize='-1' dataType='2' repHandlerStruct='' visible='true' inheritsFrom='' namespaceIndex='1' V281='13' modifiedFromParent_value='true' V1='4' name='AddressLine1'>
          <mapNode t='190' idref='1'/>
          <value>in$/hsgwrs:CancelWorkRequestRequest/hsegwrso:Contract/hsgcn:Addresses/hsega:Address/hsega:Street</value>
        </child>
        <child t='200' id='140' V200='7' shown='5' structElemExists='true' V283='1' occurMaxTimes='1' minSize='-1' maxSize='-1' dataType='2' repHandlerStruct='' visible='true' inheritsFrom='' namespaceIndex='1' V281='13' V1='4' name='AddressLine2'>
          <mapNode t='190' idref='1'/>
        </child>
        <child t='200' id='141' V200='7' shown='5' structElemExists='true' V283='1' occurMaxTimes='1' minSize='-1' maxSize='-1' dataType='2' repHandlerStruct='' visible='true' inheritsFrom='' namespaceIndex='1' V281='13' V1='4' name='AddressLine3'>
          <mapNode t='190' idref='1'/>
        </child>
        <child t='200' id='142' V200='7' shown='5' structElemExists='true' V283='1' occurMaxTimes='1' minSize='-1' maxSize='-1' dataType='2' repHandlerStruct='' visible='true' inheritsFrom='' namespaceIndex='1' V281='13' modifiedFromParent_value='true' V1='4' name='AddressLine4'>
          <mapNode t='190' idref='1'/>
          <value>in$/hsgwrs:CancelWorkRequestRequest/hsegwrso:Contract/hsgcn:Addresses/hsega:Address/hsega:City</value>
        </child>
        <child t='200' id='143' V200='7' shown='5' structElemExists='true' V283='1' occurMaxTimes='1' minSize='-1' maxSize='-1' dataType='2' repHandlerStruct='' visible='true' inheritsFrom='' namespaceIndex='1' V281='13' modifiedFromParent_value='true' V1='4' name='AddressLine5'>
          <mapNode t='190' idref='1'/>
          <value>in$/hsgwrs:CancelWorkRequestRequest/hsegwrso:Contract/hsgcn:Addresses/hsega:Address/hsega:County</value>
        </child>
        <child t='200' id='144' V200='7' shown='5' structElemExists='true' V283='1' occurMinTimes='1' occurMaxTimes='1' minSize='-1' maxSize='-1' dataType='2' repHandlerStruct='' visible='true' inheritsFrom='' namespaceIndex='1' V281='13' modifiedFromParent_value='true' V1='4' name='PostCode'>
          <mapNode t='190' idref='1'/>
          <value>in$/hsgwrs:CancelWorkRequestRequest/hsegwrso:Contract/hsgcn:Addresses/hsega:Address/hsega:Postcode</value>
        </child>
        <child t='200' id='145' V200='7' shown='5' structElemExists='true' V283='1' occurMaxTimes='1' minSize='-1' maxSize='-1' dataType='2' repHandlerStruct='' visible='true' inheritsFrom='' namespaceIndex='1' V281='13' modifiedFromParent_value='true' V1='4' name='Country'>
          <mapNode t='190' idref='1'/>
          <value>in$/hsgwrs:CancelWorkRequestRequest/hsegwrso:Contract/hsgcn:Addresses/hsega:Address/hsega:Country</value>
        </child>
        <child t='200' id='146' V200='7' shown='5' structElemExists='true' V283='1' occurMinTimes='1' occurMaxTimes='1' minSize='-1' maxSize='-1' dataType='2' repHandlerStruct='' visible='true' inheritsFrom='' namespaceIndex='1' V281='13' modifiedFromParent_value='true' V1='4' name='HomePhoneNo'>
          <mapNode t='190' idref='1'/>
          <value>AgConcatFirstPresentValue(in$/hsgwrs:CancelWorkRequestRequest/hsegwrso:Contract/hsgcn:Customer/hsgc:ContactDetails/hsgcd:Phone/hsgcd:Number(SimpleLoop(in$/hsgwrs:CancelWorkRequestRequest,{Filter},{Sort Keys},NestedContext(SimpleLoop(in$/hsgwrs:CancelWorkRequestRequest/hsegwrso:Contract/hsgcn:Customer/hsgc:ContactDetails/hsgcd:Phone,Equal(in$/hsgwrs:CancelWorkRequestRequest/hsegwrso:Contract/hsgcn:Customer/hsgc:ContactDetails/hsgcd:Phone/hsgcd:Type,Constant([value="Home",dataType="2"],)),{Sort Keys},{Contexts})))))</value>
        </child>
        <child t='200' id='147' V200='7' shown='5' structElemExists='true' V283='1' occurMaxTimes='1' minSize='-1' maxSize='-1' dataType='2' repHandlerStruct='' visible='true' inheritsFrom='' namespaceIndex='1' V281='13' modifiedFromParent_value='true' V1='4' name='MobilePhoneNo'>
          <mapNode t='190' idref='1'/>
          <value>AgConcatFirstPresentValue(in$/hsgwrs:CancelWorkRequestRequest/hsegwrso:Contract/hsgcn:Customer/hsgc:ContactDetails/hsgcd:Phone/hsgcd:Number(SimpleLoop(in$/hsgwrs:CancelWorkRequestRequest,{Filter},{Sort Keys},NestedContext(SimpleLoop(in$/hsgwrs:CancelWorkRequestRequest/hsegwrso:Contract/hsgcn:Customer/hsgc:ContactDetails/hsgcd:Phone,Equal(in$/hsgwrs:CancelWorkRequestRequest/hsegwrso:Contract/hsgcn:Customer/hsgc:ContactDetails/hsgcd:Phone/hsgcd:Type,Constant([value="Mobile",dataType="2"],)),{Sort Keys},{Contexts})))))</value>
        </child>
        <child t='200' id='148' V200='7' shown='5' structElemExists='true' V283='1' occurMaxTimes='1' minSize='-1' maxSize='-1' dataType='2' repHandlerStruct='' visible='true' inheritsFrom='' namespaceIndex='1' V281='13' modifiedFromParent_value='true' V1='4' name='WorkPhoneNo'>
          <mapNode t='190' idref='1'/>
          <value>AgConcatFirstPresentValue(in$/hsgwrs:CancelWorkRequestRequest/hsegwrso:Contract/hsgcn:Customer/hsgc:ContactDetails/hsgcd:Phone/hsgcd:Number(SimpleLoop(in$/hsgwrs:CancelWorkRequestRequest,{Filter},{Sort Keys},NestedContext(SimpleLoop(in$/hsgwrs:CancelWorkRequestRequest/hsegwrso:Contract/hsgcn:Customer/hsgc:ContactDetails/hsgcd:Phone,Equal(in$/hsgwrs:CancelWorkRequestRequest/hsegwrso:Contract/hsgcn:Customer/hsgc:ContactDetails/hsgcd:Phone/hsgcd:Type,Constant([value="Work",dataType="2"],)),{Sort Keys},{Contexts})))))</value>
        </child>
        <child t='200' id='149' V200='7' shown='5' structElemExists='true' V283='1' occurMinTimes='1' occurMaxTimes='1' minSize='-1' maxSize='-1' dataType='2' repHandlerStruct='' visible='true' inheritsFrom='' namespaceIndex='1' V281='13' V1='4' name='ExternalOrderRef'>
          <mapNode t='190' idref='1'/>
        </child>
        <child t='200' id='150' V200='7' shown='5' structElemExists='true' V283='1' occurMaxTimes='1' minSize='-1' maxSize='-1' dataType='2' repHandlerStruct='' visible='true' inheritsFrom='' namespaceIndex='1' V281='13' modifiedFromParent_value='true' V1='4' name='CustomerRef'>
          <mapNode t='190' idref='1'/>
          <value>in$/hsgwrs:CancelWorkRequestRequest/hsegwrso:Contract/hsgcn:Customer/hsgc:AccountNumber</value>
        </child>
        <child t='200' id='151' V200='7' shown='5' structElemExists='true' V283='1' occurMinTimes='1' occurMaxTimes='1' minSize='-1' maxSize='-1' dataType='2' repHandlerStruct='' visible='true' inheritsFrom='' namespaceIndex='1' V281='13' V1='4' name='PolicyCode'>
          <mapNode t='190' idref='1'/>
        </child>
        <child t='200' id='152' V200='7' shown='5' structElemExists='true' V283='1' occurMinTimes='1' occurMaxTimes='1' minSize='-1' maxSize='-1' dataType='2' repHandlerStruct='' visible='true' inheritsFrom='' namespaceIndex='1' V281='13' modifiedFromParent_value='true' V1='4' name='ContractRef'>
          <mapNode t='190' idref='1'/>
          <value>AgConcat(in$/hsgwrs:CancelWorkRequestRequest/hsegwrso:Contract/hsgcn:ContractDetails/hsgcn:Offers/hsgps:Offer/hsgps:PartnerOptions/hsgps:PartnerOptions/hsgps:Partner/hsgpt:PartnerID(SimpleLoop(in$/hsgwrs:CancelWorkRequestRequest,{Filter},{Sort Keys},NestedContext(SimpleLoop(in$/hsgwrs:CancelWorkRequestRequest/hsegwrso:Contract/hsgcn:ContractDetails/hsgcn:Offers/hsgps:Offer,{Filter},{Sort Keys},NestedContext(SimpleLoop(in$/hsgwrs:CancelWorkRequestRequest/hsegwrso:Contract/hsgcn:ContractDetails/hsgcn:Offers/hsgps:Offer/hsgps:PartnerOptions/hsgps:PartnerOptions,{Filter},{Sort Keys},{Contexts})))))))</value>
        </child>
        <child t='200' id='153' V200='7' shown='5' structElemExists='true' V283='1' occurMinTimes='1' occurMaxTimes='1' minSize='-1' maxSize='-1' inheritsFromCopyRule='20' groupType='1' repHandlerStruct='' visible='true' inheritsFrom='Structures/ClaimCenter/Types/cc/JobDetails.xml' namespaceIndex='1' V281='13' V1='4' name='Jobs'>
          <mapNode t='190' idref='1'/>
          <child t='200' id='154' V200='7' shown='5' structElemExists='true' V283='1' occurMinTimes='1' occurMaxTimes='-1' minSize='-1' maxSize='-1' inheritsFromCopyRule='20' groupType='1' repHandlerStruct='' visible='true' inheritsFrom='Structures/ClaimCenter/Types/cc/JobDetailsType.xml' namespaceIndex='1' V281='13' modifiedFromParent_loop='true' V1='4' name='JobDetails' checksumValid='true' checksum='YuAEW1GdkXxxumgu2rGcyY1aYfk='>
            <mapNode t='190' idref='1'/>
            <loop>SimpleLoop(in$/hsgwrs:CancelWorkRequestRequest,{Filter},{Sort Keys},{Contexts})</loop>
            <child t='200' id='155' V200='7' shown='5' structElemExists='true' V283='1' occurMinTimes='1' occurMaxTimes='1' minSize='-1' maxSize='-1' dataType='30' repHandlerStruct='' visible='true' inheritsFrom='' namespaceIndex='1' V281='13' modifiedFromParent_value='true' V1='4' name='OrderDate'>
              <mapNode t='190' idref='1'/>
              <value>in$/hsgwrs:CancelWorkRequestRequest/hsegwrso:Appointment/hsgca:Date</value>
            </child>
            <child t='200' id='156' V200='7' shown='5' structElemExists='true' V283='1' occurMinTimes='1' occurMaxTimes='1' minSize='-1' maxSize='-1' dataType='2' repHandlerStruct='' visible='true' inheritsFrom='' namespaceIndex='1' V281='13' V1='4' name='ExternalJobRef'>
              <mapNode t='190' idref='1'/>
            </child>
            <child t='200' id='157' V200='7' shown='5' structElemExists='true' V283='1' occurMaxTimes='1' minSize='-1' maxSize='-1' dataType='2' repHandlerStruct='' visible='true' inheritsFrom='' namespaceIndex='1' V281='13' V1='4' name='SORCode'>
              <mapNode t='190' idref='1'/>
            </child>
            <child t='200' id='158' V200='7' shown='5' structElemExists='true' V283='1' occurMaxTimes='1' minSize='-1' maxSize='-1' dataType='2' repHandlerStruct='' visible='true' inheritsFrom='' namespaceIndex='1' V281='13' V1='4' name='SpecialInst'>
              <mapNode t='190' idref='1'/>
            </child>
            <child t='200' id='159' V200='7' shown='5' structElemExists='true' V283='1' occurMaxTimes='1' minSize='-1' maxSize='-1' dataType='2' repHandlerStruct='' visible='true' inheritsFrom='' namespaceIndex='1' V281='13' V1='4' name='SlotStart'>
              <mapNode t='190' idref='1'/>
            </child>
            <child t='200' id='160' V200='7' shown='5' structElemExists='true' V283='1' occurMaxTimes='1' minSize='-1' maxSize='-1' dataType='2' repHandlerStruct='' visible='true' inheritsFrom='' namespaceIndex='1' V281='13' V1='4' name='SlotEnd'>
              <mapNode t='190' idref='1'/>
            </child>
            <child t='200' id='161' V200='7' shown='5' structElemExists='true' V283='1' occurMinTimes='1' occurMaxTimes='1' minSize='-1' maxSize='-1' dataType='20' repHandlerStruct='' visible='true' inheritsFrom='' namespaceIndex='1' V281='13' V1='4' name='CostNet'>
              <mapNode t='190' idref='1'/>
            </child>
            <child t='200' id='162' V200='7' shown='5' structElemExists='true' V283='1' occurMinTimes='1' occurMaxTimes='1' minSize='-1' maxSize='-1' dataType='20' repHandlerStruct='' visible='true' inheritsFrom='' namespaceIndex='1' V281='13' V1='4' name='CostGross'>
              <mapNode t='190' idref='1'/>
            </child>
            <child t='200' id='163' V200='7' shown='5' structElemExists='true' V283='1' occurMinTimes='1' occurMaxTimes='1' minSize='-1' maxSize='-1' dataType='20' repHandlerStruct='' visible='true' inheritsFrom='' namespaceIndex='1' V281='13' V1='4' name='VAT'>
              <mapNode t='190' idref='1'/>
            </child>
            <child t='200' id='164' V200='7' shown='5' structElemExists='true' V283='1' occurMinTimes='1' occurMaxTimes='1' minSize='-1' maxSize='-1' dataType='2' repHandlerStruct='' visible='true' inheritsFrom='' namespaceIndex='1' V281='13' V1='4' name='JobType'>
              <mapNode t='190' idref='1'/>
            </child>
            <child t='200' id='165' V200='7' shown='5' structElemExists='true' V283='1' occurMaxTimes='1' minSize='-1' maxSize='-1' dataType='2' repHandlerStruct='' visible='true' inheritsFrom='' namespaceIndex='1' V281='13' V1='4' name='ContractorCode'>
              <mapNode t='190' idref='1'/>
            </child>
            <child t='200' id='166' V200='7' shown='5' structElemExists='true' V283='1' occurMaxTimes='1' minSize='-1' maxSize='-1' dataType='2' repHandlerStruct='' visible='true' inheritsFrom='' namespaceIndex='1' V281='13' V1='4' name='EngineerCode'>
              <mapNode t='190' idref='1'/>
            </child>
            <child t='200' id='167' V200='7' shown='5' structElemExists='true' V283='1' occurMaxTimes='1' minSize='-1' maxSize='-1' dataType='30' repHandlerStruct='' visible='true' inheritsFrom='' namespaceIndex='1' V281='13' V1='4' name='AppointmentDate'>
              <mapNode t='190' idref='1'/>
            </child>
            <child t='200' id='168' V200='7' shown='5' structElemExists='true' V283='1' occurMaxTimes='1' minSize='-1' maxSize='-1' dataType='2' repHandlerStruct='' visible='true' inheritsFrom='' namespaceIndex='1' V281='13' V1='4' name='GroupId'>
              <mapNode t='190' idref='1'/>
            </child>
            <child t='200' id='169' V200='7' shown='5' structElemExists='true' V283='1' occurMaxTimes='1' minSize='-1' maxSize='-1' dataType='2' repHandlerStruct='' visible='true' inheritsFrom='' namespaceIndex='1' V281='13' V1='4' name='OfferToken'>
              <mapNode t='190' idref='1'/>
            </child>
            <child t='200' id='170' V200='7' shown='5' structElemExists='true' V283='1' occurMaxTimes='1' minSize='-1' maxSize='-1' dataType='2' repHandlerStruct='' visible='true' inheritsFrom='' namespaceIndex='1' V281='13' V1='4' name='EmergencyStatus'>
              <mapNode t='190' idref='1'/>
            </child>
          </child>
        </child>
        <child t='200' id='171' V200='7' shown='5' structElemExists='true' V283='1' occurMaxTimes='1' minSize='-1' maxSize='-1' dataType='2' repHandlerStruct='' visible='true' inheritsFrom='' namespaceIndex='1' V281='13' V1='4' name='PolicyServiceIdent'>
          <mapNode t='190' idref='1'/>
        </child>
        <child t='200' id='172' V200='7' shown='5' structElemExists='true' V283='1' occurMaxTimes='1' minSize='-1' maxSize='-1' dataType='30' repHandlerStruct='' visible='true' inheritsFrom='' namespaceIndex='1' V281='13' V1='4' name='InceptionDate'>
          <mapNode t='190' idref='1'/>
        </child>
        <child t='200' id='173' V200='7' shown='5' structElemExists='true' V283='1' occurMaxTimes='1' minSize='-1' maxSize='-1' dataType='30' repHandlerStruct='' visible='true' inheritsFrom='' namespaceIndex='1' V281='13' V1='4' name='ValidFromDate'>
          <mapNode t='190' idref='1'/>
        </child>
        <child t='200' id='174' V200='7' shown='5' structElemExists='true' V283='1' occurMaxTimes='1' minSize='-1' maxSize='-1' dataType='30' repHandlerStruct='' visible='true' inheritsFrom='' namespaceIndex='1' V281='13' V1='4' name='ValidToDate'>
          <mapNode t='190' idref='1'/>
        </child>
        <child t='200' id='175' V200='7' shown='5' structElemExists='true' V283='1' occurMaxTimes='1' minSize='-1' maxSize='-1' dataType='2' repHandlerStruct='' visible='true' inheritsFrom='' namespaceIndex='1' V281='13' V1='4' name='PolicySource'>
          <mapNode t='190' idref='1'/>
        </child>
      </child>
    </child>
  </outputMapElem>
  <inputNsList t='161' id='176' V161='1' namespaceUri='___osdtDummy___' V1='4'>
  </inputNsList>
  <inputNsList t='161' id='177' V161='1' namespaceUri='http://www.homeserve.com/Europe/GB/WorkRequest/WorkRequestService/v1' namespacePrefix='hsgwrs' V1='4'>
  </inputNsList>
  <inputNsList t='161' id='178' V161='1' namespaceUri='http://www.homeserve.com/Europe/GB/WorkRequest/WorkRequestServiceOperations/v1' namespacePrefix='hsegwrso' V1='4'>
  </inputNsList>
  <inputNsList t='161' id='179' V161='1' namespaceUri='http://www.homeserve.com/Global/WorkRequest/v1' namespacePrefix='hsgcwr' V1='4'>
  </inputNsList>
  <inputNsList t='161' id='180' V161='1' namespaceUri='http://www.homeserve.com/Global/Customer/Contract/v1' namespacePrefix='hsgcn' V1='4'>
  </inputNsList>
  <inputNsList t='161' id='181' V161='1' namespaceUri='http://www.homeserve.com/Global/Customer/Appointment/v1' namespacePrefix='hsgca' V1='4'>
  </inputNsList>
  <inputNsList t='161' id='182' V161='1' namespaceUri='http://www.homeserve.com/Global/Customer/v1' namespacePrefix='hsgc' V1='4'>
  </inputNsList>
  <inputNsList t='161' id='183' V161='1' namespaceUri='http://www.homeserve.com/Europe/GB/Address/v1' namespacePrefix='hsega' V1='4'>
  </inputNsList>
  <inputNsList t='161' id='184' V161='1' namespaceUri='http://www.homeserve.com/Global/Customer/ContactDetails/v1' namespacePrefix='hsgcd' V1='4'>
  </inputNsList>
  <inputNsList t='161' id='185' V161='1' namespaceUri='http://www.homeserve.com/Global/ProductSpine/v1' namespacePrefix='hsgps' V1='4'>
  </inputNsList>
  <inputNsList t='161' id='186' V161='1' namespaceUri='http://www.homeserve.com/Global/Customer/Asset/v1' namespacePrefix='hsgca1' V1='4'>
  </inputNsList>
  <inputNsList t='161' id='187' V161='1' namespaceUri='http://www.homeserve.com/Global/ProductSpine/TermsAndConditions/v1' namespacePrefix='hsgpstc' V1='4'>
  </inputNsList>
  <inputNsList t='161' id='188' V161='1' namespaceUri='http://www.homeserve.com/Global/Partner/v1' namespacePrefix='hsgpt' V1='4'>
  </inputNsList>
  <inputNsList t='161' id='189' V161='1' namespaceUri='http://www.homeserve.com/Global/Common/v1' namespacePrefix='hsgcm' V1='4'>
  </inputNsList>
  <outputNsList t='161' id='190' V161='1' namespaceUri='___osdtDummy___' V1='4'>
  </outputNsList>
  <outputNsList t='161' id='191' V161='1' namespaceUri='http://homeserve.co.uk/cc' namespacePrefix='cc' V1='4'>
  </outputNsList>
  <inputRepRuntime t='692' id='192' V692='1' V690='1'>
    <namespaceContainers t='220' ref='Namespace Containers/WorkRequestService.xml'/>
  </inputRepRuntime>
  <outputRepRuntime t='692' id='193' V692='1' unnamedElemsNamespace='1' V690='1'>
    <namespaceContainers t='220' ref='Namespace Containers/ClaimCenter.xml'/>
  </outputRepRuntime>
  <valueSets></valueSets>
  <valueSets>8-12|12-17|17-21|21-8|8-17</valueSets>
  <valueSets>Male|Female|Other</valueSets>
  <valueSets>true|false</valueSets>
  <valueSets>Married|Single|LegalPartner|Widower|CommonLaw</valueSets>
  <valueSets>Billing|Service|Correspondence</valueSets>
  <valueSets>GB</valueSets>
  <valueSets>Home|Work|Other</valueSets>
  <valueSets>Home|Work|Mobile|Other</valueSets>
  <valueSets>StringValue|NumericValue|DateValue</valueSets>
  <valueSets>AF|AX|AL|DZ|AS|AD|AO|AI|AQ|AG|AR|AM|AW|AU|AT|AZ|BS|BH|BD|BB|BY|BE|BZ|BJ|BM|BT|BO|BA|BW|BV|BR|IO|BN|BG|BF|BI|KH|CM|CA|CV|KY|CF|TD|CL|CN|CX|CC|CO|KM|CG|CD|CK|CR|CI|HR|CU|CY|CZ|DK|DJ|DM|DO|EC|EG|SV|GQ|ER|EE|ET|FK|FO|FJ|FI|FR|GF|PF|TF|GA|GM|GE|DE|GH|GI|GR|GL|GD|GP|GU|GT|GG|GN|GW|GY|HT|HM|VA|HN|HK|HU|IS|IN|ID|IR|IQ|IE|IM|IL|IT|JM|JP|JE|JO|KZ|KE|KI|KP|KR|KW|KG|LA|LV|LB|LS|LR|LY|LI|LT|LU|MO|MK|MG|MW|MY|MV|ML|MT|MH|MQ|MR|MU|YT|MX|FM|MD|MC|MN|MS|MA|MZ|MM|NA|NR|NP|NL|AN|NC|NZ|NI|NE|NG|NU|NF|MP|NO|OM|PK|PW|PS|PA|PG|PY|PE|PH|PN|PL|PT|PR|QA|RE|RO|RU|RW|SH|KN|LC|PM|VC|WS|SM|ST|SA|SN|CS|SC|SL|SG|SK|SI|SB|SO|ZA|GS|ES|LK|SD|SR|SJ|SZ|SE|CH|SY|TW|TJ|TZ|TH|TL|TG|TK|TO|TT|TN|TR|TM|TC|TV|UG|UA|AE|GB|US|UM|UY|UZ|VU|VE|VN|VG|VI|WF|EH|YE|ZM|ZW</valueSets>
  <valueSets>StringValue|NumericValue|IntegerValue|DateValue|BooleanValue|BlobValue</valueSets>
  <valueSetKeys>Structures/WorkRequestService/Types/hsgcm/ValueTypeEnum.xml</valueSetKeys>
  <valueSetKeys>11</valueSetKeys>
  <inputXmlRepRuntime t='692' idref='192'/>
  <outputXmlRepRuntime t='692' idref='193'/>
  <child t='165' id='194' V1='4' name='Document Bindings'>
    <child t='166' id='195' V166='5' docType='1' V1='4' name='in$/hsgwrs:CancelWorkRequestRequest'>
      <elemNode t='200' idref='2'/>
    </child>
    <child t='166' id='196' V166='5' docType='2' V1='4' name='out$/cc:createClaimRequest'>
      <elemNode t='200' idref='128'/>
    </child>
  </child>
  <child t='201' id='197' V1='4' name='Inherits From'>
  </child>
</root>
