<?xml version="1.0" encoding="UTF-8"?>
<root t='190' id='1' V190='11' inStruct='Structures/WebIntegration_v2/AccountManagementService/AccountManagementService_Pega_final/Elements/nslt1/ServiceAvailabilityResponse.xml' outStruct='Structures/WebIntegration_v2/AccountManagementService/AccountManagementService_ESB_94/Elements/hscams/ServiceAvailabilityResponse.xml' inputRep='172' outputRep='172' nextMap='' inputStructUserName='ServiceAvailabilityResponse' outputStructUserName='ServiceAvailabilityResponse' V1='4' name='ServiceAvailability_Response_map' incarnation='286'>
  <inputMapElem t='200' id='2' V200='7' input='true' shown='5' structElemExists='true' V283='1' occurMinTimes='1' occurMaxTimes='1' minSize='-1' maxSize='-1' inheritsFromCopyRule='20' groupType='1' repHandlerStruct='' visible='true' inheritsFrom='Structures/WebIntegration_v2/AccountManagementService/AccountManagementService_Pega_final/Types/nslt1/ServiceAvailabilityResponseType.xml' namespaceIndex='1' V281='13' V1='4' name='ServiceAvailabilityResponse'>
    <mapNode t='190' idref='1'/>
    <child t='200' id='3' V200='7' input='true' shown='5' structElemExists='true' V283='1' occurMinTimes='1' occurMaxTimes='1' minSize='-1' maxSize='-1' groupType='1' repHandlerStruct='' visible='true' inheritsFrom='' V281='13' V1='4' name='Outcome'>
      <mapNode t='190' idref='1'/>
      <child t='200' id='4' V200='7' input='true' shown='5' structElemExists='true' V283='1' occurMinTimes='1' occurMaxTimes='1' minSize='-1' maxSize='-1' dataType='2' repHandlerStruct='' visible='true' inheritsFrom='' V281='13' V1='4' name='ResultCode'>
        <mapNode t='190' idref='1'/>
      </child>
      <child t='200' id='5' V200='7' input='true' shown='5' structElemExists='true' V283='1' occurMinTimes='1' occurMaxTimes='1' minSize='-1' maxSize='-1' dataType='2' repHandlerStruct='' visible='true' inheritsFrom='' V281='13' V1='4' name='ResultStatus'>
        <mapNode t='190' idref='1'/>
      </child>
      <child t='200' id='6' V200='7' input='true' shown='5' structElemExists='true' V283='1' occurMinTimes='1' occurMaxTimes='1' minSize='-1' maxSize='-1' dataType='2' repHandlerStruct='' visible='true' inheritsFrom='' V281='13' V1='4' name='ResultDescription'>
        <mapNode t='190' idref='1'/>
      </child>
      <child t='200' id='7' V200='7' input='true' shown='5' structElemExists='true' V283='1' occurMaxTimes='-1' minSize='-1' maxSize='-1' groupType='1' repHandlerStruct='' visible='true' inheritsFrom='' V281='13' V1='4' name='ProcessOutcome'>
        <mapNode t='190' idref='1'/>
        <child t='200' id='8' V200='7' input='true' shown='5' structElemExists='true' V283='1' occurMinTimes='1' occurMaxTimes='1' minSize='-1' maxSize='-1' dataType='2' repHandlerStruct='' visible='true' inheritsFrom='' V281='13' V1='4' name='Code'>
          <mapNode t='190' idref='1'/>
        </child>
        <child t='200' id='9' V200='7' input='true' shown='5' structElemExists='true' V283='1' occurMinTimes='1' occurMaxTimes='1' minSize='-1' maxSize='-1' dataType='2' repHandlerStruct='' visible='true' inheritsFrom='' V281='13' V1='4' name='InteractionID'>
          <mapNode t='190' idref='1'/>
        </child>
        <child t='200' id='10' V200='7' input='true' shown='5' structElemExists='true' V283='1' occurMinTimes='1' occurMaxTimes='1' minSize='-1' maxSize='-1' dataType='2' repHandlerStruct='' visible='true' inheritsFrom='' V281='13' V1='4' name='Description'>
          <mapNode t='190' idref='1'/>
        </child>
        <child t='200' id='11' V200='7' input='true' shown='5' structElemExists='true' V283='1' occurMaxTimes='-1' minSize='-1' maxSize='-1' groupType='1' repHandlerStruct='' visible='true' inheritsFrom='' V281='13' V1='4' name='ServiceIntentList'>
          <mapNode t='190' idref='1'/>
          <child t='200' id='12' V200='7' input='true' shown='5' structElemExists='true' V283='1' occurMinTimes='1' occurMaxTimes='1' minSize='-1' maxSize='-1' dataType='2' repHandlerStruct='' visible='true' inheritsFrom='' V281='13' V1='4' name='CaseID'>
            <mapNode t='190' idref='1'/>
          </child>
        </child>
      </child>
    </child>
  </inputMapElem>
  <outputMapElem t='200' id='13' V200='7' shown='5' structElemExists='true' V283='1' occurMinTimes='1' occurMaxTimes='1' minSize='-1' maxSize='-1' inheritsFromCopyRule='20' groupType='1' repHandlerStruct='' visible='true' inheritsFrom='Structures/WebIntegration_v2/AccountManagementService/AccountManagementService_ESB_94/Types/hsgcc/ServiceAvailabilityResponseType.xml' namespaceIndex='1' V281='13' modifiedFromParent_loop='true' V1='4' name='ServiceAvailabilityResponse'>
    <mapNode t='190' idref='1'/>
    <loop>SimpleLoop([autoAdded="true"],in$/nslt1:ServiceAvailabilityResponse,{Filter},{Sort Keys},{Contexts})</loop>
    <child t='200' id='14' V200='7' shown='5' structElemExists='true' V283='1' occurMinTimes='1' occurMaxTimes='1' minSize='-1' maxSize='-1' inheritsFromCopyRule='20' groupType='1' repHandlerStruct='' visible='true' inheritsFrom='Structures/WebIntegration_v2/AccountManagementService/AccountManagementService_ESB_94/Types/hsgcc/OutcomeType.xml' namespaceIndex='2' V281='13' V1='4' name='Outcome'>
      <mapNode t='190' idref='1'/>
      <child t='200' id='15' V200='7' shown='5' structElemExists='true' V283='1' occurMinTimes='1' occurMaxTimes='1' minSize='-1' maxSize='-1' dataType='12' repHandlerStruct='' visible='true' inheritsFrom='' namespaceIndex='2' V281='13' modifiedFromParent_value='true' V1='4' name='ResultCode'>
        <mapNode t='190' idref='1'/>
        <value>in$/nslt1:ServiceAvailabilityResponse/Outcome/ResultCode</value>
      </child>
      <child t='200' id='16' V200='7' shown='5' structElemExists='true' V283='1' occurMinTimes='1' occurMaxTimes='1' minSize='-1' maxSize='-1' dataType='2' repHandlerStruct='' visible='true' inheritsFrom='' namespaceIndex='2' V281='13' modifiedFromParent_value='true' V1='4' name='ResultDescription'>
        <mapNode t='190' idref='1'/>
        <value>in$/nslt1:ServiceAvailabilityResponse/Outcome/ResultDescription</value>
      </child>
      <child t='200' id='17' V200='7' shown='5' structElemExists='true' V283='1' occurMinTimes='1' occurMaxTimes='1' minSize='-1' maxSize='-1' dataType='2' repHandlerStruct='' visible='true' inheritsFrom='' namespaceIndex='2' V281='13' modifiedFromParent_value='true' V1='4' name='ResultStatus'>
        <mapNode t='190' idref='1'/>
        <value>in$/nslt1:ServiceAvailabilityResponse/Outcome/ResultStatus</value>
      </child>
      <child t='200' id='18' V200='7' shown='7' structElemExists='true' V283='1' occurMaxTimes='-1' minSize='-1' maxSize='-1' inheritsFromCopyRule='20' groupType='1' repHandlerStruct='' visible='true' inheritsFrom='Structures/WebIntegration_v2/AccountManagementService/AccountManagementService_ESB_94/Types/hsgcc/ProcessOutcomeType.xml' namespaceIndex='2' V281='13' modifiedFromParent_loop='true' V1='4' name='ProcessOutcome'>
        <mapNode t='190' idref='1'/>
        <loop>SimpleLoop(in$/nslt1:ServiceAvailabilityResponse/Outcome/ProcessOutcome,{Filter},{Sort Keys},{Contexts})</loop>
        <child t='200' id='19' V200='7' shown='5' structElemExists='true' V283='1' occurMinTimes='1' occurMaxTimes='1' minSize='-1' maxSize='-1' dataType='2' repHandlerStruct='' visible='true' inheritsFrom='' namespaceIndex='2' V281='13' modifiedFromParent_value='true' V1='4' name='Code'>
          <mapNode t='190' idref='1'/>
          <value>in$/nslt1:ServiceAvailabilityResponse/Outcome/ProcessOutcome/Code</value>
        </child>
        <child t='200' id='20' V200='7' shown='5' structElemExists='true' V283='1' occurMinTimes='1' occurMaxTimes='1' minSize='-1' maxSize='-1' dataType='2' repHandlerStruct='' visible='true' inheritsFrom='' namespaceIndex='2' V281='13' modifiedFromParent_value='true' V1='4' name='InteractionID'>
          <mapNode t='190' idref='1'/>
          <value>in$/nslt1:ServiceAvailabilityResponse/Outcome/ProcessOutcome/InteractionID</value>
        </child>
        <child t='200' id='21' V200='7' shown='5' structElemExists='true' V283='1' occurMinTimes='1' occurMaxTimes='1' minSize='-1' maxSize='-1' dataType='2' repHandlerStruct='' visible='true' inheritsFrom='' namespaceIndex='2' V281='13' modifiedFromParent_value='true' V1='4' name='Description'>
          <mapNode t='190' idref='1'/>
          <value>in$/nslt1:ServiceAvailabilityResponse/Outcome/ProcessOutcome/Description</value>
        </child>
        <child t='200' id='22' V200='7' shown='5' structElemExists='true' V283='1' occurMaxTimes='-1' minSize='-1' maxSize='-1' inheritsFromCopyRule='20' groupType='1' repHandlerStruct='' visible='true' inheritsFrom='Structures/WebIntegration_v2/AccountManagementService/AccountManagementService_ESB_94/Types/hsgcc/ServiceIntentType.xml' namespaceIndex='2' V281='13' modifiedFromParent_loop='true' V1='4' name='ServiceIntentList'>
          <mapNode t='190' idref='1'/>
          <loop>SimpleLoop(in$/nslt1:ServiceAvailabilityResponse/Outcome/ProcessOutcome/ServiceIntentList,{Filter},{Sort Keys},{Contexts})</loop>
          <child t='200' id='23' V200='7' shown='5' structElemExists='true' V283='1' occurMinTimes='1' occurMaxTimes='1' minSize='-1' maxSize='-1' dataType='2' repHandlerStruct='' visible='true' inheritsFrom='' namespaceIndex='2' V281='13' modifiedFromParent_value='true' V1='4' name='CaseId'>
            <mapNode t='190' idref='1'/>
            <value>in$/nslt1:ServiceAvailabilityResponse/Outcome/ProcessOutcome/ServiceIntentList/CaseID</value>
          </child>
        </child>
      </child>
    </child>
  </outputMapElem>
  <inputNsList t='161' id='24' V161='1' namespaceUri='___osdtDummy___' V1='4'>
  </inputNsList>
  <inputNsList t='161' id='25' V161='1' namespaceUri='urn:PegaRULES:SOAP:AccountManagementServices:Services' namespacePrefix='nslt1' V1='4'>
  </inputNsList>
  <outputNsList t='161' id='26' V161='1' namespaceUri='___osdtDummy___' V1='4'>
  </outputNsList>
  <outputNsList t='161' id='27' V161='1' namespaceUri='http://www.homeserve.com/Europe/GB/Customer/Account/AccountManagementService/v1' namespacePrefix='hscams' V1='4'>
  </outputNsList>
  <outputNsList t='161' id='28' V161='1' namespaceUri='http://www.homeserve.com/Global/Common/CommonService/v1' namespacePrefix='hsgcc' V1='4'>
  </outputNsList>
  <inputRepRuntime t='692' id='29' V692='1' V690='1'>
    <namespaceContainers t='220' ref='Namespace Containers/WebIntegration_v2_AccountManagementService_AccountManagementService_Pega_final.xml'/>
  </inputRepRuntime>
  <outputRepRuntime t='692' id='30' V692='1' V690='1'>
    <namespaceContainers t='220' ref='Namespace Containers/WebIntegration_v2_AccountManagementService_AccountManagementService_ESB_94.xml'/>
  </outputRepRuntime>
  <valueSets></valueSets>
  <inputXmlRepRuntime t='692' idref='29'/>
  <outputXmlRepRuntime t='692' idref='30'/>
  <child t='165' id='31' V1='4' name='Document Bindings'>
    <child t='166' id='32' V166='5' docType='1' V1='4' name='in$/nslt1:ServiceAvailabilityResponse'>
      <elemNode t='200' idref='2'/>
    </child>
    <child t='166' id='33' V166='5' docType='2' V1='4' name='out$/hscams:ServiceAvailabilityResponse'>
      <elemNode t='200' idref='13'/>
    </child>
  </child>
  <child t='201' id='34' V1='4' name='Inherits From'>
  </child>
</root>
