<?xml version="1.0" encoding="UTF-8"?>
<root t='150' id='1' V150='13' creationTimestamp='0x152ef5a90e0' V1='4' name='DocumentType' incarnation='9'>
  <rootElem t='167' id='2' V167='21' V283='1' occurMaxTimes='1' minSize='-1' maxSize='-1' groupType='1' repHandlerStruct='' inheritsFrom='' namespaceIndex='1' V281='13' V1='4' name='DocumentType'>
    <structNode t='150' idref='1'/>
    <child t='167' id='3' V167='21' V283='1' occurMaxTimes='1' minSize='-1' maxSize='-1' dataType='2' repHandlerStruct='' visible='true' inheritsFrom='' namespaceIndex='1' V281='13' V1='4' name='Reference'>
      <structNode t='150' idref='1'/>
    </child>
    <child t='167' id='4' V167='21' V283='1' occurMaxTimes='1' minSize='-1' maxSize='-1' dataType='2' repHandlerStruct='' visible='true' inheritsFrom='' namespaceIndex='1' V281='13' V1='4' name='Name'>
      <structNode t='150' idref='1'/>
    </child>
    <child t='167' id='5' V167='21' V283='1' occurMaxTimes='1' minSize='-1' maxSize='-1' dataType='2' repHandlerStruct='' visible='true' inheritsFrom='' namespaceIndex='1' V281='13' V1='4' name='Type'>
      <structNode t='150' idref='1'/>
    </child>
    <child t='167' id='6' V167='21' V283='1' occurMaxTimes='1' minSize='-1' maxSize='-1' dataType='2' repHandlerStruct='' visible='true' inheritsFrom='' namespaceIndex='1' V281='13' V1='4' name='VersionNumber'>
      <structNode t='150' idref='1'/>
    </child>
    <child t='167' id='7' V167='21' V283='1' occurMaxTimes='1' minSize='-1' maxSize='-1' dataType='2' repHandlerStruct='' visible='true' inheritsFrom='' namespaceIndex='1' V281='13' V1='4' name='Comments'>
      <structNode t='150' idref='1'/>
    </child>
    <child t='167' id='8' V167='21' inheritsFromIncarnation='9' inheritsFromTimestamp='0x152ef5a90e1' inheritsInThisStruct='true' V283='1' occurMaxTimes='1' minSize='-1' maxSize='-1' inheritsFromCopyRule='20' groupType='1' repHandlerStruct='' visible='true' inheritsFrom='Structures/DocumentStorageServiceV2/Types/hsgdo/PropertiesType.xml' namespaceIndex='1' V281='13' V1='4' name='Properties'>
      <structNode t='150' idref='1'/>
      <savedDerivedCopy t='167' id='9' V167='21' needInheritInit='true' inheritsInThisStruct='true' V283='1' occurMaxTimes='1' minSize='-1' maxSize='-1' inheritsFromCopyRule='20' groupType='1' repHandlerStruct='' visible='true' inheritsFrom='Structures/DocumentStorageServiceV2/Types/hsgdo/PropertiesType.xml' namespaceIndex='1' V281='13' V1='4' name='Properties'>
      </savedDerivedCopy>
      <savedOrigCopyAtInheritsFrom t='167' id='10' V167='21' V283='1' occurMaxTimes='1' minSize='-1' maxSize='-1' groupType='1' repHandlerStruct='' inheritsFrom='' namespaceIndex='1' V281='13' V1='4' name='PropertiesType'>
      </savedOrigCopyAtInheritsFrom>
    </child>
  </rootElem>
  <defaultRep t='172' id='11' V172='6' autoFixNamespaceMismatch='true' V170='10' V692='1' unnamedElemsNamespace='1' V690='1' ignoreExcluded='true' fixInvalidCharacters='true' V1='4' name='XML'>
    <namespaceContainers t='220' ref='Namespace Containers/DocumentStorageServiceV2.xml'/>
  </defaultRep>
  <namespaceList t='161' id='12' V161='1' namespaceUri='___osdtDummy___' V1='4'>
  </namespaceList>
  <namespaceList t='161' id='13' V161='1' namespaceUri='http://www.homeserve.com/Global/Document/v1' namespacePrefix='hsgdo' V1='4'>
  </namespaceList>
  <child t='162' id='14' V1='4' name='Representations'>
    <child t='172' idref='11'/>
  </child>
  <child t='165' id='15' V1='4' name='Document Bindings'>
    <child t='166' id='16' V166='5' docType='1' V1='4' name='/hsgdo:DocumentType'>
      <elemNode t='167' idref='2'/>
    </child>
  </child>
</root>
