<?xml version="1.0" encoding="UTF-8"?>
<root t='190' id='1' V190='11' inStruct='Structures/R6.4/GMCRestRequest/Elements/GenerateDocumentResponse.xml' outStruct='Structures/R6.4/DocCompositionService/Elements/hsgdcs/GenerateDocumentResponse.xml' inputRep='172' outputRep='172' nextMap='' inputStructUserName='GenerateDocumentResponse' outputStructUserName='GenerateDocumentResponse' V1='4' name='DocCompositionResponseMap' incarnation='1781'>
  <inputMapElem t='200' id='2' V200='7' input='true' shown='5' structElemExists='true' V283='1' occurMinTimes='1' occurMaxTimes='1' minSize='-1' maxSize='-1' inheritsFromCopyRule='20' groupType='1' repHandlerStruct='' visible='true' inheritsFrom='Structures/R6.4/GMCRestRequest/Types/GenerateDocumentResponseType.xml' V281='13' V1='4' name='GenerateDocumentResponse'>
    <mapNode t='190' idref='1'/>
    <child t='200' id='3' V200='7' input='true' shown='5' structElemExists='true' V283='1' occurMinTimes='1' occurMaxTimes='1' minSize='-1' maxSize='-1' inheritsFromCopyRule='20' groupType='1' repHandlerStruct='' visible='true' inheritsFrom='Structures/R6.4/GMCRestRequest/Types/OutcomeType.xml' V281='13' V1='4' name='Outcome'>
      <mapNode t='190' idref='1'/>
      <child t='200' id='4' V200='7' input='true' shown='5' structElemExists='true' V283='1' occurMinTimes='1' occurMaxTimes='1' minSize='-1' maxSize='-1' dataType='12' repHandlerStruct='' visible='true' inheritsFrom='' V281='13' V1='4' name='ResultCode'>
        <mapNode t='190' idref='1'/>
      </child>
      <child t='200' id='5' V200='7' input='true' shown='5' structElemExists='true' V283='1' occurMinTimes='1' occurMaxTimes='1' minSize='-1' maxSize='-1' dataType='2' repHandlerStruct='' visible='true' inheritsFrom='' V281='13' V1='4' name='ResultDescription'>
        <mapNode t='190' idref='1'/>
      </child>
      <child t='200' id='6' V200='7' input='true' shown='5' structElemExists='true' V283='1' occurMinTimes='1' occurMaxTimes='1' minSize='-1' maxSize='-1' dataType='2' repHandlerStruct='' visible='true' inheritsFrom='' V281='13' V1='4' name='ResultStatus'>
        <mapNode t='190' idref='1'/>
      </child>
      <child t='200' id='7' V200='7' input='true' shown='5' structElemExists='true' V283='1' occurMaxTimes='-1' minSize='-1' maxSize='-1' inheritsFromCopyRule='20' groupType='1' repHandlerStruct='' visible='true' inheritsFrom='Structures/R6.4/GMCRestRequest/Types/ProcessOutcomeType.xml' V281='13' V1='4' name='ProcessOutcome'>
        <mapNode t='190' idref='1'/>
        <child t='200' id='8' V200='7' input='true' shown='5' structElemExists='true' V283='1' occurMinTimes='1' occurMaxTimes='1' minSize='-1' maxSize='-1' dataType='2' repHandlerStruct='' visible='true' inheritsFrom='' V281='13' V1='4' name='Code'>
          <mapNode t='190' idref='1'/>
        </child>
        <child t='200' id='9' V200='7' input='true' shown='5' structElemExists='true' V283='1' occurMinTimes='1' occurMaxTimes='1' minSize='-1' maxSize='-1' dataType='2' repHandlerStruct='' visible='true' inheritsFrom='' V281='13' V1='4' name='InteractionID'>
          <mapNode t='190' idref='1'/>
        </child>
        <child t='200' id='10' V200='7' input='true' shown='5' structElemExists='true' V283='1' occurMinTimes='1' occurMaxTimes='1' minSize='-1' maxSize='-1' dataType='2' repHandlerStruct='' visible='true' inheritsFrom='' V281='13' V1='4' name='Description'>
          <mapNode t='190' idref='1'/>
        </child>
        <child t='200' id='11' V200='7' input='true' shown='5' structElemExists='true' V283='1' occurMinTimes='1' occurMaxTimes='-1' minSize='-1' maxSize='-1' inheritsFromCopyRule='20' groupType='1' repHandlerStruct='' visible='true' inheritsFrom='Structures/R6.4/GMCRestRequest/Types/ServiceIntentType.xml' V281='13' V1='4' name='ServiceIntentList'>
          <mapNode t='190' idref='1'/>
          <child t='200' id='12' V200='7' input='true' shown='5' structElemExists='true' V283='1' occurMinTimes='1' occurMaxTimes='1' minSize='-1' maxSize='-1' dataType='2' repHandlerStruct='' visible='true' inheritsFrom='' V281='13' V1='4' name='CaseId'>
            <mapNode t='190' idref='1'/>
          </child>
        </child>
      </child>
    </child>
    <child t='200' id='13' V200='7' input='true' shown='5' structElemExists='true' V283='1' occurMinTimes='1' occurMaxTimes='1' minSize='-1' maxSize='-1' inheritsFromCopyRule='20' groupType='1' repHandlerStruct='' visible='true' inheritsFrom='Structures/R6.4/GMCRestRequest/Types/InstructionType.xml' V281='13' V1='4' name='Instruction'>
      <mapNode t='190' idref='1'/>
      <child t='200' id='14' V200='7' input='true' shown='5' structElemExists='true' V283='1' occurMinTimes='1' occurMaxTimes='1' minSize='-1' maxSize='-1' dataType='2' repHandlerStruct='' visible='true' inheritsFrom='' V281='13' V1='4' name='InstructionID'>
        <mapNode t='190' idref='1'/>
      </child>
      <child t='200' id='15' V200='7' input='true' shown='5' structElemExists='true' V283='1' occurMaxTimes='1' minSize='-1' maxSize='-1' dataType='2' repHandlerStruct='' visible='true' inheritsFrom='' V281='13' V1='4' name='ParentInstructionID'>
        <mapNode t='190' idref='1'/>
      </child>
      <child t='200' id='16' V200='7' input='true' shown='5' structElemExists='true' valueSetIndex='1' V283='1' occurMinTimes='1' occurMaxTimes='1' minSize='-1' maxSize='-1' inheritsFromCopyRule='20' dataType='2' repHandlerStruct='' visible='true' inheritsFrom='Structures/R6.4/GMCRestRequest/Types/InstructionTypeEnum.xml' V281='13' V1='4' name='InstructionType'>
        <mapNode t='190' idref='1'/>
      </child>
    </child>
    <child t='200' id='17' V200='7' input='true' shown='5' structElemExists='true' V283='1' occurMinTimes='1' occurMaxTimes='1' minSize='-1' maxSize='-1' inheritsFromCopyRule='20' groupType='1' repHandlerStruct='' visible='true' inheritsFrom='Structures/R6.4/GMCRestRequest/Types/CompositionResponseType.xml' V281='13' V1='4' name='CompositionResponse'>
      <mapNode t='190' idref='1'/>
      <child t='200' id='18' V200='7' input='true' shown='5' structElemExists='true' V283='1' occurMinTimes='1' occurMaxTimes='1' minSize='-1' maxSize='-1' inheritsFromCopyRule='20' groupType='1' repHandlerStruct='' visible='true' inheritsFrom='Structures/R6.4/GMCRestRequest/Types/CompositionJobOutputType.xml' V281='13' V1='4' name='CompositionJobOutput'>
        <mapNode t='190' idref='1'/>
        <child t='200' id='19' V200='7' input='true' shown='5' structElemExists='true' V283='1' occurMinTimes='1' occurMaxTimes='1' minSize='-1' maxSize='-1' dataType='2' repHandlerStruct='' visible='true' inheritsFrom='' V281='13' V1='4' name='JobId'>
          <mapNode t='190' idref='1'/>
        </child>
        <child t='200' id='20' V200='7' input='true' shown='5' structElemExists='true' V283='1' occurMinTimes='1' occurMaxTimes='1' minSize='-1' maxSize='-1' dataType='2' repHandlerStruct='' visible='true' inheritsFrom='' V281='13' V1='4' name='JobFileName'>
          <mapNode t='190' idref='1'/>
        </child>
        <child t='200' id='21' V200='7' input='true' shown='5' structElemExists='true' V283='1' occurMinTimes='1' occurMaxTimes='1' minSize='-1' maxSize='-1' inheritsFromCopyRule='20' groupType='1' repHandlerStruct='' visible='true' inheritsFrom='Structures/R6.4/GMCRestRequest/Types/CompositionJobType.xml' V281='13' V1='4' name='CompositionJob'>
          <mapNode t='190' idref='1'/>
          <child t='200' id='22' V200='7' input='true' shown='5' structElemExists='true' V283='1' occurMinTimes='1' occurMaxTimes='1' minSize='-1' maxSize='-1' dataType='2' repHandlerStruct='' visible='true' inheritsFrom='' V281='13' V1='4' name='Type'>
            <mapNode t='190' idref='1'/>
          </child>
          <child t='200' id='23' V200='7' input='true' shown='5' structElemExists='true' V283='1' occurMinTimes='1' occurMaxTimes='1' minSize='-1' maxSize='-1' dataType='12' repHandlerStruct='' visible='true' inheritsFrom='' V281='13' V1='4' name='SSID'>
            <mapNode t='190' idref='1'/>
          </child>
          <child t='200' id='24' V200='7' input='true' shown='5' structElemExists='true' V283='1' occurMinTimes='1' occurMaxTimes='1' minSize='-1' maxSize='-1' dataType='2' repHandlerStruct='' visible='true' inheritsFrom='' V281='13' V1='4' name='Format'>
            <mapNode t='190' idref='1'/>
          </child>
          <child t='200' id='25' V200='7' input='true' shown='5' structElemExists='true' V283='1' occurMinTimes='1' occurMaxTimes='1' minSize='-1' maxSize='-1' dataType='2' repHandlerStruct='' visible='true' inheritsFrom='' V281='13' V1='4' name='Template'>
            <mapNode t='190' idref='1'/>
          </child>
          <child t='200' id='26' V200='7' input='true' shown='5' structElemExists='true' V283='1' occurMaxTimes='1' minSize='-1' maxSize='-1' dataType='31' repHandlerStruct='' visible='true' inheritsFrom='' V281='13' V1='4' name='EffectiveDate'>
            <mapNode t='190' idref='1'/>
          </child>
          <child t='200' id='27' V200='7' input='true' shown='5' structElemExists='true' V283='1' occurMaxTimes='1' minSize='-1' maxSize='-1' dataType='2' repHandlerStruct='' visible='true' inheritsFrom='' V281='13' V1='4' name='ReasonForSending'>
            <mapNode t='190' idref='1'/>
          </child>
        </child>
      </child>
      <child t='200' id='28' V200='7' input='true' shown='5' structElemExists='true' V283='1' occurMinTimes='1' occurMaxTimes='1' minSize='-1' maxSize='-1' inheritsFromCopyRule='20' groupType='1' repHandlerStruct='' visible='true' inheritsFrom='Structures/R6.4/GMCRestRequest/Types/PropertiesType.xml' V281='13' V1='4' name='Properties'>
        <mapNode t='190' idref='1'/>
        <child t='200' id='29' V200='7' input='true' shown='5' structElemExists='true' V283='1' occurMaxTimes='-1' minSize='-1' maxSize='-1' inheritsFromCopyRule='20' groupType='1' repHandlerStruct='' visible='true' inheritsFrom='Structures/R6.4/GMCRestRequest/Types/NameValuePairType.xml' V281='13' V1='4' name='NameValuePair'>
          <mapNode t='190' idref='1'/>
          <child t='200' id='30' V200='7' input='true' shown='5' structElemExists='true' V283='1' occurMinTimes='1' occurMaxTimes='1' minSize='-1' maxSize='-1' dataType='2' repHandlerStruct='' visible='true' inheritsFrom='' V281='13' V1='4' name='Name'>
            <mapNode t='190' idref='1'/>
          </child>
          <child t='200' id='31' V200='7' input='true' shown='5' structElemExists='true' valueSetIndex='2' V283='1' occurMinTimes='1' occurMaxTimes='1' minSize='-1' maxSize='-1' inheritsFromCopyRule='20' dataType='2' repHandlerStruct='' visible='true' inheritsFrom='Structures/R6.4/GMCRestRequest/Types/ValueTypeEnum.xml' V281='13' V1='4' name='ValueType'>
            <mapNode t='190' idref='1'/>
          </child>
          <child t='200' id='32' V200='7' input='true' shown='5' structElemExists='true' V283='1' occurMinTimes='1' occurMaxTimes='1' minSize='-1' maxSize='-1' groupType='2' repHandlerStruct='' inheritsFrom='' V281='13' V1='4' name='Anonymous_choice'>
            <mapNode t='190' idref='1'/>
            <child t='200' id='33' V200='7' input='true' shown='5' structElemExists='true' V283='1' occurMaxTimes='1' minSize='-1' maxSize='-1' dataType='31' repHandlerStruct='' visible='true' inheritsFrom='' V281='13' V1='4' name='DateValue'>
              <mapNode t='190' idref='1'/>
            </child>
            <child t='200' id='34' V200='7' input='true' shown='5' structElemExists='true' V283='1' occurMaxTimes='1' minSize='-1' maxSize='-1' dataType='21' repHandlerStruct='' visible='true' inheritsFrom='' V281='13' V1='4' name='NumericValue'>
              <mapNode t='190' idref='1'/>
            </child>
            <child t='200' id='35' V200='7' input='true' shown='5' structElemExists='true' V283='1' occurMaxTimes='1' minSize='-1' maxSize='-1' dataType='12' repHandlerStruct='' visible='true' inheritsFrom='' V281='13' V1='4' name='IntegerValue'>
              <mapNode t='190' idref='1'/>
            </child>
            <child t='200' id='36' V200='7' input='true' shown='5' structElemExists='true' V283='1' occurMaxTimes='1' minSize='-1' maxSize='-1' dataType='2' repHandlerStruct='' visible='true' inheritsFrom='' V281='13' V1='4' name='StringValue'>
              <mapNode t='190' idref='1'/>
            </child>
            <child t='200' id='37' V200='7' input='true' shown='5' structElemExists='true' valueSetIndex='3' V283='1' occurMaxTimes='1' minSize='-1' maxSize='-1' dataType='1' repHandlerStruct='' visible='true' inheritsFrom='' V281='13' V1='4' name='BooleanValue'>
              <mapNode t='190' idref='1'/>
            </child>
            <child t='200' id='38' V200='7' input='true' shown='5' structElemExists='true' V283='1' occurMaxTimes='1' minSize='-1' maxSize='-1' dataType='2' repHandlerStruct='' visible='true' inheritsFrom='' V281='13' V1='4' name='BlobValue'>
              <mapNode t='190' idref='1'/>
            </child>
          </child>
        </child>
      </child>
      <child t='200' id='39' V200='7' input='true' shown='5' structElemExists='true' V283='1' occurMinTimes='1' occurMaxTimes='1' minSize='-1' maxSize='-1' inheritsFromCopyRule='20' groupType='1' repHandlerStruct='' visible='true' inheritsFrom='Structures/R6.4/GMCRestRequest/Types/ContentStreamType.xml' V281='13' V1='4' name='ContentStream'>
        <mapNode t='190' idref='1'/>
        <child t='200' id='40' V200='7' input='true' shown='5' structElemExists='true' V283='1' occurMinTimes='1' occurMaxTimes='1' minSize='-1' maxSize='-1' dataType='2' dataFormat='501' repHandlerStruct='' visible='true' inheritsFrom='' V281='13' V1='4' name='fileStream'>
          <mapNode t='190' idref='1'/>
        </child>
        <child t='200' id='41' V200='7' input='true' shown='5' structElemExists='true' V283='1' occurMinTimes='1' occurMaxTimes='1' minSize='-1' maxSize='-1' dataType='2' repHandlerStruct='' visible='true' inheritsFrom='' V281='13' V1='4' name='fileName'>
          <mapNode t='190' idref='1'/>
        </child>
        <child t='200' id='42' V200='7' input='true' shown='5' structElemExists='true' V283='1' occurMaxTimes='1' minSize='-1' maxSize='-1' dataType='12' repHandlerStruct='' visible='true' inheritsFrom='' V281='13' V1='4' name='fileLength'>
          <mapNode t='190' idref='1'/>
        </child>
        <child t='200' id='43' V200='7' input='true' shown='5' structElemExists='true' V283='1' occurMaxTimes='1' minSize='-1' maxSize='-1' dataType='2' repHandlerStruct='' visible='true' inheritsFrom='' V281='13' V1='4' name='mimeType'>
          <mapNode t='190' idref='1'/>
        </child>
      </child>
    </child>
  </inputMapElem>
  <outputMapElem t='200' id='44' V200='7' shown='5' structElemExists='true' V283='1' occurMinTimes='1' occurMaxTimes='1' minSize='-1' maxSize='-1' inheritsFromCopyRule='20' groupType='1' repHandlerStruct='' visible='true' inheritsFrom='Structures/R6.4/DocCompositionService/Types/hsgdcso/GenerateDocumentResponseType.xml' namespaceIndex='1' V281='13' modifiedFromParent_loop='true' V1='4' name='GenerateDocumentResponse'>
    <mapNode t='190' idref='1'/>
    <loop>SimpleLoop([autoAdded="true"],in$/GenerateDocumentResponse,{Filter},{Sort Keys},{Contexts})</loop>
    <child t='200' id='45' V200='7' shown='5' structElemExists='true' V283='1' occurMinTimes='1' occurMaxTimes='1' minSize='-1' maxSize='-1' inheritsFromCopyRule='20' groupType='1' repHandlerStruct='' visible='true' inheritsFrom='Structures/R6.4/DocCompositionService/Types/hsgco/OutcomeType.xml' namespaceIndex='2' V281='13' V1='4' name='Outcome'>
      <mapNode t='190' idref='1'/>
      <child t='200' id='46' V200='7' shown='5' structElemExists='true' V283='1' occurMinTimes='1' occurMaxTimes='1' minSize='-1' maxSize='-1' dataType='12' repHandlerStruct='' visible='true' inheritsFrom='' namespaceIndex='3' V281='13' modifiedFromParent_value='true' V1='4' name='ResultCode'>
        <mapNode t='190' idref='1'/>
        <value>in$/GenerateDocumentResponse/Outcome/ResultCode</value>
      </child>
      <child t='200' id='47' V200='7' shown='5' structElemExists='true' V283='1' occurMinTimes='1' occurMaxTimes='1' minSize='-1' maxSize='-1' dataType='2' repHandlerStruct='' visible='true' inheritsFrom='' namespaceIndex='3' V281='13' modifiedFromParent_value='true' V1='4' name='ResultDescription'>
        <mapNode t='190' idref='1'/>
        <value>in$/GenerateDocumentResponse/Outcome/ResultDescription</value>
      </child>
      <child t='200' id='48' V200='7' shown='5' structElemExists='true' V283='1' occurMinTimes='1' occurMaxTimes='1' minSize='-1' maxSize='-1' dataType='2' repHandlerStruct='' visible='true' inheritsFrom='' namespaceIndex='3' V281='13' modifiedFromParent_value='true' V1='4' name='ResultStatus'>
        <mapNode t='190' idref='1'/>
        <value>in$/GenerateDocumentResponse/Outcome/ResultStatus</value>
      </child>
      <child t='200' id='49' V200='7' shown='5' structElemExists='true' V283='1' occurMaxTimes='-1' minSize='-1' maxSize='-1' inheritsFromCopyRule='20' groupType='1' repHandlerStruct='' visible='true' inheritsFrom='Structures/R6.4/DocCompositionService/Types/hsgco/ProcessOutcomeType.xml' namespaceIndex='3' V281='13' modifiedFromParent_loop='true' V1='4' name='ProcessOutcome'>
        <mapNode t='190' idref='1'/>
        <loop>SimpleLoop(in$/GenerateDocumentResponse/Outcome/ProcessOutcome,{Filter},{Sort Keys},{Contexts})</loop>
        <child t='200' id='50' V200='7' shown='5' structElemExists='true' V283='1' occurMinTimes='1' occurMaxTimes='1' minSize='-1' maxSize='-1' dataType='2' repHandlerStruct='' visible='true' inheritsFrom='' namespaceIndex='3' V281='13' modifiedFromParent_value='true' V1='4' name='Code'>
          <mapNode t='190' idref='1'/>
          <value>in$/GenerateDocumentResponse/Outcome/ProcessOutcome/Code</value>
        </child>
        <child t='200' id='51' V200='7' shown='5' structElemExists='true' V283='1' occurMinTimes='1' occurMaxTimes='1' minSize='-1' maxSize='-1' dataType='2' repHandlerStruct='' visible='true' inheritsFrom='' namespaceIndex='3' V281='13' modifiedFromParent_value='true' V1='4' name='InteractionID'>
          <mapNode t='190' idref='1'/>
          <value>in$/GenerateDocumentResponse/Outcome/ProcessOutcome/InteractionID</value>
        </child>
        <child t='200' id='52' V200='7' shown='5' structElemExists='true' V283='1' occurMinTimes='1' occurMaxTimes='1' minSize='-1' maxSize='-1' dataType='2' repHandlerStruct='' visible='true' inheritsFrom='' namespaceIndex='3' V281='13' modifiedFromParent_value='true' V1='4' name='Description'>
          <mapNode t='190' idref='1'/>
          <value>in$/GenerateDocumentResponse/Outcome/ProcessOutcome/Description</value>
        </child>
        <child t='200' id='53' V200='7' shown='5' structElemExists='true' V283='1' occurMaxTimes='-1' minSize='-1' maxSize='-1' inheritsFromCopyRule='20' groupType='1' repHandlerStruct='' visible='true' inheritsFrom='Structures/R6.4/DocCompositionService/Types/hsgco/ServiceIntentType.xml' namespaceIndex='3' V281='13' modifiedFromParent_loop='true' V1='4' name='ServiceIntentList'>
          <mapNode t='190' idref='1'/>
          <loop>SimpleLoop(in$/GenerateDocumentResponse/Outcome/ProcessOutcome/ServiceIntentList,{Filter},{Sort Keys},{Contexts})</loop>
          <child t='200' id='54' V200='7' shown='5' structElemExists='true' V283='1' occurMinTimes='1' occurMaxTimes='1' minSize='-1' maxSize='-1' dataType='2' repHandlerStruct='' visible='true' inheritsFrom='' namespaceIndex='3' V281='13' modifiedFromParent_value='true' V1='4' name='CaseId'>
            <mapNode t='190' idref='1'/>
            <value>in$/GenerateDocumentResponse/Outcome/ProcessOutcome/ServiceIntentList/CaseId</value>
          </child>
        </child>
      </child>
    </child>
    <child t='200' id='55' V200='7' shown='5' structElemExists='true' V283='1' occurMinTimes='1' occurMaxTimes='1' minSize='-1' maxSize='-1' inheritsFromCopyRule='20' groupType='1' repHandlerStruct='' visible='true' inheritsFrom='Structures/R6.4/DocCompositionService/Types/Q1/InstructionType.xml' namespaceIndex='2' V281='13' V1='4' name='Instruction'>
      <mapNode t='190' idref='1'/>
      <child t='200' id='56' V200='7' shown='5' structElemExists='true' V283='1' occurMinTimes='1' occurMaxTimes='1' minSize='-1' maxSize='-1' dataType='2' repHandlerStruct='' visible='true' inheritsFrom='' namespaceIndex='4' V281='13' modifiedFromParent_value='true' V1='4' name='InstructionID'>
        <mapNode t='190' idref='1'/>
        <value>in$/GenerateDocumentResponse/Instruction/InstructionID</value>
      </child>
      <child t='200' id='57' V200='7' shown='5' structElemExists='true' V283='1' occurMaxTimes='1' minSize='-1' maxSize='-1' dataType='2' repHandlerStruct='' visible='true' inheritsFrom='' namespaceIndex='4' V281='13' modifiedFromParent_value='true' V1='4' name='ParentInstructionID'>
        <mapNode t='190' idref='1'/>
        <value>in$/GenerateDocumentResponse/Instruction/ParentInstructionID</value>
      </child>
      <child t='200' id='58' V200='7' shown='5' structElemExists='true' valueSetIndex='1' V283='1' occurMinTimes='1' occurMaxTimes='1' minSize='-1' maxSize='-1' inheritsFromCopyRule='20' dataType='2' repHandlerStruct='' visible='true' inheritsFrom='Structures/R6.4/DocCompositionService/Types/Q1/InstructionTypeEnum.xml' namespaceIndex='4' V281='13' modifiedFromParent_value='true' V1='4' name='InstructionType'>
        <mapNode t='190' idref='1'/>
        <value>MapValues(in$/GenerateDocumentResponse/Instruction/InstructionType,(ValueMapping(Constant([value="Store",dataType="2"],),Constant([value="Store",dataType="2"],)),ValueMapping(Constant([value="Print",dataType="2"],),Constant([value="Print",dataType="2"],)),ValueMapping(Constant([value="Email",dataType="2"],),Constant([value="Email",dataType="2"],)),ValueMapping(Constant([value="SMS",dataType="2"],),Constant([value="SMS",dataType="2"],)),ValueMapping(Constant([value="Reprint",dataType="2"],),Constant([value="Reprint",dataType="2"],))))</value>
      </child>
    </child>
    <child t='200' id='59' V200='7' shown='5' structElemExists='true' V283='1' occurMinTimes='1' occurMaxTimes='1' minSize='-1' maxSize='-1' inheritsFromCopyRule='20' groupType='1' repHandlerStruct='' visible='true' inheritsFrom='Structures/R6.4/DocCompositionService/Types/hsgdcot/CompositionResponseType.xml' namespaceIndex='2' V281='13' V1='4' name='CompositionResponse'>
      <mapNode t='190' idref='1'/>
      <child t='200' id='60' V200='7' shown='5' structElemExists='true' V283='1' occurMinTimes='1' occurMaxTimes='1' minSize='-1' maxSize='-1' inheritsFromCopyRule='20' groupType='1' repHandlerStruct='' visible='true' inheritsFrom='Structures/R6.4/DocCompositionService/Types/hsgdcot/CompositionJobOutputType.xml' namespaceIndex='5' V281='13' V1='4' name='CompositionJobOutput'>
        <mapNode t='190' idref='1'/>
        <child t='200' id='61' V200='7' shown='5' structElemExists='true' V283='1' occurMinTimes='1' occurMaxTimes='1' minSize='-1' maxSize='-1' dataType='2' repHandlerStruct='' visible='true' inheritsFrom='' namespaceIndex='5' V281='13' modifiedFromParent_value='true' V1='4' name='JobId'>
          <mapNode t='190' idref='1'/>
          <value>in$/GenerateDocumentResponse/CompositionResponse/CompositionJobOutput/JobId</value>
        </child>
        <child t='200' id='62' V200='7' shown='5' structElemExists='true' V283='1' occurMinTimes='1' occurMaxTimes='1' minSize='-1' maxSize='-1' dataType='2' repHandlerStruct='' visible='true' inheritsFrom='' namespaceIndex='5' V281='13' modifiedFromParent_value='true' V1='4' name='JobFileName'>
          <mapNode t='190' idref='1'/>
          <value>in$/GenerateDocumentResponse/CompositionResponse/CompositionJobOutput/JobFileName</value>
        </child>
        <child t='200' id='63' V200='7' shown='5' structElemExists='true' V283='1' occurMinTimes='1' occurMaxTimes='1' minSize='-1' maxSize='-1' inheritsFromCopyRule='20' groupType='1' repHandlerStruct='' visible='true' inheritsFrom='Structures/R6.4/DocCompositionService/Types/hsgdcot/CompositionJobType.xml' namespaceIndex='5' V281='13' V1='4' name='CompositionJob'>
          <mapNode t='190' idref='1'/>
          <child t='200' id='64' V200='7' shown='5' structElemExists='true' V283='1' occurMinTimes='1' occurMaxTimes='1' minSize='-1' maxSize='-1' dataType='2' repHandlerStruct='' visible='true' inheritsFrom='' namespaceIndex='5' V281='13' modifiedFromParent_value='true' V1='4' name='Type'>
            <mapNode t='190' idref='1'/>
            <value>in$/GenerateDocumentResponse/CompositionResponse/CompositionJobOutput/CompositionJob/Type</value>
          </child>
          <child t='200' id='65' V200='7' shown='5' structElemExists='true' V283='1' occurMinTimes='1' occurMaxTimes='1' minSize='-1' maxSize='-1' dataType='12' repHandlerStruct='' visible='true' inheritsFrom='' namespaceIndex='5' V281='13' modifiedFromParent_value='true' V1='4' name='SSID'>
            <mapNode t='190' idref='1'/>
            <value>in$/GenerateDocumentResponse/CompositionResponse/CompositionJobOutput/CompositionJob/SSID</value>
          </child>
          <child t='200' id='66' V200='7' shown='5' structElemExists='true' V283='1' occurMinTimes='1' occurMaxTimes='1' minSize='-1' maxSize='-1' dataType='2' repHandlerStruct='' visible='true' inheritsFrom='' namespaceIndex='5' V281='13' modifiedFromParent_value='true' V1='4' name='Format'>
            <mapNode t='190' idref='1'/>
            <value>in$/GenerateDocumentResponse/CompositionResponse/CompositionJobOutput/CompositionJob/Format</value>
          </child>
          <child t='200' id='67' V200='7' shown='5' structElemExists='true' V283='1' occurMinTimes='1' occurMaxTimes='1' minSize='-1' maxSize='-1' dataType='2' repHandlerStruct='' visible='true' inheritsFrom='' namespaceIndex='5' V281='13' modifiedFromParent_value='true' V1='4' name='Template'>
            <mapNode t='190' idref='1'/>
            <value>in$/GenerateDocumentResponse/CompositionResponse/CompositionJobOutput/CompositionJob/Template</value>
          </child>
          <child t='200' id='68' V200='7' shown='5' structElemExists='true' V283='1' occurMaxTimes='1' minSize='-1' maxSize='-1' dataType='31' repHandlerStruct='' visible='true' inheritsFrom='' namespaceIndex='5' V281='13' modifiedFromParent_value='true' V1='4' name='EffectiveDate'>
            <mapNode t='190' idref='1'/>
            <value>in$/GenerateDocumentResponse/CompositionResponse/CompositionJobOutput/CompositionJob/EffectiveDate</value>
          </child>
          <child t='200' id='69' V200='7' shown='5' structElemExists='true' V283='1' occurMaxTimes='1' minSize='-1' maxSize='-1' dataType='2' repHandlerStruct='' visible='true' inheritsFrom='' namespaceIndex='5' V281='13' modifiedFromParent_value='true' V1='4' name='ReasonForSending'>
            <mapNode t='190' idref='1'/>
            <value>in$/GenerateDocumentResponse/CompositionResponse/CompositionJobOutput/CompositionJob/ReasonForSending</value>
          </child>
        </child>
      </child>
      <child t='200' id='70' V200='7' shown='5' structElemExists='true' V283='1' occurMinTimes='1' occurMaxTimes='1' minSize='-1' maxSize='-1' inheritsFromCopyRule='20' groupType='1' repHandlerStruct='' visible='true' inheritsFrom='Structures/R6.4/DocCompositionService/Types/hsgdo/PropertiesType.xml' namespaceIndex='5' V281='13' V1='4' name='Properties'>
        <mapNode t='190' idref='1'/>
        <child t='200' id='71' V200='7' shown='5' structElemExists='true' V283='1' occurMaxTimes='-1' minSize='-1' maxSize='-1' inheritsFromCopyRule='20' groupType='1' repHandlerStruct='' visible='true' inheritsFrom='Structures/R6.4/DocCompositionService/Types/hsgcm/NameValuePairType.xml' namespaceIndex='6' V281='13' modifiedFromParent_loop='true' V1='4' name='NameValuePair'>
          <mapNode t='190' idref='1'/>
          <loop>SimpleLoop(in$/GenerateDocumentResponse/CompositionResponse/Properties/NameValuePair,{Filter},{Sort Keys},{Contexts})</loop>
          <child t='200' id='72' V200='7' shown='5' structElemExists='true' V283='1' occurMinTimes='1' occurMaxTimes='1' minSize='-1' maxSize='-1' dataType='2' repHandlerStruct='' visible='true' inheritsFrom='' namespaceIndex='7' V281='13' modifiedFromParent_value='true' V1='4' name='Name'>
            <mapNode t='190' idref='1'/>
            <value>in$/GenerateDocumentResponse/CompositionResponse/Properties/NameValuePair/Name</value>
          </child>
          <child t='200' id='73' V200='7' shown='5' structElemExists='true' valueSetIndex='2' V283='1' occurMinTimes='1' occurMaxTimes='1' minSize='-1' maxSize='-1' inheritsFromCopyRule='20' dataType='2' repHandlerStruct='' visible='true' inheritsFrom='Structures/R6.4/DocCompositionService/Types/hsgcm/ValueTypeEnum.xml' namespaceIndex='7' V281='13' modifiedFromParent_value='true' V1='4' name='ValueType'>
            <mapNode t='190' idref='1'/>
            <value>MapValues(in$/GenerateDocumentResponse/CompositionResponse/Properties/NameValuePair/ValueType,(ValueMapping(Constant([value="StringValue",dataType="2"],),Constant([value="StringValue",dataType="2"],)),ValueMapping(Constant([value="NumericValue",dataType="2"],),Constant([value="NumericValue",dataType="2"],)),ValueMapping(Constant([value="IntegerValue",dataType="2"],),Constant([value="IntegerValue",dataType="2"],)),ValueMapping(Constant([value="DateValue",dataType="2"],),Constant([value="DateValue",dataType="2"],)),ValueMapping(Constant([value="BooleanValue",dataType="2"],),Constant([value="BooleanValue",dataType="2"],)),ValueMapping(Constant([value="BlobValue",dataType="2"],),Constant([value="BlobValue",dataType="2"],))))</value>
          </child>
          <child t='200' id='74' V200='7' shown='5' structElemExists='true' V283='1' occurMinTimes='1' occurMaxTimes='1' minSize='-1' maxSize='-1' groupType='2' repHandlerStruct='' inheritsFrom='' V281='13' V1='4' name='Anonymous_choice'>
            <mapNode t='190' idref='1'/>
            <child t='200' id='75' V200='7' shown='5' structElemExists='true' V283='1' occurMaxTimes='1' minSize='-1' maxSize='-1' dataType='31' repHandlerStruct='' visible='true' inheritsFrom='' namespaceIndex='7' V281='13' modifiedFromParent_emit='true' modifiedFromParent_value='true' V1='4' name='DateValue'>
              <mapNode t='190' idref='1'/>
              <emit>IsPresent(in$/GenerateDocumentResponse/CompositionResponse/Properties/NameValuePair/Anonymous_choice/DateValue)</emit>
              <value>in$/GenerateDocumentResponse/CompositionResponse/Properties/NameValuePair/Anonymous_choice/DateValue</value>
            </child>
            <child t='200' id='76' V200='7' shown='5' structElemExists='true' V283='1' occurMaxTimes='1' minSize='-1' maxSize='-1' dataType='21' repHandlerStruct='' visible='true' inheritsFrom='' namespaceIndex='7' V281='13' modifiedFromParent_emit='true' modifiedFromParent_value='true' V1='4' name='NumericValue'>
              <mapNode t='190' idref='1'/>
              <emit>IsPresent(in$/GenerateDocumentResponse/CompositionResponse/Properties/NameValuePair/Anonymous_choice/NumericValue)</emit>
              <value>in$/GenerateDocumentResponse/CompositionResponse/Properties/NameValuePair/Anonymous_choice/NumericValue</value>
            </child>
            <child t='200' id='77' V200='7' shown='5' structElemExists='true' V283='1' occurMaxTimes='1' minSize='-1' maxSize='-1' dataType='12' repHandlerStruct='' visible='true' inheritsFrom='' namespaceIndex='7' V281='13' modifiedFromParent_emit='true' modifiedFromParent_value='true' V1='4' name='IntegerValue'>
              <mapNode t='190' idref='1'/>
              <emit>IsPresent(in$/GenerateDocumentResponse/CompositionResponse/Properties/NameValuePair/Anonymous_choice/IntegerValue)</emit>
              <value>in$/GenerateDocumentResponse/CompositionResponse/Properties/NameValuePair/Anonymous_choice/IntegerValue</value>
            </child>
            <child t='200' id='78' V200='7' shown='5' structElemExists='true' V283='1' occurMaxTimes='1' minSize='-1' maxSize='-1' dataType='2' repHandlerStruct='' visible='true' inheritsFrom='' namespaceIndex='7' V281='13' modifiedFromParent_emit='true' modifiedFromParent_value='true' V1='4' name='StringValue'>
              <mapNode t='190' idref='1'/>
              <emit>IsPresent(in$/GenerateDocumentResponse/CompositionResponse/Properties/NameValuePair/Anonymous_choice/StringValue)</emit>
              <value>in$/GenerateDocumentResponse/CompositionResponse/Properties/NameValuePair/Anonymous_choice/StringValue</value>
            </child>
            <child t='200' id='79' V200='7' shown='5' structElemExists='true' valueSetIndex='3' V283='1' occurMaxTimes='1' minSize='-1' maxSize='-1' dataType='1' repHandlerStruct='' visible='true' inheritsFrom='' namespaceIndex='7' V281='13' modifiedFromParent_emit='true' modifiedFromParent_value='true' V1='4' name='BooleanValue'>
              <mapNode t='190' idref='1'/>
              <emit>IsPresent(in$/GenerateDocumentResponse/CompositionResponse/Properties/NameValuePair/Anonymous_choice/BooleanValue)</emit>
              <value>MapValues(in$/GenerateDocumentResponse/CompositionResponse/Properties/NameValuePair/Anonymous_choice/BooleanValue,{Values})</value>
            </child>
            <child t='200' id='80' V200='7' shown='5' structElemExists='true' V283='1' occurMaxTimes='1' minSize='-1' maxSize='-1' dataType='2' repHandlerStruct='' visible='true' inheritsFrom='' namespaceIndex='7' V281='13' modifiedFromParent_emit='true' modifiedFromParent_value='true' V1='4' name='BlobValue'>
              <mapNode t='190' idref='1'/>
              <emit>IsPresent(in$/GenerateDocumentResponse/CompositionResponse/Properties/NameValuePair/Anonymous_choice/BlobValue)</emit>
              <value>in$/GenerateDocumentResponse/CompositionResponse/Properties/NameValuePair/Anonymous_choice/BlobValue</value>
            </child>
          </child>
        </child>
      </child>
      <child t='200' id='81' V200='7' shown='5' structElemExists='true' V283='1' occurMinTimes='1' occurMaxTimes='1' minSize='-1' maxSize='-1' inheritsFromCopyRule='20' groupType='1' repHandlerStruct='' visible='true' inheritsFrom='Structures/R6.4/DocCompositionService/Types/hsgdo/ContentStreamType.xml' namespaceIndex='5' V281='13' V1='4' name='ContentStream'>
        <mapNode t='190' idref='1'/>
        <child t='200' id='82' V200='7' shown='5' structElemExists='true' V283='1' occurMinTimes='1' occurMaxTimes='1' minSize='-1' maxSize='-1' dataType='2' dataFormat='501' repHandlerStruct='' visible='true' inheritsFrom='' namespaceIndex='6' V281='13' modifiedFromParent_value='true' V1='4' name='fileStream'>
          <mapNode t='190' idref='1'/>
          <value>in$/GenerateDocumentResponse/CompositionResponse/ContentStream/fileStream</value>
        </child>
        <child t='200' id='83' V200='7' shown='5' structElemExists='true' V283='1' occurMinTimes='1' occurMaxTimes='1' minSize='-1' maxSize='-1' dataType='2' repHandlerStruct='' visible='true' inheritsFrom='' namespaceIndex='6' V281='13' modifiedFromParent_value='true' V1='4' name='fileName'>
          <mapNode t='190' idref='1'/>
          <value>in$/GenerateDocumentResponse/CompositionResponse/ContentStream/fileName</value>
        </child>
        <child t='200' id='84' V200='7' shown='5' structElemExists='true' V283='1' occurMaxTimes='1' minSize='-1' maxSize='-1' dataType='12' repHandlerStruct='' visible='true' inheritsFrom='' namespaceIndex='6' V281='13' modifiedFromParent_value='true' V1='4' name='fileLength'>
          <mapNode t='190' idref='1'/>
          <value>in$/GenerateDocumentResponse/CompositionResponse/ContentStream/fileLength</value>
        </child>
        <child t='200' id='85' V200='7' shown='5' structElemExists='true' V283='1' occurMaxTimes='1' minSize='-1' maxSize='-1' dataType='2' repHandlerStruct='' visible='true' inheritsFrom='' namespaceIndex='6' V281='13' modifiedFromParent_value='true' V1='4' name='mimeType'>
          <mapNode t='190' idref='1'/>
          <value>in$/GenerateDocumentResponse/CompositionResponse/ContentStream/mimeType</value>
        </child>
      </child>
    </child>
  </outputMapElem>
  <outputNsList t='161' id='86' V161='1' namespaceUri='___osdtDummy___' V1='4'>
  </outputNsList>
  <outputNsList t='161' id='87' V161='1' namespaceUri='http://www.homeserve.com/Global/Document/Composition/DocCompositionService/v1' namespacePrefix='hsgdcs' V1='4'>
  </outputNsList>
  <outputNsList t='161' id='88' V161='1' namespaceUri='http://www.homeserve.com/Global/Document/Composition/DocCompositionServiceOperations/v1' namespacePrefix='hsgdcso' V1='4'>
  </outputNsList>
  <outputNsList t='161' id='89' V161='1' namespaceUri='http://www.homeserve.com/Global/Common/CommonService/v1' namespacePrefix='hsgco' V1='4'>
  </outputNsList>
  <outputNsList t='161' id='90' V161='1' namespaceUri='http://www.homeserve.com/Global/Document/Processing/DocProcessing/v1' namespacePrefix='Q1' V1='4'>
  </outputNsList>
  <outputNsList t='161' id='91' V161='1' namespaceUri='http://www.homeserve.com/Global/Document/Composition/DocComposition/v1' namespacePrefix='hsgdcot' V1='4'>
  </outputNsList>
  <outputNsList t='161' id='92' V161='1' namespaceUri='http://www.homeserve.com/Global/Document/v1' namespacePrefix='hsgdo' V1='4'>
  </outputNsList>
  <outputNsList t='161' id='93' V161='1' namespaceUri='http://www.homeserve.com/Global/Common/v1' namespacePrefix='hsgcm' V1='4'>
  </outputNsList>
  <inputRepRuntime t='692' id='94' V692='1' V690='1'>
    <namespaceContainers t='220' ref='Namespace Containers/R6.4_GMCRestRequest.xml'/>
  </inputRepRuntime>
  <outputRepRuntime t='692' id='95' V692='1' V690='1'>
    <namespaceContainers t='220' ref='Namespace Containers/R6.4_DocCompositionService.xml'/>
  </outputRepRuntime>
  <valueSets></valueSets>
  <valueSets>Store|Print|Email|SMS|Reprint</valueSets>
  <valueSets>StringValue|NumericValue|IntegerValue|DateValue|BooleanValue|BlobValue</valueSets>
  <valueSets>true|false</valueSets>
  <valueSetKeys>Structures/R6.4/GMCRestRequest/Types/ValueTypeEnum.xml</valueSetKeys>
  <valueSetKeys>2</valueSetKeys>
  <inputXmlRepRuntime t='692' idref='94'/>
  <outputXmlRepRuntime t='692' idref='95'/>
  <child t='165' id='96' V1='4' name='Document Bindings'>
    <child t='166' id='97' V166='5' docType='1' V1='4' name='in$/GenerateDocumentResponse'>
      <elemNode t='200' idref='2'/>
    </child>
    <child t='166' id='98' V166='5' docType='2' V1='4' name='out$/hsgdcs:GenerateDocumentResponse'>
      <elemNode t='200' idref='44'/>
    </child>
  </child>
  <child t='201' id='99' V1='4' name='Inherits From'>
  </child>
</root>
