<?xml version="1.0" encoding="UTF-8"?>
<root t='190' id='1' V190='11' inStruct='Structures/R6/DocStorage/DocStorageServiceV3/Elements/hsgdss/CreateDocumentResponse.xml' outStruct='Structures/R6/MCAServiceV2/MCAServiceV2_0.1/Elements/mca/ManageDocumentDetailsRequest.xml' inputRep='172' outputRep='172' nextMap='' inputStructUserName='CreateDocumentResponse' outputStructUserName='ManageDocumentDetailsRequest' V1='4' name='MDD_Request' incarnation='1335'>
  <inputMapElem t='200' id='2' V200='7' input='true' shown='5' structElemExists='true' V283='1' occurMinTimes='1' occurMaxTimes='1' minSize='-1' maxSize='-1' inheritsFromCopyRule='20' groupType='1' repHandlerStruct='' visible='true' inheritsFrom='Structures/R6/DocStorage/DocStorageServiceV3/Types/hsgdso/CreateDocumentResponseType.xml' namespaceIndex='1' V281='13' V1='4' name='CreateDocumentResponse'>
    <mapNode t='190' idref='1'/>
    <child t='200' id='3' V200='7' input='true' shown='5' structElemExists='true' V283='1' occurMinTimes='1' occurMaxTimes='1' minSize='-1' maxSize='-1' inheritsFromCopyRule='20' groupType='1' repHandlerStruct='' visible='true' inheritsFrom='Structures/R6/DocStorage/DocStorageServiceV3/Types/hsgco/OutcomeType.xml' namespaceIndex='2' V281='13' V1='4' name='Outcome'>
      <mapNode t='190' idref='1'/>
      <child t='200' id='4' V200='7' input='true' shown='5' structElemExists='true' V283='1' occurMinTimes='1' occurMaxTimes='1' minSize='-1' maxSize='-1' dataType='12' repHandlerStruct='' visible='true' inheritsFrom='' namespaceIndex='3' V281='13' V1='4' name='ResultCode'>
        <mapNode t='190' idref='1'/>
      </child>
      <child t='200' id='5' V200='7' input='true' shown='5' structElemExists='true' V283='1' occurMinTimes='1' occurMaxTimes='1' minSize='-1' maxSize='-1' dataType='2' repHandlerStruct='' visible='true' inheritsFrom='' namespaceIndex='3' V281='13' V1='4' name='ResultDescription'>
        <mapNode t='190' idref='1'/>
      </child>
      <child t='200' id='6' V200='7' input='true' shown='5' structElemExists='true' V283='1' occurMinTimes='1' occurMaxTimes='1' minSize='-1' maxSize='-1' dataType='2' repHandlerStruct='' visible='true' inheritsFrom='' namespaceIndex='3' V281='13' V1='4' name='ResultStatus'>
        <mapNode t='190' idref='1'/>
      </child>
      <child t='200' id='7' V200='7' input='true' shown='5' structElemExists='true' V283='1' occurMaxTimes='-1' minSize='-1' maxSize='-1' inheritsFromCopyRule='20' groupType='1' repHandlerStruct='' visible='true' inheritsFrom='Structures/R6/DocStorage/DocStorageServiceV3/Types/hsgco/ProcessOutcomeType.xml' namespaceIndex='3' V281='13' V1='4' name='ProcessOutcome'>
        <mapNode t='190' idref='1'/>
        <child t='200' id='8' V200='7' input='true' shown='5' structElemExists='true' V283='1' occurMinTimes='1' occurMaxTimes='1' minSize='-1' maxSize='-1' dataType='2' repHandlerStruct='' visible='true' inheritsFrom='' namespaceIndex='3' V281='13' V1='4' name='Code'>
          <mapNode t='190' idref='1'/>
        </child>
        <child t='200' id='9' V200='7' input='true' shown='5' structElemExists='true' V283='1' occurMinTimes='1' occurMaxTimes='1' minSize='-1' maxSize='-1' dataType='2' repHandlerStruct='' visible='true' inheritsFrom='' namespaceIndex='3' V281='13' V1='4' name='InteractionID'>
          <mapNode t='190' idref='1'/>
        </child>
        <child t='200' id='10' V200='7' input='true' shown='5' structElemExists='true' V283='1' occurMinTimes='1' occurMaxTimes='1' minSize='-1' maxSize='-1' dataType='2' repHandlerStruct='' visible='true' inheritsFrom='' namespaceIndex='3' V281='13' V1='4' name='Description'>
          <mapNode t='190' idref='1'/>
        </child>
        <child t='200' id='11' V200='7' input='true' shown='5' structElemExists='true' V283='1' occurMinTimes='1' occurMaxTimes='-1' minSize='-1' maxSize='-1' inheritsFromCopyRule='20' groupType='1' repHandlerStruct='' visible='true' inheritsFrom='Structures/R6/DocStorage/DocStorageServiceV3/Types/hsgco/ServiceIntentType.xml' namespaceIndex='3' V281='13' V1='4' name='ServiceIntentList'>
          <mapNode t='190' idref='1'/>
          <child t='200' id='12' V200='7' input='true' shown='5' structElemExists='true' V283='1' occurMinTimes='1' occurMaxTimes='1' minSize='-1' maxSize='-1' dataType='2' repHandlerStruct='' visible='true' inheritsFrom='' namespaceIndex='3' V281='13' V1='4' name='CaseId'>
            <mapNode t='190' idref='1'/>
          </child>
        </child>
      </child>
    </child>
    <child t='200' id='13' V200='7' input='true' shown='5' structElemExists='true' V283='1' occurMinTimes='1' occurMaxTimes='1' minSize='-1' maxSize='-1' inheritsFromCopyRule='20' groupType='1' repHandlerStruct='' visible='true' inheritsFrom='Structures/R6/DocStorage/DocStorageServiceV3/Types/hsgdo/DocumentType.xml' namespaceIndex='2' V281='13' V1='4' name='Document'>
      <mapNode t='190' idref='1'/>
      <child t='200' id='14' V200='7' input='true' shown='5' structElemExists='true' V283='1' occurMaxTimes='1' minSize='-1' maxSize='-1' dataType='2' repHandlerStruct='' visible='true' inheritsFrom='' namespaceIndex='4' V281='13' V1='4' name='AlfrescoUUID'>
        <mapNode t='190' idref='1'/>
      </child>
      <child t='200' id='15' V200='7' input='true' shown='5' structElemExists='true' V283='1' occurMaxTimes='1' minSize='-1' maxSize='-1' dataType='2' repHandlerStruct='' visible='true' inheritsFrom='' namespaceIndex='4' V281='13' V1='4' name='Name'>
        <mapNode t='190' idref='1'/>
      </child>
      <child t='200' id='16' V200='7' input='true' shown='5' structElemExists='true' V283='1' occurMaxTimes='1' minSize='-1' maxSize='-1' dataType='2' repHandlerStruct='' visible='true' inheritsFrom='' namespaceIndex='4' V281='13' V1='4' name='Type'>
        <mapNode t='190' idref='1'/>
      </child>
      <child t='200' id='17' V200='7' input='true' shown='5' structElemExists='true' V283='1' occurMaxTimes='1' minSize='-1' maxSize='-1' dataType='2' repHandlerStruct='' visible='true' inheritsFrom='' namespaceIndex='4' V281='13' V1='4' name='VersionNumber'>
        <mapNode t='190' idref='1'/>
      </child>
      <child t='200' id='18' V200='7' input='true' shown='5' structElemExists='true' V283='1' occurMaxTimes='1' minSize='-1' maxSize='-1' dataType='2' repHandlerStruct='' visible='true' inheritsFrom='' namespaceIndex='4' V281='13' V1='4' name='Comments'>
        <mapNode t='190' idref='1'/>
      </child>
      <child t='200' id='19' V200='7' input='true' shown='5' structElemExists='true' V283='1' occurMaxTimes='1' minSize='-1' maxSize='-1' inheritsFromCopyRule='20' groupType='1' repHandlerStruct='' visible='true' inheritsFrom='Structures/R6/DocStorage/DocStorageServiceV3/Types/hsgdo/PropertiesType.xml' namespaceIndex='4' V281='13' V1='4' name='Properties'>
        <mapNode t='190' idref='1'/>
        <child t='200' id='20' V200='7' input='true' shown='5' structElemExists='true' V283='1' occurMaxTimes='-1' minSize='-1' maxSize='-1' inheritsFromCopyRule='20' groupType='1' repHandlerStruct='' visible='true' inheritsFrom='Structures/R6/DocStorage/DocStorageServiceV3/Types/hsgcm/NameValuePairType.xml' namespaceIndex='4' V281='13' V1='4' name='NameValuePair'>
          <mapNode t='190' idref='1'/>
          <child t='200' id='21' V200='7' input='true' shown='5' structElemExists='true' V283='1' occurMinTimes='1' occurMaxTimes='1' minSize='-1' maxSize='-1' dataType='2' repHandlerStruct='' visible='true' inheritsFrom='' namespaceIndex='5' V281='13' V1='4' name='Name'>
            <mapNode t='190' idref='1'/>
          </child>
          <child t='200' id='22' V200='7' input='true' shown='5' structElemExists='true' valueSetIndex='1' V283='1' occurMinTimes='1' occurMaxTimes='1' minSize='-1' maxSize='-1' inheritsFromCopyRule='20' dataType='2' repHandlerStruct='' visible='true' inheritsFrom='Structures/R6/DocStorage/DocStorageServiceV3/Types/hsgcm/ValueTypeEnum.xml' namespaceIndex='5' V281='13' V1='4' name='ValueType'>
            <mapNode t='190' idref='1'/>
          </child>
          <child t='200' id='23' V200='7' input='true' shown='5' structElemExists='true' V283='1' occurMinTimes='1' occurMaxTimes='1' minSize='-1' maxSize='-1' groupType='2' repHandlerStruct='' inheritsFrom='' V281='13' V1='4' name='Anonymous_choice'>
            <mapNode t='190' idref='1'/>
            <child t='200' id='24' V200='7' input='true' shown='5' structElemExists='true' V283='1' occurMaxTimes='1' minSize='-1' maxSize='-1' dataType='31' repHandlerStruct='' visible='true' inheritsFrom='' namespaceIndex='5' V281='13' V1='4' name='DateValue'>
              <mapNode t='190' idref='1'/>
            </child>
            <child t='200' id='25' V200='7' input='true' shown='5' structElemExists='true' V283='1' occurMaxTimes='1' minSize='-1' maxSize='-1' dataType='21' repHandlerStruct='' visible='true' inheritsFrom='' namespaceIndex='5' V281='13' V1='4' name='NumericValue'>
              <mapNode t='190' idref='1'/>
            </child>
            <child t='200' id='26' V200='7' input='true' shown='5' structElemExists='true' V283='1' occurMaxTimes='1' minSize='-1' maxSize='-1' dataType='12' repHandlerStruct='' visible='true' inheritsFrom='' namespaceIndex='5' V281='13' V1='4' name='IntegerValue'>
              <mapNode t='190' idref='1'/>
            </child>
            <child t='200' id='27' V200='7' input='true' shown='5' structElemExists='true' V283='1' occurMaxTimes='1' minSize='-1' maxSize='-1' dataType='2' repHandlerStruct='' visible='true' inheritsFrom='' namespaceIndex='5' V281='13' V1='4' name='StringValue'>
              <mapNode t='190' idref='1'/>
            </child>
            <child t='200' id='28' V200='7' input='true' shown='5' structElemExists='true' valueSetIndex='2' V283='1' occurMaxTimes='1' minSize='-1' maxSize='-1' dataType='1' repHandlerStruct='' visible='true' inheritsFrom='' namespaceIndex='5' V281='13' V1='4' name='BooleanValue'>
              <mapNode t='190' idref='1'/>
            </child>
            <child t='200' id='29' V200='7' input='true' shown='5' structElemExists='true' V283='1' occurMaxTimes='1' minSize='-1' maxSize='-1' dataType='2' repHandlerStruct='' visible='true' inheritsFrom='' namespaceIndex='5' V281='13' V1='4' name='BlobValue'>
              <mapNode t='190' idref='1'/>
            </child>
          </child>
        </child>
      </child>
    </child>
  </inputMapElem>
  <outputMapElem t='200' id='30' V200='7' shown='5' differentFromInherited='true' structElemExists='true' V283='1' occurMinTimes='1' occurMaxTimes='1' minSize='-1' maxSize='-1' inheritsFromCopyRule='20' groupType='1' repHandlerStruct='' visible='true' inheritsFrom='Structures/R6/MCAServiceV2/MCAServiceV2_0.1/Types/xsd1/ManageDocumentDetailsRequestType.xml' namespaceIndex='1' V281='13' modifiedFromParent_loop='true' V1='4' name='ManageDocumentDetailsRequest'>
    <mapNode t='190' idref='1'/>
    <loop>SimpleLoop([autoAdded="true"],in$/hsgdss:CreateDocumentResponse,{Filter},{Sort Keys},{Contexts})</loop>
    <child t='200' id='31' V200='7' shown='5' structElemExists='true' V283='1' occurMinTimes='1' occurMaxTimes='1' minSize='-1' maxSize='5' inheritsFromCopyRule='20' dataType='2' repHandlerStruct='' visible='true' inheritsFrom='Structures/R6/MCAServiceV2/MCAServiceV2_0.1/Types/Q11/SourceSystemCodeType.xml' V281='13' modifiedFromParent_value='true' V1='4' name='SSID'>
      <mapNode t='190' idref='1'/>
      <value>Constant([value="6",dataType="2"],)</value>
    </child>
    <child t='200' id='32' V200='7' shown='5' differentFromInherited='true' structElemExists='true' V283='1' occurMinTimes='1' occurMaxTimes='1' minSize='-1' maxSize='-1' inheritsFromCopyRule='20' groupType='1' repHandlerStruct='' visible='true' inheritsFrom='Structures/R6/MCAServiceV2/MCAServiceV2_0.1/Types/Q1/AssociatedPartiesType.xml' V281='13' V1='4' name='AssociatedParties'>
      <mapNode t='190' idref='1'/>
      <child t='200' id='33' V200='7' shown='5' differentFromInherited='true' structElemExists='true' V283='1' occurMaxTimes='-1' minSize='-1' maxSize='-1' inheritsFromCopyRule='20' groupType='1' repHandlerStruct='' visible='true' inheritsFrom='Structures/R6/MCAServiceV2/MCAServiceV2_0.1/Types/Q1/AssociatedPartyType.xml' namespaceIndex='2' V281='13' V1='4' name='AssociatedParty'>
        <mapNode t='190' idref='1'/>
        <child t='200' id='34' V200='7' shown='5' differentFromInherited='true' structElemExists='true' V283='1' occurMinTimes='1' occurMaxTimes='1' minSize='-1' maxSize='-1' inheritsFromCopyRule='20' groupType='1' repHandlerStruct='' inheritsFrom='Structures/R6/MCAServiceV2/MCAServiceV2_0.1/Groups/Q1/AssociatedPartyGroup.xml' namespaceIndex='2' V281='13' V1='4' name='AssociatedPartyGroup'>
          <mapNode t='190' idref='1'/>
          <child t='200' id='35' V200='7' shown='5' differentFromInherited='true' structElemExists='true' V283='1' occurMaxTimes='1' minSize='-1' maxSize='12' inheritsFromCopyRule='20' dataType='2' repHandlerStruct='' visible='true' inheritsFrom='Structures/R6/MCAServiceV2/MCAServiceV2_0.1/Types/Q1/SourceCustomerIDType.xml' namespaceIndex='2' V281='13' V1='4' name='SourceCustomerID'>
            <mapNode t='190' idref='1'/>
          </child>
        </child>
      </child>
    </child>
    <child t='200' id='36' V200='7' shown='5' structElemExists='true' V283='1' occurMaxTimes='1' minSize='-1' maxSize='12' inheritsFromCopyRule='20' dataType='2' repHandlerStruct='' visible='true' inheritsFrom='Structures/R6/MCAServiceV2/MCAServiceV2_0.1/Types/Q11/CustomerAccountNumberType.xml' V281='13' V1='4' name='CustomerAccountNumber'>
      <mapNode t='190' idref='1'/>
    </child>
    <child t='200' id='37' V200='7' shown='5' structElemExists='true' V283='1' occurMinTimes='1' occurMaxTimes='1' minSize='-1' maxSize='-1' inheritsFromCopyRule='20' groupType='1' repHandlerStruct='' visible='true' inheritsFrom='Structures/R6/MCAServiceV2/MCAServiceV2_0.1/Types/Q1/ManageDocument.xml' V281='13' V1='4' name='DocumentDetails'>
      <mapNode t='190' idref='1'/>
      <child t='200' id='38' V200='7' shown='5' structElemExists='true' V283='1' occurMinTimes='1' occurMaxTimes='1' minSize='-1' maxSize='-1' inheritsFromCopyRule='20' groupType='1' repHandlerStruct='' inheritsFrom='Structures/R6/MCAServiceV2/MCAServiceV2_0.1/Groups/Q1/ManageDocumentGroup.xml' namespaceIndex='2' V281='13' V1='4' name='ManageDocumentGroup'>
        <mapNode t='190' idref='1'/>
        <child t='200' id='39' V200='7' shown='5' structElemExists='true' V283='1' occurMinTimes='1' occurMaxTimes='1' minSize='-1' maxSize='-1' inheritsFromCopyRule='20' groupType='1' repHandlerStruct='' inheritsFrom='Structures/R6/MCAServiceV2/MCAServiceV2_0.1/Groups/Q1/DocumentGroup.xml' namespaceIndex='2' V281='13' V1='4' name='DocumentGroup' checksumValid='true' checksum='D03QC9weJ5ZofG2OnFser20Ed14='>
          <mapNode t='190' idref='1'/>
          <child t='200' id='40' V200='7' shown='5' structElemExists='true' V283='1' occurMinTimes='1' occurMaxTimes='1' minSize='-1' maxSize='15' inheritsFromCopyRule='20' dataType='2' repHandlerStruct='' visible='true' inheritsFrom='Structures/R6/MCAServiceV2/MCAServiceV2_0.1/Types/Q11/DocumentIDType.xml' namespaceIndex='2' V281='13' modifiedFromParent_value='true' V1='4' name='DocumentID'>
            <mapNode t='190' idref='1'/>
            <value>in$/hsgdss:CreateDocumentResponse/hsgdso:Document/hsgdo:AlfrescoUUID</value>
          </child>
          <child t='200' id='41' V200='7' shown='5' structElemExists='true' V283='1' occurMinTimes='1' occurMaxTimes='1' minSize='-1' maxSize='12' inheritsFromCopyRule='20' dataType='2' repHandlerStruct='' visible='true' inheritsFrom='Structures/R6/MCAServiceV2/MCAServiceV2_0.1/Types/Q11/DocumentTypeType.xml' namespaceIndex='2' V281='13' modifiedFromParent_value='true' V1='4' name='DocumentType'>
            <mapNode t='190' idref='1'/>
            <value>in$/hsgdss:CreateDocumentResponse/hsgdso:Document/hsgdo:Type</value>
          </child>
          <child t='200' id='42' V200='7' shown='5' structElemExists='true' V283='1' occurMinTimes='1' occurMaxTimes='1' minSize='-1' maxSize='-1' inheritsFromCopyRule='20' dataType='2' repHandlerStruct='' visible='true' inheritsFrom='Structures/R6/MCAServiceV2/MCAServiceV2_0.1/Types/Q21/DocumentFormatType.xml' namespaceIndex='2' V281='13' modifiedFromParent_value='true' V1='4' name='DocumentFormat'>
            <mapNode t='190' idref='1'/>
            <value>Constant([value="PDF",dataType="2"],)</value>
          </child>
          <child t='200' id='43' V200='7' shown='5' structElemExists='true' V283='1' occurMaxTimes='1' minSize='-1' maxSize='-1' inheritsFromCopyRule='20' dataType='2' repHandlerStruct='' visible='true' inheritsFrom='Structures/R6/MCAServiceV2/MCAServiceV2_0.1/Types/Q21/DocumentNameType.xml' namespaceIndex='2' V281='13' modifiedFromParent_value='true' V1='4' name='DocumentName'>
            <mapNode t='190' idref='1'/>
            <value>in$/hsgdss:CreateDocumentResponse/hsgdso:Document/hsgdo:Name</value>
          </child>
          <child t='200' id='44' V200='7' shown='5' structElemExists='true' V283='1' occurMaxTimes='1' minSize='-1' maxSize='-1' inheritsFromCopyRule='20' dataType='2' repHandlerStruct='' visible='true' inheritsFrom='Structures/R6/MCAServiceV2/MCAServiceV2_0.1/Types/Q21/PageNoType.xml' namespaceIndex='2' V281='13' V1='4' name='PageNo'>
            <mapNode t='190' idref='1'/>
          </child>
          <child t='200' id='45' V200='7' shown='5' structElemExists='true' V283='1' occurMaxTimes='1' minSize='-1' maxSize='-1' inheritsFromCopyRule='20' dataType='2' repHandlerStruct='' visible='true' inheritsFrom='Structures/R6/MCAServiceV2/MCAServiceV2_0.1/Types/Q21/DocumentCreatedDateType.xml' namespaceIndex='2' V281='13' modifiedFromParent_value='true' V1='4' name='DocumentCreatedDate'>
            <mapNode t='190' idref='1'/>
            <value>AgConcat(in$/hsgdss:CreateDocumentResponse/hsgdso:Document/hsgdo:Properties/hsgdo:NameValuePair/Anonymous_choice/hsgcm:DateValue(SimpleLoop(in$/hsgdss:CreateDocumentResponse/hsgdso:Document/hsgdo:Properties/hsgdo:NameValuePair,Equal(in$/hsgdss:CreateDocumentResponse/hsgdso:Document/hsgdo:Properties/hsgdo:NameValuePair/hsgcm:Name,Constant([value="cm:created",dataType="2"],)),{Sort Keys},{Contexts})))</value>
          </child>
          <child t='200' id='46' V200='7' shown='5' structElemExists='true' V283='1' occurMaxTimes='1' minSize='-1' maxSize='-1' inheritsFromCopyRule='20' dataType='2' repHandlerStruct='' visible='true' inheritsFrom='Structures/R6/MCAServiceV2/MCAServiceV2_0.1/Types/Q21/DocumentUpdatedDateType.xml' namespaceIndex='2' V281='13' modifiedFromParent_value='true' V1='4' name='DocumentUpdatedDate'>
            <mapNode t='190' idref='1'/>
            <value>AgConcat(in$/hsgdss:CreateDocumentResponse/hsgdso:Document/hsgdo:Properties/hsgdo:NameValuePair/Anonymous_choice/hsgcm:DateValue(SimpleLoop(in$/hsgdss:CreateDocumentResponse/hsgdso:Document/hsgdo:Properties/hsgdo:NameValuePair,Equal(in$/hsgdss:CreateDocumentResponse/hsgdso:Document/hsgdo:Properties/hsgdo:NameValuePair/hsgcm:Name,Constant([value="cm:modified",dataType="2"],)),{Sort Keys},{Contexts})))</value>
          </child>
          <child t='200' id='47' V200='7' shown='5' structElemExists='true' V283='1' occurMaxTimes='1' minSize='-1' maxSize='-1' inheritsFromCopyRule='20' dataType='2' repHandlerStruct='' visible='true' inheritsFrom='Structures/R6/MCAServiceV2/MCAServiceV2_0.1/Types/Q21/BatchNoType.xml' namespaceIndex='2' V281='13' modifiedFromParent_value='true' V1='4' name='BatchNo'>
            <mapNode t='190' idref='1'/>
            <value>AgConcat(in$/hsgdss:CreateDocumentResponse/hsgdso:Document/hsgdo:Properties/hsgdo:NameValuePair/Anonymous_choice/hsgcm:DateValue(SimpleLoop(in$/hsgdss:CreateDocumentResponse/hsgdso:Document/hsgdo:Properties/hsgdo:NameValuePair,Equal(in$/hsgdss:CreateDocumentResponse/hsgdso:Document/hsgdo:Properties/hsgdo:NameValuePair/hsgcm:Name,Constant([value="hs:readsoftBatchNumber",dataType="2"],)),{Sort Keys},{Contexts})))</value>
          </child>
          <child t='200' id='48' V200='7' shown='5' structElemExists='true' V283='1' occurMaxTimes='1' minSize='-1' maxSize='-1' inheritsFromCopyRule='20' dataType='2' repHandlerStruct='' visible='true' inheritsFrom='Structures/R6/MCAServiceV2/MCAServiceV2_0.1/Types/Q21/BatchAppIndexType.xml' namespaceIndex='2' V281='13' modifiedFromParent_value='true' V1='4' name='BatchAppIndex'>
            <mapNode t='190' idref='1'/>
            <value>AgConcat(in$/hsgdss:CreateDocumentResponse/hsgdso:Document/hsgdo:Properties/hsgdo:NameValuePair/Anonymous_choice/hsgcm:DateValue(SimpleLoop(in$/hsgdss:CreateDocumentResponse/hsgdso:Document/hsgdo:Properties/hsgdo:NameValuePair,Equal(in$/hsgdss:CreateDocumentResponse/hsgdso:Document/hsgdo:Properties/hsgdo:NameValuePair/hsgcm:Name,Constant([value="hs:readsoftBatchAppIndex",dataType="2"],)),{Sort Keys},{Contexts})))</value>
          </child>
          <child t='200' id='49' V200='7' shown='5' structElemExists='true' V283='1' occurMaxTimes='1' minSize='-1' maxSize='-1' inheritsFromCopyRule='20' dataType='2' repHandlerStruct='' visible='true' inheritsFrom='Structures/R6/MCAServiceV2/MCAServiceV2_0.1/Types/Q21/PriorityIndicatorType.xml' namespaceIndex='2' V281='13' modifiedFromParent_value='true' V1='4' name='PriorityIndicator'>
            <mapNode t='190' idref='1'/>
            <value>AgConcat(in$/hsgdss:CreateDocumentResponse/hsgdso:Document/hsgdo:Properties/hsgdo:NameValuePair/Anonymous_choice/hsgcm:DateValue(SimpleLoop(in$/hsgdss:CreateDocumentResponse/hsgdso:Document/hsgdo:Properties/hsgdo:NameValuePair,Equal(in$/hsgdss:CreateDocumentResponse/hsgdso:Document/hsgdo:Properties/hsgdo:NameValuePair/hsgcm:Name,Constant([value="hs:priority",dataType="2"],)),{Sort Keys},{Contexts})))</value>
          </child>
          <child t='200' id='50' V200='7' shown='5' structElemExists='true' V283='1' occurMaxTimes='1' minSize='-1' maxSize='-1' inheritsFromCopyRule='20' dataType='2' repHandlerStruct='' visible='true' inheritsFrom='Structures/R6/MCAServiceV2/MCAServiceV2_0.1/Types/Q21/InstructionIDType.xml' namespaceIndex='2' V281='13' modifiedFromParent_value='true' V1='4' name='InstructionID'>
            <mapNode t='190' idref='1'/>
          </child>
          <child t='200' id='51' V200='7' shown='5' structElemExists='true' V283='1' occurMaxTimes='1' minSize='-1' maxSize='-1' inheritsFromCopyRule='20' dataType='2' repHandlerStruct='' visible='true' inheritsFrom='Structures/R6/MCAServiceV2/MCAServiceV2_0.1/Types/Q21/Inbound_OutboundType.xml' namespaceIndex='2' V281='13' modifiedFromParent_value='true' V1='4' name='Inbound_Outbound'>
            <mapNode t='190' idref='1'/>
            <value>Constant([value="O",dataType="2"],)</value>
          </child>
          <child t='200' id='52' V200='7' shown='5' structElemExists='true' V283='1' occurMaxTimes='1' minSize='-1' maxSize='12' inheritsFromCopyRule='20' dataType='2' repHandlerStruct='' visible='true' inheritsFrom='Structures/R6/MCAServiceV2/MCAServiceV2_0.1/Types/Q11/ContractIdType.xml' namespaceIndex='2' V281='13' modifiedFromParent_value='true' V1='4' name='ContractID'>
            <mapNode t='190' idref='1'/>
            <value>AgConcat(in$/hsgdss:CreateDocumentResponse/hsgdso:Document/hsgdo:Properties/hsgdo:NameValuePair/Anonymous_choice/hsgcm:DateValue(SimpleLoop(in$/hsgdss:CreateDocumentResponse/hsgdso:Document/hsgdo:Properties/hsgdo:NameValuePair,Equal(in$/hsgdss:CreateDocumentResponse/hsgdso:Document/hsgdo:Properties/hsgdo:NameValuePair/hsgcm:Name,Constant([value="hs:contractPolicyReference",dataType="2"],)),{Sort Keys},{Contexts})))</value>
          </child>
          <child t='200' id='53' V200='7' shown='5' structElemExists='true' V283='1' occurMaxTimes='1' minSize='-1' maxSize='12' inheritsFromCopyRule='20' dataType='2' repHandlerStruct='' visible='true' inheritsFrom='Structures/R6/MCAServiceV2/MCAServiceV2_0.1/Types/Q11/ContractMajorVersionType.xml' namespaceIndex='2' V281='13' modifiedFromParent_value='true' V1='4' name='ContractMajorVersion'>
            <mapNode t='190' idref='1'/>
            <value>Constant([value="1",dataType="2"],)</value>
          </child>
          <child t='200' id='54' V200='7' shown='5' structElemExists='true' V283='1' occurMaxTimes='1' minSize='-1' maxSize='12' inheritsFromCopyRule='20' dataType='2' repHandlerStruct='' visible='true' inheritsFrom='Structures/R6/MCAServiceV2/MCAServiceV2_0.1/Types/Q11/ContractMinorVersionType.xml' namespaceIndex='2' V281='13' modifiedFromParent_value='true' V1='4' name='ContractMinorVersion'>
            <mapNode t='190' idref='1'/>
            <value>Constant([value="1",dataType="2"],)</value>
          </child>
          <child t='200' id='55' V200='7' shown='5' structElemExists='true' V283='1' occurMinTimes='1' occurMaxTimes='1' minSize='-1' maxSize='12' inheritsFromCopyRule='20' dataType='2' repHandlerStruct='' visible='true' inheritsFrom='Structures/R6/MCAServiceV2/MCAServiceV2_0.1/Types/Q11/DocumentStatusType.xml' namespaceIndex='2' V281='13' modifiedFromParent_value='true' V1='4' name='DocumentStatus'>
            <mapNode t='190' idref='1'/>
            <value>Constant([value="Active",dataType="2"],)</value>
          </child>
        </child>
        <child t='200' id='56' V200='7' shown='5' structElemExists='true' V283='1' occurMinTimes='1' occurMaxTimes='1' minSize='-1' maxSize='10' inheritsFromCopyRule='20' dataType='2' repHandlerStruct='' visible='true' inheritsFrom='Structures/R6/MCAServiceV2/MCAServiceV2_0.1/Types/Q1/OperationTypeType.xml' namespaceIndex='2' V281='13' modifiedFromParent_value='true' V1='4' name='Operation'>
          <mapNode t='190' idref='1'/>
          <value>Constant([value="Update",dataType="2"],)</value>
        </child>
      </child>
    </child>
  </outputMapElem>
  <inputNsList t='161' id='57' V161='1' namespaceUri='___osdtDummy___' V1='4'>
  </inputNsList>
  <inputNsList t='161' id='58' V161='1' namespaceUri='http://www.homeserve.com/Global/Document/Storage/DocStorageService/v1' namespacePrefix='hsgdss' V1='4'>
  </inputNsList>
  <inputNsList t='161' id='59' V161='1' namespaceUri='http://www.homeserve.com/Global/Document/Storage/DocStorageServiceOperations/v1' namespacePrefix='hsgdso' V1='4'>
  </inputNsList>
  <inputNsList t='161' id='60' V161='1' namespaceUri='http://www.homeserve.com/Global/Common/CommonService/v1' namespacePrefix='hsgco' V1='4'>
  </inputNsList>
  <inputNsList t='161' id='61' V161='1' namespaceUri='http://www.homeserve.com/Global/Document/v1' namespacePrefix='hsgdo' V1='4'>
  </inputNsList>
  <inputNsList t='161' id='62' V161='1' namespaceUri='http://www.homeserve.com/Global/Common/v1' namespacePrefix='hsgcm' V1='4'>
  </inputNsList>
  <outputNsList t='161' id='63' V161='1' namespaceUri='___osdtDummy___' V1='4'>
  </outputNsList>
  <outputNsList t='161' id='64' V161='1' namespaceUri='http://www.homeserve.com/Europe/GB/Customer/MDM/ManageCustomerAccountService/v1' namespacePrefix='mca' V1='4'>
  </outputNsList>
  <outputNsList t='161' id='65' V161='1' namespaceUri='http://www.homeserve.com/Europe/GB/Customer/MDM/ObjectTypes/v3' namespacePrefix='Q1' V1='4'>
  </outputNsList>
  <inputRepRuntime t='692' id='66' V692='1' V690='1'>
    <namespaceContainers t='220' ref='Namespace Containers/R6_DocStorage_DocStorageServiceV3.xml'/>
  </inputRepRuntime>
  <outputRepRuntime t='692' id='67' V692='1' V690='1'>
    <namespaceContainers t='220' ref='Namespace Containers/R6_MCAServiceV2_MCAServiceV2_0.1.xml'/>
  </outputRepRuntime>
  <valueSets></valueSets>
  <valueSets>StringValue|NumericValue|IntegerValue|DateValue|BooleanValue|BlobValue</valueSets>
  <valueSets>true|false</valueSets>
  <valueSetKeys>Structures/R6/DocStorage/DocStorageServiceV3/Types/hsgcm/ValueTypeEnum.xml</valueSetKeys>
  <valueSetKeys>1</valueSetKeys>
  <inputXmlRepRuntime t='692' idref='66'/>
  <outputXmlRepRuntime t='692' idref='67'/>
  <child t='165' id='68' V1='4' name='Document Bindings'>
    <child t='166' id='69' V166='5' docType='1' V1='4' name='in$/hsgdss:CreateDocumentResponse'>
      <elemNode t='200' idref='2'/>
    </child>
    <child t='166' id='70' V166='5' docType='2' V1='4' name='out$/mca:ManageDocumentDetailsRequest'>
      <elemNode t='200' idref='30'/>
    </child>
  </child>
  <child t='201' id='71' V1='4' name='Inherits From'>
  </child>
</root>
