<?xml version="1.0" encoding="UTF-8"?>
<root t='150' id='1' V150='13' creationTimestamp='0x1602b89614e' V1='4' name='ContractType' incarnation='17'>
  <rootElem t='167' id='2' V167='21' V283='1' occurMaxTimes='1' minSize='-1' maxSize='-1' groupType='1' repHandlerStruct='' inheritsFrom='' namespaceIndex='1' V281='13' V1='4' name='ContractType'>
    <structNode t='150' idref='1'/>
    <child t='167' id='3' V167='21' V283='1' occurMinTimes='1' occurMaxTimes='1' minSize='-1' maxSize='-1' dataType='2' repHandlerStruct='' visible='true' inheritsFrom='' namespaceIndex='1' V281='13' V1='4' name='ContractID'>
      <structNode t='150' idref='1'/>
    </child>
    <child t='167' id='4' V167='21' V283='1' occurMinTimes='1' occurMaxTimes='1' minSize='-1' maxSize='-1' dataType='12' repHandlerStruct='' visible='true' inheritsFrom='' namespaceIndex='1' V281='13' V1='4' name='MajorVersion'>
      <structNode t='150' idref='1'/>
    </child>
    <child t='167' id='5' V167='21' V283='1' occurMinTimes='1' occurMaxTimes='1' minSize='-1' maxSize='-1' dataType='12' repHandlerStruct='' visible='true' inheritsFrom='' namespaceIndex='1' V281='13' V1='4' name='MinorVersion'>
      <structNode t='150' idref='1'/>
    </child>
    <child t='167' id='6' V167='21' V283='1' occurMinTimes='1' occurMaxTimes='1' minSize='-1' maxSize='-1' dataType='31' repHandlerStruct='' visible='true' inheritsFrom='' namespaceIndex='1' V281='13' V1='4' name='StartDate'>
      <structNode t='150' idref='1'/>
    </child>
    <child t='167' id='7' V167='21' V283='1' occurMaxTimes='1' minSize='-1' maxSize='-1' dataType='31' repHandlerStruct='' visible='true' inheritsFrom='' namespaceIndex='1' V281='13' V1='4' name='EndDate'>
      <structNode t='150' idref='1'/>
    </child>
    <child t='167' id='8' V167='21' V283='1' occurMinTimes='1' occurMaxTimes='1' minSize='-1' maxSize='-1' dataType='22' repHandlerStruct='' visible='true' inheritsFrom='' namespaceIndex='1' V281='13' V1='4' name='TotalContractCharge'>
      <structNode t='150' idref='1'/>
    </child>
    <child t='167' id='9' V167='21' V283='1' occurMaxTimes='1' minSize='-1' maxSize='-1' dataType='22' repHandlerStruct='' visible='true' inheritsFrom='' namespaceIndex='1' V281='13' V1='4' name='QuarterlyContractCharge'>
      <structNode t='150' idref='1'/>
    </child>
    <child t='167' id='10' V167='21' V283='1' occurMaxTimes='1' minSize='-1' maxSize='-1' dataType='22' repHandlerStruct='' visible='true' inheritsFrom='' namespaceIndex='1' V281='13' V1='4' name='MonthlyContractCharge'>
      <structNode t='150' idref='1'/>
    </child>
    <child t='167' id='11' V167='21' V283='1' occurMinTimes='1' occurMaxTimes='1' minSize='-1' maxSize='-1' dataType='22' repHandlerStruct='' visible='true' inheritsFrom='' namespaceIndex='1' V281='13' V1='4' name='TotalAmountPaid'>
      <structNode t='150' idref='1'/>
    </child>
    <child t='167' id='12' V167='21' V283='1' occurMinTimes='1' occurMaxTimes='1' minSize='-1' maxSize='-1' dataType='22' repHandlerStruct='' visible='true' inheritsFrom='' namespaceIndex='1' V281='13' V1='4' name='TotalAmountOutstanding'>
      <structNode t='150' idref='1'/>
    </child>
    <child t='167' id='13' V167='21' V283='1' occurMaxTimes='1' minSize='-1' maxSize='-1' dataType='22' repHandlerStruct='' visible='true' inheritsFrom='' namespaceIndex='1' V281='13' V1='4' name='ChargeForDuration'>
      <structNode t='150' idref='1'/>
    </child>
    <child t='167' id='14' V167='21' V283='1' occurMinTimes='1' occurMaxTimes='1' minSize='-1' maxSize='-1' dataType='2' repHandlerStruct='' visible='true' inheritsFrom='' namespaceIndex='1' V281='13' V1='4' name='Status'>
      <structNode t='150' idref='1'/>
    </child>
    <child t='167' id='15' V167='21' V283='1' occurMinTimes='1' occurMaxTimes='1' minSize='-1' maxSize='-1' dataType='31' repHandlerStruct='' visible='true' inheritsFrom='' namespaceIndex='1' V281='13' V1='4' name='EffectiveDate'>
      <structNode t='150' idref='1'/>
    </child>
    <child t='167' id='16' V167='21' V283='1' occurMaxTimes='1' minSize='-1' maxSize='-1' dataType='31' repHandlerStruct='' visible='true' inheritsFrom='' namespaceIndex='1' V281='13' V1='4' name='ExpiryDate'>
      <structNode t='150' idref='1'/>
    </child>
    <child t='167' id='17' V167='21' inheritsFromIncarnation='10' inheritsFromTimestamp='0x1602b89613f' inheritsInThisStruct='true' V283='1' occurMaxTimes='1' minSize='-1' maxSize='-1' inheritsFromCopyRule='20' groupType='1' repHandlerStruct='' visible='true' inheritsFrom='Structures/R6.4.1/CompositeDataBlock_27Oct/Types/hsegdbc/BreakdownType.xml' namespaceIndex='1' V281='13' V1='4' name='PricesBreakdown'>
      <structNode t='150' idref='1'/>
      <savedDerivedCopy t='167' id='18' V167='21' needInheritInit='true' inheritsInThisStruct='true' V283='1' occurMaxTimes='1' minSize='-1' maxSize='-1' inheritsFromCopyRule='20' groupType='1' repHandlerStruct='' visible='true' inheritsFrom='Structures/R6.4.1/CompositeDataBlock_27Oct/Types/hsegdbc/BreakdownType.xml' namespaceIndex='1' V281='13' V1='4' name='PricesBreakdown'>
      </savedDerivedCopy>
      <savedOrigCopyAtInheritsFrom t='167' id='19' V167='21' V283='1' occurMaxTimes='1' minSize='-1' maxSize='-1' groupType='1' repHandlerStruct='' inheritsFrom='' namespaceIndex='1' V281='13' V1='4' name='BreakdownType'>
      </savedOrigCopyAtInheritsFrom>
    </child>
    <child t='167' id='20' V167='21' V283='1' occurMaxTimes='1' minSize='-1' maxSize='-1' dataType='1' repHandlerStruct='' visible='true' inheritsFrom='' namespaceIndex='1' V281='13' V1='4' name='GuardianCorrelationID'>
      <structNode t='150' idref='1'/>
      <child t='167' id='21' V167='21' V283='1' occurMaxTimes='1' minSize='-1' maxSize='-1' dataType='2' elemType='5' repHandlerStruct='' visible='true' inheritsFrom='' V281='13' V1='4' name='true'>
        <structNode t='150' idref='1'/>
      </child>
      <child t='167' id='22' V167='21' V283='1' occurMaxTimes='1' minSize='-1' maxSize='-1' dataType='2' elemType='5' repHandlerStruct='' visible='true' inheritsFrom='' V281='13' V1='4' name='false'>
        <structNode t='150' idref='1'/>
      </child>
    </child>
    <child t='167' id='23' V167='21' V283='1' occurMinTimes='1' occurMaxTimes='1' minSize='-1' maxSize='-1' dataType='31' repHandlerStruct='' visible='true' inheritsFrom='' namespaceIndex='1' V281='13' V1='4' name='CoolingOffDate'>
      <structNode t='150' idref='1'/>
    </child>
    <child t='167' id='24' V167='21' V283='1' occurMaxTimes='1' minSize='-1' maxSize='-1' dataType='1' repHandlerStruct='' visible='true' inheritsFrom='' namespaceIndex='1' V281='13' V1='4' name='ServiceUsed'>
      <structNode t='150' idref='1'/>
      <child t='167' id='25' V167='21' V283='1' occurMaxTimes='1' minSize='-1' maxSize='-1' dataType='2' elemType='5' repHandlerStruct='' visible='true' inheritsFrom='' V281='13' V1='4' name='true'>
        <structNode t='150' idref='1'/>
      </child>
      <child t='167' id='26' V167='21' V283='1' occurMaxTimes='1' minSize='-1' maxSize='-1' dataType='2' elemType='5' repHandlerStruct='' visible='true' inheritsFrom='' V281='13' V1='4' name='false'>
        <structNode t='150' idref='1'/>
      </child>
    </child>
    <child t='167' id='27' V167='21' V283='1' occurMaxTimes='1' minSize='-1' maxSize='-1' dataType='1' repHandlerStruct='' visible='true' inheritsFrom='' namespaceIndex='1' V281='13' V1='4' name='ServiceIndicator'>
      <structNode t='150' idref='1'/>
      <child t='167' id='28' V167='21' V283='1' occurMaxTimes='1' minSize='-1' maxSize='-1' dataType='2' elemType='5' repHandlerStruct='' visible='true' inheritsFrom='' V281='13' V1='4' name='true'>
        <structNode t='150' idref='1'/>
      </child>
      <child t='167' id='29' V167='21' V283='1' occurMaxTimes='1' minSize='-1' maxSize='-1' dataType='2' elemType='5' repHandlerStruct='' visible='true' inheritsFrom='' V281='13' V1='4' name='false'>
        <structNode t='150' idref='1'/>
      </child>
    </child>
    <child t='167' id='30' V167='21' inheritsFromIncarnation='8' inheritsFromTimestamp='0x1602b89617d' inheritsInThisStruct='true' V283='1' occurMinTimes='1' occurMaxTimes='1' minSize='-1' maxSize='-1' inheritsFromCopyRule='20' dataType='2' repHandlerStruct='' visible='true' inheritsFrom='Structures/R6.4.1/CompositeDataBlock_27Oct/Types/hsegdbc/RenewalOptionEnum.xml' namespaceIndex='1' V281='13' V1='4' name='RenewalOption'>
      <structNode t='150' idref='1'/>
      <savedDerivedCopy t='167' id='31' V167='21' needInheritInit='true' inheritsInThisStruct='true' V283='1' occurMinTimes='1' occurMaxTimes='1' minSize='-1' maxSize='-1' inheritsFromCopyRule='20' dataType='2' repHandlerStruct='' visible='true' inheritsFrom='Structures/R6.4.1/CompositeDataBlock_27Oct/Types/hsegdbc/RenewalOptionEnum.xml' namespaceIndex='1' V281='13' V1='4' name='RenewalOption'>
      </savedDerivedCopy>
      <savedOrigCopyAtInheritsFrom t='167' id='32' V167='21' V283='1' occurMaxTimes='1' minSize='-1' maxSize='-1' dataType='2' repHandlerStruct='' inheritsFrom='' namespaceIndex='1' V281='13' V1='4' name='RenewalOptionEnum'>
      </savedOrigCopyAtInheritsFrom>
    </child>
    <child t='167' id='33' V167='21' V283='1' occurMinTimes='1' occurMaxTimes='1' minSize='-1' maxSize='-1' dataType='30' repHandlerStruct='' visible='true' inheritsFrom='' namespaceIndex='1' V281='13' V1='4' name='LastUpdated'>
      <structNode t='150' idref='1'/>
    </child>
    <child t='167' id='34' V167='21' V283='1' occurMaxTimes='1' minSize='-1' maxSize='-1' dataType='31' repHandlerStruct='' visible='true' inheritsFrom='' namespaceIndex='1' V281='13' V1='4' name='CancellationDate'>
      <structNode t='150' idref='1'/>
    </child>
    <child t='167' id='35' V167='21' V283='1' occurMaxTimes='1' minSize='-1' maxSize='-1' dataType='31' repHandlerStruct='' visible='true' inheritsFrom='' namespaceIndex='1' V281='13' V1='4' name='ProcessCancellationDate'>
      <structNode t='150' idref='1'/>
    </child>
    <child t='167' id='36' V167='21' V283='1' occurMaxTimes='1' minSize='-1' maxSize='-1' dataType='31' repHandlerStruct='' visible='true' inheritsFrom='' namespaceIndex='1' V281='13' V1='4' name='LastSuspensionDate'>
      <structNode t='150' idref='1'/>
    </child>
    <child t='167' id='37' V167='21' inheritsFromIncarnation='8' inheritsFromTimestamp='0x1602b89614e' inheritsInThisStruct='true' V283='1' occurMaxTimes='-1' minSize='-1' maxSize='-1' inheritsFromCopyRule='20' groupType='1' repHandlerStruct='' visible='true' inheritsFrom='Structures/R6.4.1/CompositeDataBlock_27Oct/Types/hsegdbc/DocumentDetailsType.xml' namespaceIndex='1' V281='13' V1='4' name='DocumentDetails' checksumValid='true' checksum='ngi59kd4wR71U88QtYX8s0ASV+E='>
      <structNode t='150' idref='1'/>
      <savedDerivedCopy t='167' id='38' V167='21' needInheritInit='true' inheritsInThisStruct='true' V283='1' occurMaxTimes='-1' minSize='-1' maxSize='-1' inheritsFromCopyRule='20' groupType='1' repHandlerStruct='' visible='true' inheritsFrom='Structures/R6.4.1/CompositeDataBlock_27Oct/Types/hsegdbc/DocumentDetailsType.xml' namespaceIndex='1' V281='13' V1='4' name='DocumentDetails'>
      </savedDerivedCopy>
      <savedOrigCopyAtInheritsFrom t='167' id='39' V167='21' V283='1' occurMaxTimes='1' minSize='-1' maxSize='-1' groupType='1' repHandlerStruct='' inheritsFrom='' namespaceIndex='1' V281='13' V1='4' name='DocumentDetailsType'>
      </savedOrigCopyAtInheritsFrom>
    </child>
    <child t='167' id='40' V167='21' inheritsFromIncarnation='9' inheritsFromTimestamp='0x1602b89614e' inheritsInThisStruct='true' V283='1' occurMinTimes='1' occurMaxTimes='1' minSize='-1' maxSize='-1' inheritsFromCopyRule='20' groupType='1' repHandlerStruct='' visible='true' inheritsFrom='Structures/R6.4.1/CompositeDataBlock_27Oct/Types/hsegdbc/OrderLinesType.xml' namespaceIndex='1' V281='13' V1='4' name='OrderLines'>
      <structNode t='150' idref='1'/>
      <savedDerivedCopy t='167' id='41' V167='21' needInheritInit='true' inheritsInThisStruct='true' V283='1' occurMinTimes='1' occurMaxTimes='1' minSize='-1' maxSize='-1' inheritsFromCopyRule='20' groupType='1' repHandlerStruct='' visible='true' inheritsFrom='Structures/R6.4.1/CompositeDataBlock_27Oct/Types/hsegdbc/OrderLinesType.xml' namespaceIndex='1' V281='13' V1='4' name='OrderLines'>
      </savedDerivedCopy>
      <savedOrigCopyAtInheritsFrom t='167' id='42' V167='21' V283='1' occurMaxTimes='1' minSize='-1' maxSize='-1' groupType='1' repHandlerStruct='' inheritsFrom='' namespaceIndex='1' V281='13' V1='4' name='OrderLinesType'>
      </savedOrigCopyAtInheritsFrom>
    </child>
    <child t='167' id='43' V167='21' inheritsFromIncarnation='9' inheritsFromTimestamp='0x1602b89614e' inheritsInThisStruct='true' V283='1' occurMinTimes='1' occurMaxTimes='1' minSize='-1' maxSize='-1' inheritsFromCopyRule='20' groupType='1' repHandlerStruct='' visible='true' inheritsFrom='Structures/R6.4.1/CompositeDataBlock_27Oct/Types/hsegdbc/CustomersType.xml' namespaceIndex='1' V281='13' V1='4' name='Customers'>
      <structNode t='150' idref='1'/>
      <savedDerivedCopy t='167' id='44' V167='21' needInheritInit='true' inheritsInThisStruct='true' V283='1' occurMinTimes='1' occurMaxTimes='1' minSize='-1' maxSize='-1' inheritsFromCopyRule='20' groupType='1' repHandlerStruct='' visible='true' inheritsFrom='Structures/R6.4.1/CompositeDataBlock_27Oct/Types/hsegdbc/CustomersType.xml' namespaceIndex='1' V281='13' V1='4' name='Customers'>
      </savedDerivedCopy>
      <savedOrigCopyAtInheritsFrom t='167' id='45' V167='21' V283='1' occurMaxTimes='1' minSize='-1' maxSize='-1' groupType='1' repHandlerStruct='' inheritsFrom='' namespaceIndex='1' V281='13' V1='4' name='CustomersType'>
      </savedOrigCopyAtInheritsFrom>
    </child>
    <child t='167' id='46' V167='21' inheritsFromIncarnation='9' inheritsFromTimestamp='0x1602b89613f' inheritsInThisStruct='true' V283='1' occurMaxTimes='1' minSize='-1' maxSize='-1' inheritsFromCopyRule='20' groupType='1' repHandlerStruct='' visible='true' inheritsFrom='Structures/R6.4.1/CompositeDataBlock_27Oct/Types/hsegdbc/AssetsType.xml' namespaceIndex='1' V281='13' V1='4' name='Assets'>
      <structNode t='150' idref='1'/>
      <savedDerivedCopy t='167' id='47' V167='21' needInheritInit='true' inheritsInThisStruct='true' V283='1' occurMaxTimes='1' minSize='-1' maxSize='-1' inheritsFromCopyRule='20' groupType='1' repHandlerStruct='' visible='true' inheritsFrom='Structures/R6.4.1/CompositeDataBlock_27Oct/Types/hsegdbc/AssetsType.xml' namespaceIndex='1' V281='13' V1='4' name='Assets'>
      </savedDerivedCopy>
      <savedOrigCopyAtInheritsFrom t='167' id='48' V167='21' V283='1' occurMaxTimes='1' minSize='-1' maxSize='-1' groupType='1' repHandlerStruct='' inheritsFrom='' namespaceIndex='1' V281='13' V1='4' name='AssetsType'>
      </savedOrigCopyAtInheritsFrom>
    </child>
    <child t='167' id='49' V167='21' inheritsFromIncarnation='9' inheritsFromTimestamp='0x1602b89617d' inheritsInThisStruct='true' V283='1' occurMinTimes='1' occurMaxTimes='1' minSize='-1' maxSize='-1' inheritsFromCopyRule='20' groupType='1' repHandlerStruct='' visible='true' inheritsFrom='Structures/R6.4.1/CompositeDataBlock_27Oct/Types/hsegdbc/PartnersType.xml' namespaceIndex='1' V281='13' V1='4' name='Partners'>
      <structNode t='150' idref='1'/>
      <savedDerivedCopy t='167' id='50' V167='21' needInheritInit='true' inheritsInThisStruct='true' V283='1' occurMinTimes='1' occurMaxTimes='1' minSize='-1' maxSize='-1' inheritsFromCopyRule='20' groupType='1' repHandlerStruct='' visible='true' inheritsFrom='Structures/R6.4.1/CompositeDataBlock_27Oct/Types/hsegdbc/PartnersType.xml' namespaceIndex='1' V281='13' V1='4' name='Partners'>
      </savedDerivedCopy>
      <savedOrigCopyAtInheritsFrom t='167' id='51' V167='21' V283='1' occurMaxTimes='1' minSize='-1' maxSize='-1' groupType='1' repHandlerStruct='' inheritsFrom='' namespaceIndex='1' V281='13' V1='4' name='PartnersType'>
      </savedOrigCopyAtInheritsFrom>
    </child>
    <child t='167' id='52' V167='21' inheritsFromIncarnation='10' inheritsFromTimestamp='0x1602b89613f' inheritsInThisStruct='true' V283='1' occurMaxTimes='1' minSize='-1' maxSize='-1' inheritsFromCopyRule='20' groupType='1' repHandlerStruct='' visible='true' inheritsFrom='Structures/R6.4.1/CompositeDataBlock_27Oct/Types/hsegdbc/AddressType.xml' namespaceIndex='1' V281='13' V1='4' name='ServiceAddress' checksumValid='true' checksum='21fyB0myrc72fLod+OW+Yee4eCQ='>
      <structNode t='150' idref='1'/>
      <savedDerivedCopy t='167' id='53' V167='21' needInheritInit='true' inheritsInThisStruct='true' V283='1' occurMaxTimes='1' minSize='-1' maxSize='-1' inheritsFromCopyRule='20' groupType='1' repHandlerStruct='' visible='true' inheritsFrom='Structures/R6.4.1/CompositeDataBlock_27Oct/Types/hsegdbc/AddressType.xml' namespaceIndex='1' V281='13' V1='4' name='ServiceAddress'>
      </savedDerivedCopy>
      <savedOrigCopyAtInheritsFrom t='167' id='54' V167='21' V283='1' occurMaxTimes='1' minSize='-1' maxSize='-1' groupType='1' repHandlerStruct='' inheritsFrom='' namespaceIndex='1' V281='13' V1='4' name='AddressType'>
      </savedOrigCopyAtInheritsFrom>
    </child>
    <child t='167' id='55' V167='21' inheritsFromIncarnation='9' inheritsFromTimestamp='0x1602b89614e' inheritsInThisStruct='true' V283='1' occurMaxTimes='1' minSize='-1' maxSize='-1' inheritsFromCopyRule='20' groupType='1' repHandlerStruct='' visible='true' inheritsFrom='Structures/R6.4.1/CompositeDataBlock_27Oct/Types/hsegdbc/NextPaymentInstructionType.xml' namespaceIndex='1' V281='13' V1='4' name='NextPaymentInstruction'>
      <structNode t='150' idref='1'/>
      <savedDerivedCopy t='167' id='56' V167='21' needInheritInit='true' inheritsInThisStruct='true' V283='1' occurMaxTimes='1' minSize='-1' maxSize='-1' inheritsFromCopyRule='20' groupType='1' repHandlerStruct='' visible='true' inheritsFrom='Structures/R6.4.1/CompositeDataBlock_27Oct/Types/hsegdbc/NextPaymentInstructionType.xml' namespaceIndex='1' V281='13' V1='4' name='NextPaymentInstruction'>
      </savedDerivedCopy>
      <savedOrigCopyAtInheritsFrom t='167' id='57' V167='21' V283='1' occurMaxTimes='1' minSize='-1' maxSize='-1' groupType='1' repHandlerStruct='' inheritsFrom='' namespaceIndex='1' V281='13' V1='4' name='NextPaymentInstructionType'>
      </savedOrigCopyAtInheritsFrom>
    </child>
    <child t='167' id='58' V167='21' V283='1' occurMaxTimes='1' minSize='-1' maxSize='-1' dataType='2' repHandlerStruct='' visible='true' inheritsFrom='' namespaceIndex='1' V281='13' V1='4' name='SpinePricePlanID'>
      <structNode t='150' idref='1'/>
    </child>
    <child t='167' id='59' V167='21' V283='1' occurMaxTimes='1' minSize='-1' maxSize='-1' dataType='31' repHandlerStruct='' visible='true' inheritsFrom='' namespaceIndex='1' V281='13' V1='4' name='VintageEffectiveDate'>
      <structNode t='150' idref='1'/>
    </child>
    <child t='167' id='60' V167='21' V283='1' occurMaxTimes='1' minSize='-1' maxSize='-1' dataType='31' repHandlerStruct='' visible='true' inheritsFrom='' namespaceIndex='1' V281='13' V1='4' name='VintageExpiryDate'>
      <structNode t='150' idref='1'/>
    </child>
    <child t='167' id='61' V167='21' inheritsFromIncarnation='10' inheritsFromTimestamp='0x1602b89614e' inheritsInThisStruct='true' V283='1' occurMaxTimes='1' minSize='-1' maxSize='-1' inheritsFromCopyRule='20' groupType='1' repHandlerStruct='' visible='true' inheritsFrom='Structures/R6.4.1/CompositeDataBlock_27Oct/Types/hsegdbc/LastYearInformationType.xml' namespaceIndex='1' V281='13' V1='4' name='LastYearInformation' checksumValid='true' checksum='9iQIp+qE0Bb/eFzf2/mVH17RuKE='>
      <structNode t='150' idref='1'/>
      <savedDerivedCopy t='167' id='62' V167='21' needInheritInit='true' inheritsInThisStruct='true' V283='1' occurMaxTimes='1' minSize='-1' maxSize='-1' inheritsFromCopyRule='20' groupType='1' repHandlerStruct='' visible='true' inheritsFrom='Structures/R6.4.1/CompositeDataBlock_27Oct/Types/hsegdbc/LastYearInformationType.xml' namespaceIndex='1' V281='13' V1='4' name='LastYearInformation'>
      </savedDerivedCopy>
      <savedOrigCopyAtInheritsFrom t='167' id='63' V167='21' V283='1' occurMaxTimes='1' minSize='-1' maxSize='-1' groupType='1' repHandlerStruct='' inheritsFrom='' namespaceIndex='1' V281='13' V1='4' name='LastYearInformationType'>
      </savedOrigCopyAtInheritsFrom>
    </child>
  </rootElem>
  <defaultRep t='172' id='64' V172='6' autoFixNamespaceMismatch='true' V170='10' V692='1' unnamedElemsNamespace='1' V690='1' ignoreExcluded='true' fixInvalidCharacters='true' V1='4' name='XML'>
    <namespaceContainers t='220' ref='Namespace Containers/R6.4.1_CompositeDataBlock_27Oct.xml'/>
  </defaultRep>
  <namespaceList t='161' id='65' V161='1' namespaceUri='___osdtDummy___' V1='4'>
  </namespaceList>
  <namespaceList t='161' id='66' V161='1' namespaceUri='http://www.homeserve.com/Europe/GB/Document/BuildingBlocks/v2/CompositeDatablock' namespacePrefix='hsegdbc' V1='4'>
  </namespaceList>
  <child t='162' id='67' V1='4' name='Representations'>
    <child t='172' idref='64'/>
  </child>
  <child t='165' id='68' V1='4' name='Document Bindings'>
    <child t='166' id='69' V166='5' docType='1' V1='4' name='/hsegdbc:ContractType'>
      <elemNode t='167' idref='2'/>
    </child>
  </child>
</root>
