<?xml version="1.0" encoding="UTF-8"?>
<root t='150' id='1' V150='13' creationTimestamp='0x1592b388180' V1='4' name='getPolicyFromIdentFault' incarnation='9'>
  <rootElem t='167' id='2' V167='21' inheritsFromIncarnation='8' inheritsFromTimestamp='0x1592b388079' inheritsInThisStruct='true' V283='1' occurMinTimes='1' occurMaxTimes='1' minSize='-1' maxSize='-1' inheritsFromCopyRule='20' groupType='1' repHandlerStruct='' visible='true' inheritsFrom='Structures/ClaimsAdapter/17Dec2015/NewClaimsAdapter_V2/Types/hsgco/FaultType.xml' namespaceIndex='1' V281='13' V1='4' name='getPolicyFromIdentFault'>
    <structNode t='150' idref='1'/>
    <savedDerivedCopy t='167' id='3' V167='21' needInheritInit='true' inheritsInThisStruct='true' V283='1' occurMinTimes='1' occurMaxTimes='1' minSize='-1' maxSize='-1' inheritsFromCopyRule='20' groupType='1' repHandlerStruct='' visible='true' inheritsFrom='Structures/ClaimsAdapter/17Dec2015/NewClaimsAdapter_V2/Types/hsgco/FaultType.xml' namespaceIndex='1' V281='13' V1='4' name='getPolicyFromIdentFault'>
    </savedDerivedCopy>
    <savedOrigCopyAtInheritsFrom t='167' id='4' V167='21' V283='1' occurMaxTimes='1' minSize='-1' maxSize='-1' groupType='1' repHandlerStruct='' inheritsFrom='' namespaceIndex='1' V281='13' V1='4' name='FaultType'>
    </savedOrigCopyAtInheritsFrom>
  </rootElem>
  <defaultRep t='172' id='5' V172='6' autoFixNamespaceMismatch='true' V170='10' V692='1' unnamedElemsNamespace='1' V690='1' ignoreExcluded='true' fixInvalidCharacters='true' V1='4' name='XML'>
    <namespaceContainers t='220' ref='Namespace Containers/ClaimsAdapter_17Dec2015_NewClaimsAdapter_V2.xml'/>
  </defaultRep>
  <namespaceList t='161' id='6' V161='1' namespaceUri='___osdtDummy___' V1='4'>
  </namespaceList>
  <namespaceList t='161' id='7' V161='1' namespaceUri='http://www.homeserve.com/Global/Customer/Claim/ClaimsAdapter/v1' namespacePrefix='elm' V1='4'>
  </namespaceList>
  <namespaceList t='161' id='8' V161='1' namespaceUri='http://www.homeserve.com/Global/Common/CommonService/v1' namespacePrefix='hsgco' V1='4'>
  </namespaceList>
  <child t='162' id='9' V1='4' name='Representations'>
    <child t='172' idref='5'/>
  </child>
  <child t='165' id='10' V1='4' name='Document Bindings'>
    <child t='166' id='11' V166='5' docType='1' V1='4' name='/elm:getPolicyFromIdentFault'>
      <elemNode t='167' idref='2'/>
    </child>
  </child>
</root>
