<?xml version="1.0" encoding="UTF-8"?>
<root t='150' id='1' V150='13' creationTimestamp='0x156b1856620' V1='4' name='ServiceAvailabilityResponseType' incarnation='8'>
  <rootElem t='167' id='2' V167='21' V283='1' occurMaxTimes='1' minSize='-1' maxSize='-1' groupType='1' repHandlerStruct='' inheritsFrom='' namespaceIndex='1' V281='13' V1='4' name='ServiceAvailabilityResponseType'>
    <structNode t='150' idref='1'/>
    <child t='167' id='3' V167='21' V283='1' occurMinTimes='1' occurMaxTimes='1' minSize='-1' maxSize='-1' groupType='1' repHandlerStruct='' visible='true' inheritsFrom='' V281='13' V1='4' name='Outcome'>
      <structNode t='150' idref='1'/>
      <child t='167' id='4' V167='21' V283='1' occurMinTimes='1' occurMaxTimes='1' minSize='-1' maxSize='-1' dataType='2' repHandlerStruct='' visible='true' inheritsFrom='' V281='13' V1='4' name='ResultCode'>
        <structNode t='150' idref='1'/>
      </child>
      <child t='167' id='5' V167='21' V283='1' occurMinTimes='1' occurMaxTimes='1' minSize='-1' maxSize='-1' dataType='2' repHandlerStruct='' visible='true' inheritsFrom='' V281='13' V1='4' name='ResultStatus'>
        <structNode t='150' idref='1'/>
      </child>
      <child t='167' id='6' V167='21' V283='1' occurMinTimes='1' occurMaxTimes='1' minSize='-1' maxSize='-1' dataType='2' repHandlerStruct='' visible='true' inheritsFrom='' V281='13' V1='4' name='ResultDescription'>
        <structNode t='150' idref='1'/>
      </child>
      <child t='167' id='7' V167='21' V283='1' occurMaxTimes='-1' minSize='-1' maxSize='-1' groupType='1' repHandlerStruct='' visible='true' inheritsFrom='' V281='13' V1='4' name='ProcessOutcome'>
        <structNode t='150' idref='1'/>
        <child t='167' id='8' V167='21' V283='1' occurMinTimes='1' occurMaxTimes='1' minSize='-1' maxSize='-1' dataType='2' repHandlerStruct='' visible='true' inheritsFrom='' V281='13' V1='4' name='Code'>
          <structNode t='150' idref='1'/>
        </child>
        <child t='167' id='9' V167='21' V283='1' occurMinTimes='1' occurMaxTimes='1' minSize='-1' maxSize='-1' dataType='2' repHandlerStruct='' visible='true' inheritsFrom='' V281='13' V1='4' name='InteractionID'>
          <structNode t='150' idref='1'/>
        </child>
        <child t='167' id='10' V167='21' V283='1' occurMinTimes='1' occurMaxTimes='1' minSize='-1' maxSize='-1' dataType='2' repHandlerStruct='' visible='true' inheritsFrom='' V281='13' V1='4' name='Description'>
          <structNode t='150' idref='1'/>
        </child>
        <child t='167' id='11' V167='21' V283='1' occurMaxTimes='-1' minSize='-1' maxSize='-1' groupType='1' repHandlerStruct='' visible='true' inheritsFrom='' V281='13' V1='4' name='ServiceIntentList'>
          <structNode t='150' idref='1'/>
          <child t='167' id='12' V167='21' V283='1' occurMinTimes='1' occurMaxTimes='1' minSize='-1' maxSize='-1' dataType='2' repHandlerStruct='' visible='true' inheritsFrom='' V281='13' V1='4' name='CaseID'>
            <structNode t='150' idref='1'/>
          </child>
        </child>
      </child>
    </child>
  </rootElem>
  <defaultRep t='172' id='13' V172='6' autoFixNamespaceMismatch='true' V170='10' V692='1' V690='1' ignoreExcluded='true' fixInvalidCharacters='true' V1='4' name='XML'>
    <namespaceContainers t='220' ref='Namespace Containers/WebIntegration_v2_PartyManagementService_PartyManagementService_Pega_0.1.xml'/>
  </defaultRep>
  <namespaceList t='161' id='14' V161='1' namespaceUri='___osdtDummy___' V1='4'>
  </namespaceList>
  <namespaceList t='161' id='15' V161='1' namespaceUri='urn:PegaRULES:SOAP:PartyManagementService:Services' namespacePrefix='nslt1' V1='4'>
  </namespaceList>
  <child t='162' id='16' V1='4' name='Representations'>
    <child t='172' idref='13'/>
  </child>
  <child t='165' id='17' V1='4' name='Document Bindings'>
    <child t='166' id='18' V166='5' docType='1' V1='4' name='/nslt1:ServiceAvailabilityResponseType'>
      <elemNode t='167' idref='2'/>
    </child>
  </child>
</root>
