<?xml version="1.0" encoding="UTF-8"?>
<root t='150' id='1' V150='13' creationTimestamp='0x15c33ccc256' V1='4' name='GetCustomerAccountDetailsRequestType' incarnation='9'>
  <rootElem t='167' id='2' V167='21' V283='1' occurMaxTimes='1' minSize='-1' maxSize='-1' groupType='1' repHandlerStruct='' inheritsFrom='' namespaceIndex='1' V281='13' V1='4' name='GetCustomerAccountDetailsRequestType'>
    <structNode t='150' idref='1'/>
    <child t='167' id='3' V167='21' inheritsFromIncarnation='8' inheritsFromTimestamp='0x15c33ccc043' inheritsInThisStruct='true' V283='1' occurMinTimes='1' occurMaxTimes='1' minSize='-1' maxSize='-1' inheritsFromCopyRule='20' groupType='1' repHandlerStruct='' visible='true' inheritsFrom='Structures/WebIntegration_v2/AccountManagementService/AccountManagementService_CR394/AccountManagementService_ESB_V116_0.1/Types/hsgcm/RequestDetailsType.xml' namespaceIndex='1' V281='13' V1='4' name='RequestDetails'>
      <structNode t='150' idref='1'/>
      <savedDerivedCopy t='167' id='4' V167='21' needInheritInit='true' inheritsInThisStruct='true' V283='1' occurMinTimes='1' occurMaxTimes='1' minSize='-1' maxSize='-1' inheritsFromCopyRule='20' groupType='1' repHandlerStruct='' visible='true' inheritsFrom='Structures/WebIntegration_v2/AccountManagementService/AccountManagementService_CR394/AccountManagementService_ESB_V116_0.1/Types/hsgcm/RequestDetailsType.xml' namespaceIndex='1' V281='13' V1='4' name='RequestDetails'>
      </savedDerivedCopy>
      <savedOrigCopyAtInheritsFrom t='167' id='5' V167='21' V283='1' occurMaxTimes='1' minSize='-1' maxSize='-1' groupType='1' repHandlerStruct='' inheritsFrom='' namespaceIndex='1' V281='13' V1='4' name='RequestDetailsType'>
      </savedOrigCopyAtInheritsFrom>
    </child>
    <child t='167' id='6' V167='21' V283='1' occurMinTimes='1' occurMaxTimes='1' minSize='-1' maxSize='-1' groupType='2' repHandlerStruct='' inheritsFrom='' V281='13' V1='4' name='Anonymous_choice'>
      <structNode t='150' idref='1'/>
      <child t='167' id='7' V167='21' V283='1' occurMinTimes='1' occurMaxTimes='1' minSize='-1' maxSize='-1' dataType='2' repHandlerStruct='' visible='true' inheritsFrom='' namespaceIndex='1' V281='13' V1='4' name='CustomerAccountNumber'>
        <structNode t='150' idref='1'/>
      </child>
      <child t='167' id='8' V167='21' V283='1' occurMinTimes='1' occurMaxTimes='1' minSize='-1' maxSize='-1' dataType='2' repHandlerStruct='' visible='true' inheritsFrom='' namespaceIndex='1' V281='13' V1='4' name='ContractID'>
        <structNode t='150' idref='1'/>
      </child>
    </child>
    <child t='167' id='9' V167='21' inheritsFromIncarnation='8' inheritsFromTimestamp='0x15c33ccc043' inheritsInThisStruct='true' V283='1' occurMaxTimes='1' minSize='-1' maxSize='-1' inheritsFromCopyRule='20' dataType='2' repHandlerStruct='' visible='true' inheritsFrom='Structures/WebIntegration_v2/AccountManagementService/AccountManagementService_CR394/AccountManagementService_ESB_V116_0.1/Types/hsgcm/ViewTypeEnum.xml' namespaceIndex='1' V281='13' V1='4' name='ViewType'>
      <structNode t='150' idref='1'/>
      <savedDerivedCopy t='167' id='10' V167='21' needInheritInit='true' inheritsInThisStruct='true' V283='1' occurMaxTimes='1' minSize='-1' maxSize='-1' inheritsFromCopyRule='20' dataType='2' repHandlerStruct='' visible='true' inheritsFrom='Structures/WebIntegration_v2/AccountManagementService/AccountManagementService_CR394/AccountManagementService_ESB_V116_0.1/Types/hsgcm/ViewTypeEnum.xml' namespaceIndex='1' V281='13' V1='4' name='ViewType'>
      </savedDerivedCopy>
      <savedOrigCopyAtInheritsFrom t='167' id='11' V167='21' V283='1' occurMaxTimes='1' minSize='-1' maxSize='-1' dataType='2' repHandlerStruct='' inheritsFrom='' namespaceIndex='1' V281='13' V1='4' name='ViewTypeEnum'>
      </savedOrigCopyAtInheritsFrom>
    </child>
  </rootElem>
  <defaultRep t='172' id='12' V172='6' autoFixNamespaceMismatch='true' V170='10' V692='1' unnamedElemsNamespace='1' V690='1' ignoreExcluded='true' fixInvalidCharacters='true' V1='4' name='XML'>
    <namespaceContainers t='220' ref='Namespace Containers/WebIntegration_v2_AccountManagementService_AccountManagementService_CR394_AccountManagementService_ESB_V116_0.1.xml'/>
  </defaultRep>
  <namespaceList t='161' id='13' V161='1' namespaceUri='___osdtDummy___' V1='4'>
  </namespaceList>
  <namespaceList t='161' id='14' V161='1' namespaceUri='http://www.homeserve.com/Europe/GB/Customer/Account/AccountManagementServiceOperations/v1' namespacePrefix='hsegcaa' V1='4'>
  </namespaceList>
  <namespaceList t='161' id='15' V161='1' namespaceUri='http://www.homeserve.com/Global/Common/v1' namespacePrefix='hsgcm' V1='4'>
  </namespaceList>
  <child t='162' id='16' V1='4' name='Representations'>
    <child t='172' idref='12'/>
  </child>
  <child t='165' id='17' V1='4' name='Document Bindings'>
    <child t='166' id='18' V166='5' docType='1' V1='4' name='/hsegcaa:GetCustomerAccountDetailsRequestType'>
      <elemNode t='167' idref='2'/>
    </child>
  </child>
</root>
