<?xml version="1.0" encoding="UTF-8"?>
<root t='150' id='1' V150='13' creationTimestamp='0x1513f1915cb' V1='4' name='OfferType' incarnation='11'>
  <rootElem t='167' id='2' V167='21' V283='1' occurMaxTimes='1' minSize='-1' maxSize='-1' groupType='1' repHandlerStruct='' inheritsFrom='' namespaceIndex='1' V281='13' V1='4' name='OfferType'>
    <structNode t='150' idref='1'/>
    <child t='167' id='3' V167='21' V283='1' occurMinTimes='1' occurMaxTimes='1' minSize='-1' maxSize='-1' dataType='2' repHandlerStruct='' visible='true' inheritsFrom='' namespaceIndex='1' V281='13' V1='4' name='OfferID'>
      <structNode t='150' idref='1'/>
    </child>
    <child t='167' id='4' V167='21' V283='1' occurMinTimes='1' occurMaxTimes='1' minSize='-1' maxSize='-1' dataType='2' repHandlerStruct='' visible='true' inheritsFrom='' namespaceIndex='1' V281='13' V1='4' name='OfferName'>
      <structNode t='150' idref='1'/>
    </child>
    <child t='167' id='5' V167='21' V283='1' occurMaxTimes='1' minSize='-1' maxSize='-1' dataType='2' repHandlerStruct='' visible='true' inheritsFrom='' namespaceIndex='1' V281='13' V1='4' name='OfferDefinition'>
      <structNode t='150' idref='1'/>
    </child>
    <child t='167' id='6' V167='21' V283='1' occurMinTimes='1' occurMaxTimes='1' minSize='-1' maxSize='-1' dataType='2' repHandlerStruct='' visible='true' inheritsFrom='' namespaceIndex='1' V281='13' V1='4' name='Status'>
      <structNode t='150' idref='1'/>
    </child>
    <child t='167' id='7' V167='21' V283='1' occurMinTimes='1' occurMaxTimes='1' minSize='-1' maxSize='-1' dataType='31' repHandlerStruct='' visible='true' inheritsFrom='' namespaceIndex='1' V281='13' V1='4' name='EffectiveDate'>
      <structNode t='150' idref='1'/>
    </child>
    <child t='167' id='8' V167='21' V283='1' occurMaxTimes='1' minSize='-1' maxSize='-1' dataType='2' repHandlerStruct='' visible='true' inheritsFrom='' namespaceIndex='1' V281='13' V1='4' name='ExpiryDate'>
      <structNode t='150' idref='1'/>
    </child>
    <child t='167' id='9' V167='21' V283='1' occurMinTimes='1' occurMaxTimes='1' minSize='-1' maxSize='-1' dataType='30' repHandlerStruct='' visible='true' inheritsFrom='' namespaceIndex='1' V281='13' V1='4' name='LastUpdated'>
      <structNode t='150' idref='1'/>
    </child>
    <child t='167' id='10' V167='21' V283='1' occurMaxTimes='1' minSize='-1' maxSize='-1' dataType='2' repHandlerStruct='' visible='true' inheritsFrom='' namespaceIndex='1' V281='13' V1='4' name='CampaignCode'>
      <structNode t='150' idref='1'/>
    </child>
    <child t='167' id='11' V167='21' inheritsFromIncarnation='8' inheritsFromTimestamp='0x1513f191314' inheritsInThisStruct='true' V283='1' occurMinTimes='1' occurMaxTimes='1' minSize='-1' maxSize='-1' inheritsFromCopyRule='20' dataType='2' repHandlerStruct='' visible='true' inheritsFrom='Structures/ContractService/NEW/Contract_Service/Types/hsgcm/CountryCodeEnum.xml' namespaceIndex='1' V281='13' V1='4' name='CountryCode'>
      <structNode t='150' idref='1'/>
      <longDesc>ISO 2-character country code. Country Code eg: GB for United Kingdom</longDesc>
      <savedDerivedCopy t='167' id='12' V167='21' needInheritInit='true' inheritsInThisStruct='true' V283='1' occurMinTimes='1' occurMaxTimes='1' minSize='-1' maxSize='-1' inheritsFromCopyRule='20' dataType='2' repHandlerStruct='' visible='true' inheritsFrom='Structures/ContractService/NEW/Contract_Service/Types/hsgcm/CountryCodeEnum.xml' namespaceIndex='1' V281='13' V1='4' name='CountryCode'>
        <longDesc>ISO 2-character country code. Country Code eg: GB for United Kingdom</longDesc>
      </savedDerivedCopy>
      <savedOrigCopyAtInheritsFrom t='167' id='13' V167='21' V283='1' occurMaxTimes='1' minSize='-1' maxSize='-1' dataType='2' repHandlerStruct='' inheritsFrom='' namespaceIndex='1' V281='13' V1='4' name='CountryCodeEnum'>
        <longDesc>ISO 2-character country code. Country Code eg: GB for United Kingdom</longDesc>
      </savedOrigCopyAtInheritsFrom>
    </child>
    <child t='167' id='14' V167='21' inheritsFromIncarnation='9' inheritsFromTimestamp='0x1513f1915cd' inheritsInThisStruct='true' V283='1' occurMinTimes='1' occurMaxTimes='1' minSize='-1' maxSize='-1' inheritsFromCopyRule='20' groupType='1' repHandlerStruct='' visible='true' inheritsFrom='Structures/ContractService/NEW/Contract_Service/Types/hsgps/PartnerOptionsType.xml' namespaceIndex='1' V281='13' V1='4' name='PartnerOptions'>
      <structNode t='150' idref='1'/>
      <savedDerivedCopy t='167' id='15' V167='21' needInheritInit='true' inheritsInThisStruct='true' V283='1' occurMinTimes='1' occurMaxTimes='1' minSize='-1' maxSize='-1' inheritsFromCopyRule='20' groupType='1' repHandlerStruct='' visible='true' inheritsFrom='Structures/ContractService/NEW/Contract_Service/Types/hsgps/PartnerOptionsType.xml' namespaceIndex='1' V281='13' V1='4' name='PartnerOptions'>
      </savedDerivedCopy>
      <savedOrigCopyAtInheritsFrom t='167' id='16' V167='21' V283='1' occurMaxTimes='1' minSize='-1' maxSize='-1' groupType='1' repHandlerStruct='' inheritsFrom='' namespaceIndex='1' V281='13' V1='4' name='PartnerOptionsType'>
      </savedOrigCopyAtInheritsFrom>
    </child>
    <child t='167' id='17' V167='21' inheritsFromIncarnation='9' inheritsFromTimestamp='0x1513f191705' inheritsInThisStruct='true' V283='1' occurMaxTimes='1' minSize='-1' maxSize='-1' inheritsFromCopyRule='20' groupType='1' repHandlerStruct='' visible='true' inheritsFrom='Structures/ContractService/NEW/Contract_Service/Types/hsgpstc/TermsAndConditionsDetailType.xml' namespaceIndex='1' V281='13' V1='4' name='TermsAndConditions'>
      <structNode t='150' idref='1'/>
      <savedDerivedCopy t='167' id='18' V167='21' needInheritInit='true' inheritsInThisStruct='true' V283='1' occurMaxTimes='1' minSize='-1' maxSize='-1' inheritsFromCopyRule='20' groupType='1' repHandlerStruct='' visible='true' inheritsFrom='Structures/ContractService/NEW/Contract_Service/Types/hsgpstc/TermsAndConditionsDetailType.xml' namespaceIndex='1' V281='13' V1='4' name='TermsAndConditions'>
      </savedDerivedCopy>
      <savedOrigCopyAtInheritsFrom t='167' id='19' V167='21' V283='1' occurMaxTimes='1' minSize='-1' maxSize='-1' groupType='1' repHandlerStruct='' inheritsFrom='' namespaceIndex='1' V281='13' V1='4' name='TermsAndConditionsDetailType'>
      </savedOrigCopyAtInheritsFrom>
    </child>
  </rootElem>
  <defaultRep t='172' id='20' V172='6' autoFixNamespaceMismatch='true' V170='10' V692='1' unnamedElemsNamespace='1' V690='1' ignoreExcluded='true' fixInvalidCharacters='true' V1='4' name='XML'>
    <namespaceContainers t='220' ref='Namespace Containers/ContractService_NEW_Contract_Service.xml'/>
  </defaultRep>
  <namespaceList t='161' id='21' V161='1' namespaceUri='___osdtDummy___' V1='4'>
  </namespaceList>
  <namespaceList t='161' id='22' V161='1' namespaceUri='http://www.homeserve.com/Global/ProductSpine/v1' namespacePrefix='hsgps' V1='4'>
  </namespaceList>
  <namespaceList t='161' id='23' V161='1' namespaceUri='http://www.homeserve.com/Global/ProductSpine/TermsAndConditions/v1' namespacePrefix='hsgpstc' V1='4'>
  </namespaceList>
  <child t='162' id='24' V1='4' name='Representations'>
    <child t='172' idref='20'/>
  </child>
  <child t='165' id='25' V1='4' name='Document Bindings'>
    <child t='166' id='26' V166='5' docType='1' V1='4' name='/hsgps:OfferType'>
      <elemNode t='167' idref='2'/>
    </child>
  </child>
</root>
