<?xml version="1.0" encoding="UTF-8"?>
<root t='150' id='1' V150='13' creationTimestamp='0x15ab7786d90' V1='4' name='ManageContractType' incarnation='15'>
  <rootElem t='167' id='2' V167='21' V283='1' occurMaxTimes='1' minSize='-1' maxSize='-1' groupType='1' repHandlerStruct='' inheritsFrom='' namespaceIndex='1' V281='13' V1='4' name='ManageContractType'>
    <structNode t='150' idref='1'/>
    <child t='167' id='3' V167='21' inheritsFromIncarnation='8' inheritsFromTimestamp='0x15ab7786def' inheritsInThisStruct='true' V283='1' occurMinTimes='1' occurMaxTimes='1' minSize='-1' maxSize='20' inheritsFromCopyRule='20' dataType='2' repHandlerStruct='' visible='true' nullable='true' inheritsFrom='Structures/R6.4/MCAService/Types/Q1/SourceAddressIDType.xml' namespaceIndex='1' V281='13' V1='4' name='SourceAddressID'>
      <structNode t='150' idref='1'/>
      <savedDerivedCopy t='167' id='4' V167='21' needInheritInit='true' inheritsInThisStruct='true' V283='1' occurMinTimes='1' occurMaxTimes='1' minSize='-1' maxSize='20' inheritsFromCopyRule='20' dataType='2' repHandlerStruct='' visible='true' nullable='true' inheritsFrom='Structures/R6.4/MCAService/Types/Q1/SourceAddressIDType.xml' namespaceIndex='1' V281='13' V1='4' name='SourceAddressID'>
      </savedDerivedCopy>
      <savedOrigCopyAtInheritsFrom t='167' id='5' V167='21' V283='1' occurMaxTimes='1' minSize='-1' maxSize='20' dataType='2' repHandlerStruct='' inheritsFrom='' namespaceIndex='1' V281='13' V1='4' name='SourceAddressIDType'>
      </savedOrigCopyAtInheritsFrom>
    </child>
    <child t='167' id='6' V167='21' inheritsFromIncarnation='8' inheritsFromTimestamp='0x15ab7786c30' inheritsInThisStruct='true' V283='1' occurMinTimes='1' occurMaxTimes='1' minSize='-1' maxSize='12' inheritsFromCopyRule='20' dataType='2' repHandlerStruct='' visible='true' nullable='true' inheritsFrom='Structures/R6.4/MCAService/Types/Q1/ContractIdType.xml' namespaceIndex='1' V281='13' V1='4' name='ContractId'>
      <structNode t='150' idref='1'/>
      <savedDerivedCopy t='167' id='7' V167='21' needInheritInit='true' inheritsInThisStruct='true' V283='1' occurMinTimes='1' occurMaxTimes='1' minSize='-1' maxSize='12' inheritsFromCopyRule='20' dataType='2' repHandlerStruct='' visible='true' nullable='true' inheritsFrom='Structures/R6.4/MCAService/Types/Q1/ContractIdType.xml' namespaceIndex='1' V281='13' V1='4' name='ContractId'>
      </savedDerivedCopy>
      <savedOrigCopyAtInheritsFrom t='167' id='8' V167='21' V283='1' occurMaxTimes='1' minSize='-1' maxSize='12' dataType='2' repHandlerStruct='' inheritsFrom='' namespaceIndex='1' V281='13' V1='4' name='ContractIdType'>
      </savedOrigCopyAtInheritsFrom>
    </child>
    <child t='167' id='9' V167='21' inheritsFromIncarnation='8' inheritsFromTimestamp='0x15ab7786c36' inheritsInThisStruct='true' V283='1' occurMinTimes='1' occurMaxTimes='1' minSize='-1' maxSize='-1' inheritsFromCopyRule='20' dataType='2' repHandlerStruct='' visible='true' inheritsFrom='Structures/R6.4/MCAService/Types/Q1/ContractVersionType.xml' namespaceIndex='1' V281='13' V1='4' name='ContractVersion'>
      <structNode t='150' idref='1'/>
      <savedDerivedCopy t='167' id='10' V167='21' needInheritInit='true' inheritsInThisStruct='true' V283='1' occurMinTimes='1' occurMaxTimes='1' minSize='-1' maxSize='-1' inheritsFromCopyRule='20' dataType='2' repHandlerStruct='' visible='true' inheritsFrom='Structures/R6.4/MCAService/Types/Q1/ContractVersionType.xml' namespaceIndex='1' V281='13' V1='4' name='ContractVersion'>
      </savedDerivedCopy>
      <savedOrigCopyAtInheritsFrom t='167' id='11' V167='21' V283='1' occurMaxTimes='1' minSize='-1' maxSize='-1' dataType='2' repHandlerStruct='' inheritsFrom='' namespaceIndex='1' V281='13' V1='4' name='ContractVersionType'>
      </savedOrigCopyAtInheritsFrom>
    </child>
    <child t='167' id='12' V167='21' inheritsFromIncarnation='8' inheritsFromTimestamp='0x15ab7786dde' inheritsInThisStruct='true' V283='1' occurMinTimes='1' occurMaxTimes='1' minSize='-1' maxSize='12' inheritsFromCopyRule='20' dataType='2' repHandlerStruct='' visible='true' inheritsFrom='Structures/R6.4/MCAService/Types/Q1/MinorVersionType.xml' namespaceIndex='1' V281='13' V1='4' name='MinorVersion'>
      <structNode t='150' idref='1'/>
      <savedDerivedCopy t='167' id='13' V167='21' needInheritInit='true' inheritsInThisStruct='true' V283='1' occurMinTimes='1' occurMaxTimes='1' minSize='-1' maxSize='12' inheritsFromCopyRule='20' dataType='2' repHandlerStruct='' visible='true' inheritsFrom='Structures/R6.4/MCAService/Types/Q1/MinorVersionType.xml' namespaceIndex='1' V281='13' V1='4' name='MinorVersion'>
      </savedDerivedCopy>
      <savedOrigCopyAtInheritsFrom t='167' id='14' V167='21' V283='1' occurMaxTimes='1' minSize='-1' maxSize='12' dataType='2' repHandlerStruct='' inheritsFrom='' namespaceIndex='1' V281='13' V1='4' name='MinorVersionType'>
      </savedOrigCopyAtInheritsFrom>
    </child>
    <child t='167' id='15' V167='21' inheritsFromIncarnation='8' inheritsFromTimestamp='0x15ab7786c34' inheritsInThisStruct='true' V283='1' occurMinTimes='1' occurMaxTimes='1' minSize='-1' maxSize='10' inheritsFromCopyRule='20' dataType='2' repHandlerStruct='' visible='true' nullable='true' inheritsFrom='Structures/R6.4/MCAService/Types/Q1/ContractStatusType.xml' namespaceIndex='1' V281='13' V1='4' name='ContractStatus'>
      <structNode t='150' idref='1'/>
      <savedDerivedCopy t='167' id='16' V167='21' needInheritInit='true' inheritsInThisStruct='true' V283='1' occurMinTimes='1' occurMaxTimes='1' minSize='-1' maxSize='10' inheritsFromCopyRule='20' dataType='2' repHandlerStruct='' visible='true' nullable='true' inheritsFrom='Structures/R6.4/MCAService/Types/Q1/ContractStatusType.xml' namespaceIndex='1' V281='13' V1='4' name='ContractStatus'>
      </savedDerivedCopy>
      <savedOrigCopyAtInheritsFrom t='167' id='17' V167='21' V283='1' occurMaxTimes='1' minSize='-1' maxSize='10' dataType='2' repHandlerStruct='' inheritsFrom='' namespaceIndex='1' V281='13' V1='4' name='ContractStatusType'>
      </savedOrigCopyAtInheritsFrom>
    </child>
    <child t='167' id='18' V167='21' inheritsFromIncarnation='8' inheritsFromTimestamp='0x15ab7786c34' inheritsInThisStruct='true' V283='1' occurMinTimes='1' occurMaxTimes='1' minSize='-1' maxSize='-1' inheritsFromCopyRule='20' dataType='2' repHandlerStruct='' visible='true' nullable='true' inheritsFrom='Structures/R6.4/MCAService/Types/Q1/ContractStartDateType.xml' namespaceIndex='1' V281='13' V1='4' name='ContractStartDate'>
      <structNode t='150' idref='1'/>
      <savedDerivedCopy t='167' id='19' V167='21' needInheritInit='true' inheritsInThisStruct='true' V283='1' occurMinTimes='1' occurMaxTimes='1' minSize='-1' maxSize='-1' inheritsFromCopyRule='20' dataType='2' repHandlerStruct='' visible='true' nullable='true' inheritsFrom='Structures/R6.4/MCAService/Types/Q1/ContractStartDateType.xml' namespaceIndex='1' V281='13' V1='4' name='ContractStartDate'>
      </savedDerivedCopy>
      <savedOrigCopyAtInheritsFrom t='167' id='20' V167='21' V283='1' occurMaxTimes='1' minSize='-1' maxSize='-1' dataType='2' repHandlerStruct='' inheritsFrom='' namespaceIndex='1' V281='13' V1='4' name='ContractStartDateType'>
      </savedOrigCopyAtInheritsFrom>
    </child>
    <child t='167' id='21' V167='21' inheritsFromIncarnation='8' inheritsFromTimestamp='0x15ab7786c30' inheritsInThisStruct='true' V283='1' occurMaxTimes='1' minSize='-1' maxSize='-1' inheritsFromCopyRule='20' dataType='2' repHandlerStruct='' visible='true' nullable='true' inheritsFrom='Structures/R6.4/MCAService/Types/Q1/ContractEndDateType.xml' namespaceIndex='1' V281='13' V1='4' name='ContractEndDate'>
      <structNode t='150' idref='1'/>
      <savedDerivedCopy t='167' id='22' V167='21' needInheritInit='true' inheritsInThisStruct='true' V283='1' occurMaxTimes='1' minSize='-1' maxSize='-1' inheritsFromCopyRule='20' dataType='2' repHandlerStruct='' visible='true' nullable='true' inheritsFrom='Structures/R6.4/MCAService/Types/Q1/ContractEndDateType.xml' namespaceIndex='1' V281='13' V1='4' name='ContractEndDate'>
      </savedDerivedCopy>
      <savedOrigCopyAtInheritsFrom t='167' id='23' V167='21' V283='1' occurMaxTimes='1' minSize='-1' maxSize='-1' dataType='2' repHandlerStruct='' inheritsFrom='' namespaceIndex='1' V281='13' V1='4' name='ContractEndDateType'>
      </savedOrigCopyAtInheritsFrom>
    </child>
    <child t='167' id='24' V167='21' inheritsFromIncarnation='8' inheritsFromTimestamp='0x15ab7786c2f' inheritsInThisStruct='true' V283='1' occurMaxTimes='1' minSize='-1' maxSize='-1' inheritsFromCopyRule='20' dataType='2' repHandlerStruct='' visible='true' nullable='true' inheritsFrom='Structures/R6.4/MCAService/Types/Q1/ContractCancelledDateType.xml' namespaceIndex='1' V281='13' V1='4' name='ContractCancelledDate'>
      <structNode t='150' idref='1'/>
      <savedDerivedCopy t='167' id='25' V167='21' needInheritInit='true' inheritsInThisStruct='true' V283='1' occurMaxTimes='1' minSize='-1' maxSize='-1' inheritsFromCopyRule='20' dataType='2' repHandlerStruct='' visible='true' nullable='true' inheritsFrom='Structures/R6.4/MCAService/Types/Q1/ContractCancelledDateType.xml' namespaceIndex='1' V281='13' V1='4' name='ContractCancelledDate'>
      </savedDerivedCopy>
      <savedOrigCopyAtInheritsFrom t='167' id='26' V167='21' V283='1' occurMaxTimes='1' minSize='-1' maxSize='-1' dataType='2' repHandlerStruct='' inheritsFrom='' namespaceIndex='1' V281='13' V1='4' name='ContractCancelledDateType'>
      </savedOrigCopyAtInheritsFrom>
    </child>
    <child t='167' id='27' V167='21' inheritsFromIncarnation='9' inheritsFromTimestamp='0x15ab7786ddf' inheritsInThisStruct='true' V283='1' occurMinTimes='1' occurMaxTimes='1' minSize='-1' maxSize='-1' inheritsFromCopyRule='20' groupType='1' repHandlerStruct='' visible='true' inheritsFrom='Structures/R6.4/MCAService/Types/Q1/OffersType.xml' namespaceIndex='1' V281='13' V1='4' name='Offers'>
      <structNode t='150' idref='1'/>
      <savedDerivedCopy t='167' id='28' V167='21' needInheritInit='true' inheritsInThisStruct='true' V283='1' occurMinTimes='1' occurMaxTimes='1' minSize='-1' maxSize='-1' inheritsFromCopyRule='20' groupType='1' repHandlerStruct='' visible='true' inheritsFrom='Structures/R6.4/MCAService/Types/Q1/OffersType.xml' namespaceIndex='1' V281='13' V1='4' name='Offers'>
      </savedDerivedCopy>
      <savedOrigCopyAtInheritsFrom t='167' id='29' V167='21' V283='1' occurMaxTimes='1' minSize='-1' maxSize='-1' groupType='1' repHandlerStruct='' inheritsFrom='' namespaceIndex='1' V281='13' V1='4' name='OffersType'>
      </savedOrigCopyAtInheritsFrom>
    </child>
    <child t='167' id='30' V167='21' inheritsFromIncarnation='12' inheritsFromTimestamp='0x15ab7786d8f' inheritsInThisStruct='true' V283='1' occurMaxTimes='-1' minSize='-1' maxSize='-1' inheritsFromCopyRule='20' groupType='1' repHandlerStruct='' visible='true' inheritsFrom='Structures/R6.4/MCAService/Types/Q1/ManageAssetType.xml' namespaceIndex='1' V281='13' V1='4' name='Assets'>
      <structNode t='150' idref='1'/>
      <savedDerivedCopy t='167' id='31' V167='21' needInheritInit='true' inheritsInThisStruct='true' V283='1' occurMaxTimes='-1' minSize='-1' maxSize='-1' inheritsFromCopyRule='20' groupType='1' repHandlerStruct='' visible='true' inheritsFrom='Structures/R6.4/MCAService/Types/Q1/ManageAssetType.xml' namespaceIndex='1' V281='13' V1='4' name='Assets'>
      </savedDerivedCopy>
      <savedOrigCopyAtInheritsFrom t='167' id='32' V167='21' V283='1' occurMaxTimes='1' minSize='-1' maxSize='-1' groupType='1' repHandlerStruct='' inheritsFrom='' namespaceIndex='1' V281='13' V1='4' name='ManageAssetType'>
      </savedOrigCopyAtInheritsFrom>
    </child>
    <child t='167' id='33' V167='21' inheritsFromIncarnation='8' inheritsFromTimestamp='0x15ab7786de1' inheritsInThisStruct='true' V283='1' occurMinTimes='1' occurMaxTimes='1' minSize='-1' maxSize='10' inheritsFromCopyRule='20' dataType='2' repHandlerStruct='' visible='true' inheritsFrom='Structures/R6.4/MCAService/Types/Q1/OperationTypeType.xml' namespaceIndex='1' V281='13' V1='4' name='Operation'>
      <structNode t='150' idref='1'/>
      <savedDerivedCopy t='167' id='34' V167='21' needInheritInit='true' inheritsInThisStruct='true' V283='1' occurMinTimes='1' occurMaxTimes='1' minSize='-1' maxSize='10' inheritsFromCopyRule='20' dataType='2' repHandlerStruct='' visible='true' inheritsFrom='Structures/R6.4/MCAService/Types/Q1/OperationTypeType.xml' namespaceIndex='1' V281='13' V1='4' name='Operation'>
      </savedDerivedCopy>
      <savedOrigCopyAtInheritsFrom t='167' id='35' V167='21' V283='1' occurMaxTimes='1' minSize='-1' maxSize='10' dataType='2' repHandlerStruct='' inheritsFrom='' namespaceIndex='1' V281='13' V1='4' name='OperationTypeType'>
      </savedOrigCopyAtInheritsFrom>
    </child>
  </rootElem>
  <defaultRep t='172' id='36' V172='6' autoFixNamespaceMismatch='true' V170='10' V692='1' unnamedElemsNamespace='1' V690='1' ignoreExcluded='true' fixInvalidCharacters='true' V1='4' name='XML'>
    <namespaceContainers t='220' ref='Namespace Containers/R6.4_MCAService.xml'/>
  </defaultRep>
  <namespaceList t='161' id='37' V161='1' namespaceUri='___osdtDummy___' V1='4'>
  </namespaceList>
  <namespaceList t='161' id='38' V161='1' namespaceUri='http://www.homeserve.com/Europe/GB/Customer/MDM/ObjectTypes/v3' namespacePrefix='Q1' V1='4'>
  </namespaceList>
  <child t='162' id='39' V1='4' name='Representations'>
    <child t='172' idref='36'/>
  </child>
  <child t='165' id='40' V1='4' name='Document Bindings'>
    <child t='166' id='41' V166='5' docType='1' V1='4' name='/Q1:ManageContractType'>
      <elemNode t='167' idref='2'/>
    </child>
  </child>
</root>
