<?xml version="1.0" encoding="UTF-8"?>
<root t='150' id='1' V150='13' creationTimestamp='0x15ab7786df7' V1='4' name='UpdateAssetType' incarnation='12'>
  <rootElem t='167' id='2' V167='21' V283='1' occurMaxTimes='1' minSize='-1' maxSize='-1' groupType='1' repHandlerStruct='' inheritsFrom='' namespaceIndex='1' V281='13' V1='4' name='UpdateAssetType'>
    <structNode t='150' idref='1'/>
    <child t='167' id='3' V167='21' inheritsFromIncarnation='8' inheritsFromTimestamp='0x15ab7786b87' inheritsInThisStruct='true' V283='1' occurMinTimes='1' occurMaxTimes='1' minSize='-1' maxSize='12' inheritsFromCopyRule='20' dataType='2' repHandlerStruct='' visible='true' inheritsFrom='Structures/R6.4/MCAService/Types/Q1/AssetIdType.xml' namespaceIndex='1' V281='13' V1='4' name='AssetID'>
      <structNode t='150' idref='1'/>
      <savedDerivedCopy t='167' id='4' V167='21' needInheritInit='true' inheritsInThisStruct='true' V283='1' occurMinTimes='1' occurMaxTimes='1' minSize='-1' maxSize='12' inheritsFromCopyRule='20' dataType='2' repHandlerStruct='' visible='true' inheritsFrom='Structures/R6.4/MCAService/Types/Q1/AssetIdType.xml' namespaceIndex='1' V281='13' V1='4' name='AssetID'>
      </savedDerivedCopy>
      <savedOrigCopyAtInheritsFrom t='167' id='5' V167='21' V283='1' occurMaxTimes='1' minSize='-1' maxSize='12' dataType='2' repHandlerStruct='' inheritsFrom='' namespaceIndex='1' V281='13' V1='4' name='AssetIdType'>
      </savedOrigCopyAtInheritsFrom>
    </child>
    <child t='167' id='6' V167='21' inheritsFromIncarnation='8' inheritsFromTimestamp='0x15ab7786c4a' inheritsInThisStruct='true' V283='1' occurMinTimes='1' occurMaxTimes='1' minSize='-1' maxSize='-1' inheritsFromCopyRule='20' dataType='2' repHandlerStruct='' visible='true' inheritsFrom='Structures/R6.4/MCAService/Types/Q1/EffectiveDateType.xml' namespaceIndex='1' V281='13' V1='4' name='EffectiveDate'>
      <structNode t='150' idref='1'/>
      <savedDerivedCopy t='167' id='7' V167='21' needInheritInit='true' inheritsInThisStruct='true' V283='1' occurMinTimes='1' occurMaxTimes='1' minSize='-1' maxSize='-1' inheritsFromCopyRule='20' dataType='2' repHandlerStruct='' visible='true' inheritsFrom='Structures/R6.4/MCAService/Types/Q1/EffectiveDateType.xml' namespaceIndex='1' V281='13' V1='4' name='EffectiveDate'>
      </savedDerivedCopy>
      <savedOrigCopyAtInheritsFrom t='167' id='8' V167='21' V283='1' occurMaxTimes='1' minSize='-1' maxSize='-1' dataType='2' repHandlerStruct='' inheritsFrom='' namespaceIndex='1' V281='13' V1='4' name='EffectiveDateType'>
      </savedOrigCopyAtInheritsFrom>
    </child>
    <child t='167' id='9' V167='21' inheritsFromIncarnation='8' inheritsFromTimestamp='0x15ab7786c4e' inheritsInThisStruct='true' V283='1' occurMaxTimes='1' minSize='-1' maxSize='-1' inheritsFromCopyRule='20' dataType='2' repHandlerStruct='' visible='true' inheritsFrom='Structures/R6.4/MCAService/Types/Q1/ExpiryDateType.xml' namespaceIndex='1' V281='13' V1='4' name='ExpiryDate'>
      <structNode t='150' idref='1'/>
      <savedDerivedCopy t='167' id='10' V167='21' needInheritInit='true' inheritsInThisStruct='true' V283='1' occurMaxTimes='1' minSize='-1' maxSize='-1' inheritsFromCopyRule='20' dataType='2' repHandlerStruct='' visible='true' inheritsFrom='Structures/R6.4/MCAService/Types/Q1/ExpiryDateType.xml' namespaceIndex='1' V281='13' V1='4' name='ExpiryDate'>
      </savedDerivedCopy>
      <savedOrigCopyAtInheritsFrom t='167' id='11' V167='21' V283='1' occurMaxTimes='1' minSize='-1' maxSize='-1' dataType='2' repHandlerStruct='' inheritsFrom='' namespaceIndex='1' V281='13' V1='4' name='ExpiryDateType'>
      </savedOrigCopyAtInheritsFrom>
    </child>
    <child t='167' id='12' V167='21' inheritsFromIncarnation='8' inheritsFromTimestamp='0x15ab7786ba9' inheritsInThisStruct='true' V283='1' occurMinTimes='1' occurMaxTimes='1' minSize='-1' maxSize='-1' inheritsFromCopyRule='20' groupType='1' repHandlerStruct='' visible='true' inheritsFrom='Structures/R6.4/MCAService/Types/Q1/AssetTypeType.xml' namespaceIndex='1' V281='13' V1='4' name='AssetType'>
      <structNode t='150' idref='1'/>
      <savedDerivedCopy t='167' id='13' V167='21' needInheritInit='true' inheritsInThisStruct='true' V283='1' occurMinTimes='1' occurMaxTimes='1' minSize='-1' maxSize='-1' inheritsFromCopyRule='20' groupType='1' repHandlerStruct='' visible='true' inheritsFrom='Structures/R6.4/MCAService/Types/Q1/AssetTypeType.xml' namespaceIndex='1' V281='13' V1='4' name='AssetType'>
      </savedDerivedCopy>
      <savedOrigCopyAtInheritsFrom t='167' id='14' V167='21' V283='1' occurMaxTimes='1' minSize='-1' maxSize='-1' groupType='1' repHandlerStruct='' inheritsFrom='' namespaceIndex='1' V281='13' V1='4' name='AssetTypeType'>
      </savedOrigCopyAtInheritsFrom>
    </child>
    <child t='167' id='15' V167='21' inheritsFromIncarnation='8' inheritsFromTimestamp='0x15ab7786b86' inheritsInThisStruct='true' V283='1' occurMinTimes='1' occurMaxTimes='-1' minSize='-1' maxSize='-1' inheritsFromCopyRule='20' groupType='1' repHandlerStruct='' visible='true' inheritsFrom='Structures/R6.4/MCAService/Types/Q1/AssetDetailType.xml' namespaceIndex='1' V281='13' V1='4' name='AssetDetail'>
      <structNode t='150' idref='1'/>
      <savedDerivedCopy t='167' id='16' V167='21' needInheritInit='true' inheritsInThisStruct='true' V283='1' occurMinTimes='1' occurMaxTimes='-1' minSize='-1' maxSize='-1' inheritsFromCopyRule='20' groupType='1' repHandlerStruct='' visible='true' inheritsFrom='Structures/R6.4/MCAService/Types/Q1/AssetDetailType.xml' namespaceIndex='1' V281='13' V1='4' name='AssetDetail'>
      </savedDerivedCopy>
      <savedOrigCopyAtInheritsFrom t='167' id='17' V167='21' V283='1' occurMaxTimes='1' minSize='-1' maxSize='-1' groupType='1' repHandlerStruct='' inheritsFrom='' namespaceIndex='1' V281='13' V1='4' name='AssetDetailType'>
      </savedOrigCopyAtInheritsFrom>
    </child>
    <child t='167' id='18' V167='21' inheritsFromIncarnation='8' inheritsFromTimestamp='0x15ab7786de1' inheritsInThisStruct='true' V283='1' occurMinTimes='1' occurMaxTimes='1' minSize='-1' maxSize='10' inheritsFromCopyRule='20' dataType='2' repHandlerStruct='' visible='true' inheritsFrom='Structures/R6.4/MCAService/Types/Q1/OperationTypeType.xml' namespaceIndex='1' V281='13' V1='4' name='Operation'>
      <structNode t='150' idref='1'/>
      <savedDerivedCopy t='167' id='19' V167='21' needInheritInit='true' inheritsInThisStruct='true' V283='1' occurMinTimes='1' occurMaxTimes='1' minSize='-1' maxSize='10' inheritsFromCopyRule='20' dataType='2' repHandlerStruct='' visible='true' inheritsFrom='Structures/R6.4/MCAService/Types/Q1/OperationTypeType.xml' namespaceIndex='1' V281='13' V1='4' name='Operation'>
      </savedDerivedCopy>
      <savedOrigCopyAtInheritsFrom t='167' id='20' V167='21' V283='1' occurMaxTimes='1' minSize='-1' maxSize='10' dataType='2' repHandlerStruct='' inheritsFrom='' namespaceIndex='1' V281='13' V1='4' name='OperationTypeType'>
      </savedOrigCopyAtInheritsFrom>
    </child>
  </rootElem>
  <defaultRep t='172' id='21' V172='6' autoFixNamespaceMismatch='true' V170='10' V692='1' unnamedElemsNamespace='1' V690='1' ignoreExcluded='true' fixInvalidCharacters='true' V1='4' name='XML'>
    <namespaceContainers t='220' ref='Namespace Containers/R6.4_MCAService.xml'/>
  </defaultRep>
  <namespaceList t='161' id='22' V161='1' namespaceUri='___osdtDummy___' V1='4'>
  </namespaceList>
  <namespaceList t='161' id='23' V161='1' namespaceUri='http://www.homeserve.com/Europe/GB/Customer/MDM/ObjectTypes/v3' namespacePrefix='Q1' V1='4'>
  </namespaceList>
  <child t='162' id='24' V1='4' name='Representations'>
    <child t='172' idref='21'/>
  </child>
  <child t='165' id='25' V1='4' name='Document Bindings'>
    <child t='166' id='26' V166='5' docType='1' V1='4' name='/Q1:UpdateAssetType'>
      <elemNode t='167' idref='2'/>
    </child>
  </child>
</root>
