<?xml version="1.0" encoding="UTF-8"?>
<root t='220' id='1' V220='3' defaultNamespaceUri='http://www.homeserve.com/Global/Notification/v1' V1='4' name='ClaimsService' incarnation='34'>
  <namespaceRoot t='221' id='2' V222='3' V1='4'>
    <namespaceContainer t='220' idref='1'/>
    <child t='222' id='3' V222='3' namespaceUri='http://www.w3.org/2001/XMLSchema' V1='4' name='xs'>
      <namespaceContainer t='220' idref='1'/>
    </child>
    <child t='222' id='4' V222='3' namespaceUri='http://www.w3.org/2001/XMLSchema-instance' V1='4' name='xsi'>
      <namespaceContainer t='220' idref='1'/>
    </child>
    <child t='222' id='5' V222='3' namespaceUri='http://www.homeserve.com/Global/Customer/Claim/ClaimsService/v1' V1='4' name='hscds'>
      <namespaceContainer t='220' idref='1'/>
    </child>
    <child t='222' id='6' V222='3' namespaceUri='http://www.homeserve.com/Global/Common/CommonService/v1' V1='4' name='hsgco'>
      <namespaceContainer t='220' idref='1'/>
    </child>
    <child t='222' id='7' V222='3' namespaceUri='http://schemas.xmlsoap.org/wsdl/soap/' V1='4' name='soap'>
      <namespaceContainer t='220' idref='1'/>
    </child>
    <child t='222' id='8' V222='3' namespaceUri='http://schemas.xmlsoap.org/wsdl/' V1='4' name='wsdl'>
      <namespaceContainer t='220' idref='1'/>
    </child>
    <child t='222' id='9' V222='3' namespaceUri='http://www.homeserve.com/Global/Customer/Appointment/v1' V1='4' name='hsgca'>
      <namespaceContainer t='220' idref='1'/>
    </child>
    <child t='222' id='10' V222='3' namespaceUri='http://www.homeserve.com/Global/Customer/Asset/v1' V1='4' name='hsgcas'>
      <namespaceContainer t='220' idref='1'/>
    </child>
    <child t='222' id='11' V222='3' namespaceUri='http://www.homeserve.com/Global/Customer/Claim/ClaimsServiceOperations/v1' V1='4' name='hsegcccdo'>
      <namespaceContainer t='220' idref='1'/>
    </child>
    <child t='222' id='12' V222='3' namespaceUri='http://www.homeserve.com/Global/Customer/Claim/v1' V1='4' name='hsgcc'>
      <namespaceContainer t='220' idref='1'/>
    </child>
    <child t='222' id='13' V222='3' namespaceUri='http://www.homeserve.com/Global/Notification/v1' V1='4' name='default'>
      <namespaceContainer t='220' idref='1'/>
    </child>
  </namespaceRoot>
</root>
