<?xml version="1.0" encoding="UTF-8"?>
<root t='150' id='1' V150='13' creationTimestamp='0x15cab93d818' V1='4' name='GetContractsRequestType' incarnation='11'>
  <rootElem t='167' id='2' V167='21' V283='1' occurMaxTimes='1' minSize='-1' maxSize='-1' groupType='1' repHandlerStruct='' inheritsFrom='' namespaceIndex='1' V281='13' V1='4' name='GetContractsRequestType'>
    <structNode t='150' idref='1'/>
    <child t='167' id='3' V167='21' V283='1' occurMaxTimes='-1' minSize='-1' maxSize='-1' dataType='2' repHandlerStruct='' visible='true' inheritsFrom='' namespaceIndex='1' V281='13' V1='4' name='ContractID'>
      <structNode t='150' idref='1'/>
    </child>
    <child t='167' id='4' V167='21' V283='1' occurMaxTimes='1' minSize='-1' maxSize='-1' dataType='2' repHandlerStruct='' visible='true' inheritsFrom='' namespaceIndex='1' V281='13' V1='4' name='CustomerAccountNumber'>
      <structNode t='150' idref='1'/>
    </child>
    <child t='167' id='5' V167='21' inheritsFromIncarnation='8' inheritsFromTimestamp='0x15cab93d812' inheritsInThisStruct='true' V283='1' occurMaxTimes='1' minSize='-1' maxSize='-1' inheritsFromCopyRule='20' groupType='1' repHandlerStruct='' visible='true' inheritsFrom='Structures/ContractsService/17Dec2015/ContractsService/Types/hsgc/CustomerNameType.xml' namespaceIndex='1' V281='13' V1='4' name='CustomerName'>
      <structNode t='150' idref='1'/>
      <savedDerivedCopy t='167' id='6' V167='21' needInheritInit='true' inheritsInThisStruct='true' V283='1' occurMaxTimes='1' minSize='-1' maxSize='-1' inheritsFromCopyRule='20' groupType='1' repHandlerStruct='' visible='true' inheritsFrom='Structures/ContractsService/17Dec2015/ContractsService/Types/hsgc/CustomerNameType.xml' namespaceIndex='1' V281='13' V1='4' name='CustomerName'>
      </savedDerivedCopy>
      <savedOrigCopyAtInheritsFrom t='167' id='7' V167='21' V283='1' occurMaxTimes='1' minSize='-1' maxSize='-1' groupType='1' repHandlerStruct='' inheritsFrom='' namespaceIndex='1' V281='13' V1='4' name='CustomerNameType'>
      </savedOrigCopyAtInheritsFrom>
    </child>
    <child t='167' id='8' V167='21' inheritsFromIncarnation='10' inheritsFromTimestamp='0x15cab93d7c8' inheritsInThisStruct='true' V283='1' occurMaxTimes='1' minSize='-1' maxSize='-1' inheritsFromCopyRule='20' groupType='1' repHandlerStruct='' visible='true' inheritsFrom='Structures/ContractsService/17Dec2015/ContractsService/Types/hsgcd/ContactDetailsType.xml' namespaceIndex='1' V281='13' V1='4' name='ContactDetails'>
      <structNode t='150' idref='1'/>
      <savedDerivedCopy t='167' id='9' V167='21' needInheritInit='true' inheritsInThisStruct='true' V283='1' occurMaxTimes='1' minSize='-1' maxSize='-1' inheritsFromCopyRule='20' groupType='1' repHandlerStruct='' visible='true' inheritsFrom='Structures/ContractsService/17Dec2015/ContractsService/Types/hsgcd/ContactDetailsType.xml' namespaceIndex='1' V281='13' V1='4' name='ContactDetails'>
      </savedDerivedCopy>
      <savedOrigCopyAtInheritsFrom t='167' id='10' V167='21' V283='1' occurMaxTimes='1' minSize='-1' maxSize='-1' groupType='1' repHandlerStruct='' inheritsFrom='' namespaceIndex='1' V281='13' V1='4' name='ContactDetailsType'>
      </savedOrigCopyAtInheritsFrom>
    </child>
    <child t='167' id='11' V167='21' inheritsFromIncarnation='10' inheritsFromTimestamp='0x15cab93d6ef' inheritsInThisStruct='true' V283='1' occurMaxTimes='1' minSize='-1' maxSize='-1' inheritsFromCopyRule='20' groupType='1' repHandlerStruct='' visible='true' inheritsFrom='Structures/ContractsService/17Dec2015/ContractsService/Types/hsega/AddressType.xml' namespaceIndex='1' V281='13' V1='4' name='Address' checksumValid='true' checksum='sxFjowikYWbvFc4twDZxNsRuVSw='>
      <structNode t='150' idref='1'/>
      <savedDerivedCopy t='167' id='12' V167='21' needInheritInit='true' inheritsInThisStruct='true' V283='1' occurMaxTimes='1' minSize='-1' maxSize='-1' inheritsFromCopyRule='20' groupType='1' repHandlerStruct='' visible='true' inheritsFrom='Structures/ContractsService/17Dec2015/ContractsService/Types/hsega/AddressType.xml' namespaceIndex='1' V281='13' V1='4' name='Address'>
      </savedDerivedCopy>
      <savedOrigCopyAtInheritsFrom t='167' id='13' V167='21' V283='1' occurMaxTimes='1' minSize='-1' maxSize='-1' groupType='1' repHandlerStruct='' inheritsFrom='' namespaceIndex='1' V281='13' V1='4' name='AddressType'>
      </savedOrigCopyAtInheritsFrom>
    </child>
  </rootElem>
  <defaultRep t='172' id='14' V172='6' autoFixNamespaceMismatch='true' V170='10' V692='1' unnamedElemsNamespace='1' V690='1' ignoreExcluded='true' fixInvalidCharacters='true' V1='4' name='XML'>
    <namespaceContainers t='220' ref='Namespace Containers/ContractsService_17Dec2015_ContractsService.xml'/>
  </defaultRep>
  <namespaceList t='161' id='15' V161='1' namespaceUri='___osdtDummy___' V1='4'>
  </namespaceList>
  <namespaceList t='161' id='16' V161='1' namespaceUri='http://www.homeserve.com/Europe/GB/Customer/Contract/ContractServiceOperations/v1' namespacePrefix='hsegcccdo' V1='4'>
  </namespaceList>
  <namespaceList t='161' id='17' V161='1' namespaceUri='http://www.homeserve.com/Global/Customer/v1' namespacePrefix='hsgc' V1='4'>
  </namespaceList>
  <namespaceList t='161' id='18' V161='1' namespaceUri='http://www.homeserve.com/Global/Customer/ContactDetails/v1' namespacePrefix='hsgcd' V1='4'>
  </namespaceList>
  <namespaceList t='161' id='19' V161='1' namespaceUri='http://www.homeserve.com/Europe/GB/Address/v1' namespacePrefix='hsega' V1='4'>
  </namespaceList>
  <child t='162' id='20' V1='4' name='Representations'>
    <child t='172' idref='14'/>
  </child>
  <child t='165' id='21' V1='4' name='Document Bindings'>
    <child t='166' id='22' V166='5' docType='1' V1='4' name='/hsegcccdo:GetContractsRequestType'>
      <elemNode t='167' idref='2'/>
    </child>
  </child>
</root>
