<?xml version="1.0" encoding="UTF-8"?>
<root t='190' id='1' V190='11' inStruct='Structures/ClaimsAdapter/17Dec2015/ClaimsAdapterOld/Elements/elm/ServiceAvailabilityRequest.xml' outStruct='Structures/ProductMapping/Elements/pm/ServiceAvailabilityRequest.xml' inputRep='172' outputRep='172' nextMap='' inputStructUserName='ServiceAvailabilityRequest' outputStructUserName='ServiceAvailabilityRequest' V1='4' name='ProductMappingRequest' incarnation='388'>
  <inputMapElem t='200' id='2' V200='7' input='true' shown='5' structElemExists='true' V283='1' occurMinTimes='1' occurMaxTimes='1' minSize='-1' maxSize='-1' inheritsFromCopyRule='20' groupType='1' repHandlerStruct='' visible='true' inheritsFrom='Structures/ClaimsAdapter/17Dec2015/ClaimsAdapter/Types/hsgco/ServiceAvailabilityRequestType.xml' namespaceIndex='1' V281='13' V1='4' name='ServiceAvailabilityRequest'>
    <mapNode t='190' idref='1'/>
    <child t='200' id='3' V200='7' input='true' shown='5' structElemExists='true' valueSetIndex='1' V283='1' occurMinTimes='1' occurMaxTimes='1' minSize='-1' maxSize='-1' dataType='1' repHandlerStruct='' visible='true' inheritsFrom='' namespaceIndex='2' V281='13' V1='4' name='DeepPing'>
      <mapNode t='190' idref='1'/>
    </child>
    <child t='200' id='4' V200='7' input='true' shown='5' structElemExists='true' valueSetIndex='1' V283='1' occurMaxTimes='1' minSize='-1' maxSize='-1' dataType='1' repHandlerStruct='' visible='true' inheritsFrom='' namespaceIndex='2' V281='13' V1='4' name='Verbose'>
      <mapNode t='190' idref='1'/>
    </child>
  </inputMapElem>
  <outputMapElem t='200' id='5' V200='7' shown='5' structElemExists='true' V283='1' occurMinTimes='1' occurMaxTimes='1' minSize='-1' maxSize='-1' inheritsFromCopyRule='20' groupType='1' repHandlerStruct='' visible='true' inheritsFrom='Structures/ProductMapping/Types/hsgco/ServiceAvailabilityRequestType.xml' namespaceIndex='1' V281='13' modifiedFromParent_loop='true' V1='4' name='ServiceAvailabilityRequest'>
    <mapNode t='190' idref='1'/>
    <loop>SimpleLoop([autoAdded="true"],in$/elm:ServiceAvailabilityRequest,{Filter},{Sort Keys},{Contexts})</loop>
    <child t='200' id='6' V200='7' shown='5' structElemExists='true' valueSetIndex='1' V283='1' occurMinTimes='1' occurMaxTimes='1' minSize='-1' maxSize='-1' dataType='1' repHandlerStruct='' visible='true' inheritsFrom='' namespaceIndex='2' V281='13' modifiedFromParent_value='true' V1='4' name='DeepPing'>
      <mapNode t='190' idref='1'/>
      <value>MapValues(in$/elm:ServiceAvailabilityRequest/hsgco:DeepPing,(ValueMapping(Constant([value="true",dataType="2"],),Constant([value="true",dataType="2"],)),ValueMapping(Constant([value="false",dataType="2"],),Constant([value="false",dataType="2"],))))</value>
    </child>
    <child t='200' id='7' V200='7' shown='5' structElemExists='true' valueSetIndex='1' V283='1' occurMaxTimes='1' minSize='-1' maxSize='-1' dataType='1' repHandlerStruct='' visible='true' inheritsFrom='' namespaceIndex='2' V281='13' modifiedFromParent_value='true' V1='4' name='Verbose'>
      <mapNode t='190' idref='1'/>
      <value>MapValues(in$/elm:ServiceAvailabilityRequest/hsgco:Verbose,(ValueMapping(Constant([value="true",dataType="2"],),Constant([value="true",dataType="2"],)),ValueMapping(Constant([value="false",dataType="2"],),Constant([value="false",dataType="2"],))))</value>
    </child>
  </outputMapElem>
  <inputNsList t='161' id='8' V161='1' namespaceUri='___osdtDummy___' V1='4'>
  </inputNsList>
  <inputNsList t='161' id='9' V161='1' namespaceUri='http://www.homeserve.com/Global/Customer/Claim/ClaimsAdapter/v1' namespacePrefix='elm' V1='4'>
  </inputNsList>
  <inputNsList t='161' id='10' V161='1' namespaceUri='http://www.homeserve.com/Global/Common/CommonService/v1' namespacePrefix='hsgco' V1='4'>
  </inputNsList>
  <outputNsList t='161' id='11' V161='1' namespaceUri='___osdtDummy___' V1='4'>
  </outputNsList>
  <outputNsList t='161' id='12' V161='1' namespaceUri='http://www.homeserve.com/Global/ProductMapping/ProductMappingService/v1' namespacePrefix='pm' V1='4'>
  </outputNsList>
  <outputNsList t='161' id='13' V161='1' namespaceUri='http://www.homeserve.com/Global/Common/CommonService/v1' namespacePrefix='hsgco' V1='4'>
  </outputNsList>
  <inputRepRuntime t='692' id='14' V692='1' unnamedElemsNamespace='1' V690='1'>
    <namespaceContainers t='220' ref='Namespace Containers/ClaimsAdapter_17Dec2015_ClaimsAdapter.xml'/>
  </inputRepRuntime>
  <outputRepRuntime t='692' id='15' V692='1' V690='1'>
    <namespaceContainers t='220' ref='Namespace Containers/ProductMapping.xml'/>
  </outputRepRuntime>
  <valueSets></valueSets>
  <valueSets>true|false</valueSets>
  <inputXmlRepRuntime t='692' idref='14'/>
  <outputXmlRepRuntime t='692' idref='15'/>
  <child t='165' id='16' V1='4' name='Document Bindings'>
    <child t='166' id='17' V166='5' docType='1' V1='4' name='in$/elm:ServiceAvailabilityRequest'>
      <elemNode t='200' idref='2'/>
    </child>
    <child t='166' id='18' V166='5' docType='2' V1='4' name='out$/pm:ServiceAvailabilityRequest'>
      <elemNode t='200' idref='5'/>
    </child>
  </child>
  <child t='201' id='19' V1='4' name='Inherits From'>
  </child>
</root>
