<?xml version="1.0" encoding="UTF-8"?>
<root t='190' id='1' V190='11' inStruct='Structures/R6/DocProcessing/DocProcessService_V4/Elements/hsgdps/ProcessDocumentRequest.xml' outStruct='Structures/R6/DocProcessing/DocProcessService_V4/Elements/hsgdps/ProcessDocumentRequest.xml' inputRep='172' outputRep='172' nextMap='' inputStructUserName='ProcessDocumentRequest' outputStructUserName='ProcessDocumentRequest' V1='4' name='DP_RequestMap' incarnation='955'>
  <inputMapElem t='200' id='2' V200='7' input='true' shown='5' structElemExists='true' V283='1' occurMinTimes='1' occurMaxTimes='1' minSize='-1' maxSize='-1' inheritsFromCopyRule='20' groupType='1' repHandlerStruct='' visible='true' inheritsFrom='Structures/R6/DocProcessing/DocProcessService_V4/Types/hsgdpso/ProcessDocumentRequestType.xml' namespaceIndex='1' V281='13' V1='4' name='ProcessDocumentRequest'>
    <mapNode t='190' idref='1'/>
    <child t='200' id='3' V200='7' input='true' shown='5' structElemExists='true' V283='1' occurMinTimes='1' occurMaxTimes='1' minSize='-1' maxSize='-1' inheritsFromCopyRule='20' groupType='1' repHandlerStruct='' visible='true' inheritsFrom='Structures/R6/DocProcessing/DocProcessService_V4/Types/hsgcm/LoginCredentialsType.xml' namespaceIndex='2' V281='13' V1='4' name='LoginCredentials'>
      <mapNode t='190' idref='1'/>
      <child t='200' id='4' V200='7' input='true' shown='1' structElemExists='true' V283='1' occurMinTimes='1' occurMaxTimes='1' minSize='-1' maxSize='-1' dataType='2' repHandlerStruct='' visible='true' inheritsFrom='' namespaceIndex='3' V281='13' V1='4' name='LoginID'>
        <mapNode t='190' idref='1'/>
      </child>
      <child t='200' id='5' V200='7' input='true' shown='1' structElemExists='true' V283='1' occurMinTimes='1' occurMaxTimes='1' minSize='-1' maxSize='-1' dataType='2' repHandlerStruct='' visible='true' inheritsFrom='' namespaceIndex='3' V281='13' V1='4' name='Password'>
        <mapNode t='190' idref='1'/>
      </child>
    </child>
    <child t='200' id='6' V200='7' input='true' shown='5' structElemExists='true' V283='1' occurMinTimes='1' occurMaxTimes='1' minSize='-1' maxSize='-1' inheritsFromCopyRule='20' groupType='1' repHandlerStruct='' visible='true' inheritsFrom='Structures/R6/DocProcessing/DocProcessService_V4/Types/hsgdpot/InstructionType.xml' namespaceIndex='2' V281='13' V1='4' name='Instruction'>
      <mapNode t='190' idref='1'/>
      <child t='200' id='7' V200='7' input='true' shown='1' structElemExists='true' V283='1' occurMinTimes='1' occurMaxTimes='1' minSize='-1' maxSize='-1' dataType='2' repHandlerStruct='' visible='true' inheritsFrom='' namespaceIndex='4' V281='13' V1='4' name='InstructionId'>
        <mapNode t='190' idref='1'/>
      </child>
      <child t='200' id='8' V200='7' input='true' shown='5' structElemExists='true' valueSetIndex='1' V283='1' occurMinTimes='1' occurMaxTimes='1' minSize='-1' maxSize='-1' inheritsFromCopyRule='20' dataType='2' repHandlerStruct='' visible='true' inheritsFrom='Structures/R6/DocProcessing/DocProcessService_V4/Types/hsgdpot/InstructionTypeEnum.xml' namespaceIndex='4' V281='13' V1='4' name='InstructionType'>
        <mapNode t='190' idref='1'/>
      </child>
    </child>
    <child t='200' id='9' V200='7' input='true' shown='5' structElemExists='true' V283='1' occurMinTimes='1' occurMaxTimes='1' minSize='-1' maxSize='-1' inheritsFromCopyRule='20' groupType='1' repHandlerStruct='' visible='true' inheritsFrom='Structures/R6/DocProcessing/DocProcessService_V4/Types/hsgdcot/CompositionType.xml' namespaceIndex='2' V281='13' V1='4' name='Composition'>
      <mapNode t='190' idref='1'/>
      <child t='200' id='10' V200='7' input='true' shown='5' structElemExists='true' V283='1' occurMinTimes='1' occurMaxTimes='1' minSize='-1' maxSize='-1' inheritsFromCopyRule='20' groupType='1' repHandlerStruct='' visible='true' inheritsFrom='Structures/R6/DocProcessing/DocProcessService_V4/Types/hsgdcot/CompositionJobType.xml' namespaceIndex='5' V281='13' V1='4' name='Job'>
        <mapNode t='190' idref='1'/>
        <child t='200' id='11' V200='7' input='true' shown='1' structElemExists='true' V283='1' occurMinTimes='1' occurMaxTimes='1' minSize='-1' maxSize='-1' dataType='2' repHandlerStruct='' visible='true' inheritsFrom='' namespaceIndex='5' V281='13' V1='4' name='Type'>
          <mapNode t='190' idref='1'/>
        </child>
        <child t='200' id='12' V200='7' input='true' shown='1' structElemExists='true' V283='1' occurMinTimes='1' occurMaxTimes='1' minSize='-1' maxSize='-1' dataType='12' repHandlerStruct='' visible='true' inheritsFrom='' namespaceIndex='5' V281='13' V1='4' name='SSID'>
          <mapNode t='190' idref='1'/>
        </child>
        <child t='200' id='13' V200='7' input='true' shown='1' structElemExists='true' V283='1' occurMinTimes='1' occurMaxTimes='1' minSize='-1' maxSize='-1' dataType='2' repHandlerStruct='' visible='true' inheritsFrom='' namespaceIndex='5' V281='13' V1='4' name='Format'>
          <mapNode t='190' idref='1'/>
        </child>
        <child t='200' id='14' V200='7' input='true' shown='1' structElemExists='true' V283='1' occurMinTimes='1' occurMaxTimes='1' minSize='-1' maxSize='-1' dataType='2' repHandlerStruct='' visible='true' inheritsFrom='' namespaceIndex='5' V281='13' V1='4' name='Template'>
          <mapNode t='190' idref='1'/>
        </child>
        <child t='200' id='15' V200='7' input='true' shown='1' structElemExists='true' V283='1' occurMaxTimes='1' minSize='-1' maxSize='-1' dataType='31' repHandlerStruct='' visible='true' inheritsFrom='' namespaceIndex='5' V281='13' V1='4' name='EffectiveDate'>
          <mapNode t='190' idref='1'/>
        </child>
        <child t='200' id='16' V200='7' input='true' shown='1' structElemExists='true' V283='1' occurMaxTimes='1' minSize='-1' maxSize='-1' dataType='2' repHandlerStruct='' visible='true' inheritsFrom='' namespaceIndex='5' V281='13' V1='4' name='ReasonForSending'>
          <mapNode t='190' idref='1'/>
        </child>
      </child>
      <child t='200' id='17' V200='7' input='true' shown='5' structElemExists='true' V283='1' occurMinTimes='1' occurMaxTimes='1' minSize='-1' maxSize='-1' inheritsFromCopyRule='20' groupType='1' repHandlerStruct='' visible='true' inheritsFrom='Structures/R6/DocProcessing/DocProcessService_V4/Types/hsgdcot/CompositionDataType.xml' namespaceIndex='5' V281='13' V1='4' name='Data'>
        <mapNode t='190' idref='1'/>
        <child t='200' id='18' V200='7' input='true' shown='1' structElemExists='true' V283='1' occurMinTimes='1' occurMaxTimes='1' minSize='-1' maxSize='-1' elemType='6' repHandlerStruct='' visible='true' inheritsFrom='' V281='13' V1='4' name='Any'>
          <mapNode t='190' idref='1'/>
        </child>
      </child>
    </child>
    <child t='200' id='19' V200='7' input='true' shown='5' structElemExists='true' V283='1' occurMaxTimes='1' minSize='-1' maxSize='-1' inheritsFromCopyRule='20' groupType='1' repHandlerStruct='' visible='true' inheritsFrom='Structures/R6/DocProcessing/DocProcessService_V4/Types/hsgdo/DocumentType.xml' namespaceIndex='2' V281='13' V1='4' name='Document'>
      <mapNode t='190' idref='1'/>
      <child t='200' id='20' V200='7' input='true' shown='1' structElemExists='true' V283='1' occurMaxTimes='1' minSize='-1' maxSize='-1' dataType='2' repHandlerStruct='' visible='true' inheritsFrom='' namespaceIndex='6' V281='13' V1='4' name='AlfrescoUUID'>
        <mapNode t='190' idref='1'/>
      </child>
      <child t='200' id='21' V200='7' input='true' shown='1' structElemExists='true' V283='1' occurMaxTimes='1' minSize='-1' maxSize='-1' dataType='2' repHandlerStruct='' visible='true' inheritsFrom='' namespaceIndex='6' V281='13' V1='4' name='Name'>
        <mapNode t='190' idref='1'/>
      </child>
      <child t='200' id='22' V200='7' input='true' shown='1' structElemExists='true' V283='1' occurMaxTimes='1' minSize='-1' maxSize='-1' dataType='2' repHandlerStruct='' visible='true' inheritsFrom='' namespaceIndex='6' V281='13' V1='4' name='Type'>
        <mapNode t='190' idref='1'/>
      </child>
      <child t='200' id='23' V200='7' input='true' shown='1' structElemExists='true' V283='1' occurMaxTimes='1' minSize='-1' maxSize='-1' dataType='2' repHandlerStruct='' visible='true' inheritsFrom='' namespaceIndex='6' V281='13' V1='4' name='VersionNumber'>
        <mapNode t='190' idref='1'/>
      </child>
      <child t='200' id='24' V200='7' input='true' shown='1' structElemExists='true' V283='1' occurMaxTimes='1' minSize='-1' maxSize='-1' dataType='2' repHandlerStruct='' visible='true' inheritsFrom='' namespaceIndex='6' V281='13' V1='4' name='Comments'>
        <mapNode t='190' idref='1'/>
      </child>
      <child t='200' id='25' V200='7' input='true' shown='5' structElemExists='true' V283='1' occurMaxTimes='1' minSize='-1' maxSize='-1' inheritsFromCopyRule='20' groupType='1' repHandlerStruct='' visible='true' inheritsFrom='Structures/R6/DocProcessing/DocProcessService_V4/Types/hsgdo/PropertiesType.xml' namespaceIndex='6' V281='13' V1='4' name='Properties'>
        <mapNode t='190' idref='1'/>
        <child t='200' id='26' V200='7' input='true' shown='5' structElemExists='true' V283='1' occurMaxTimes='-1' minSize='-1' maxSize='-1' inheritsFromCopyRule='20' groupType='1' repHandlerStruct='' visible='true' inheritsFrom='Structures/R6/DocProcessing/DocProcessService_V4/Types/hsgcm/NameValuePairType.xml' namespaceIndex='6' V281='13' V1='4' name='NameValuePair'>
          <mapNode t='190' idref='1'/>
          <child t='200' id='27' V200='7' input='true' shown='1' structElemExists='true' V283='1' occurMinTimes='1' occurMaxTimes='1' minSize='-1' maxSize='-1' dataType='2' repHandlerStruct='' visible='true' inheritsFrom='' namespaceIndex='3' V281='13' V1='4' name='Name'>
            <mapNode t='190' idref='1'/>
          </child>
          <child t='200' id='28' V200='7' input='true' shown='1' structElemExists='true' valueSetIndex='2' V283='1' occurMinTimes='1' occurMaxTimes='1' minSize='-1' maxSize='-1' inheritsFromCopyRule='20' dataType='2' repHandlerStruct='' visible='true' inheritsFrom='Structures/R6/DocProcessing/DocProcessService_V4/Types/hsgcm/ValueTypeEnum.xml' namespaceIndex='3' V281='13' V1='4' name='ValueType'>
            <mapNode t='190' idref='1'/>
          </child>
          <child t='200' id='29' V200='7' input='true' shown='5' structElemExists='true' V283='1' occurMinTimes='1' occurMaxTimes='1' minSize='-1' maxSize='-1' groupType='2' repHandlerStruct='' inheritsFrom='' V281='13' V1='4' name='Anonymous_choice'>
            <mapNode t='190' idref='1'/>
            <child t='200' id='30' V200='7' input='true' shown='5' structElemExists='true' V283='1' occurMaxTimes='1' minSize='-1' maxSize='-1' dataType='31' repHandlerStruct='' visible='true' inheritsFrom='' namespaceIndex='3' V281='13' V1='4' name='DateValue'>
              <mapNode t='190' idref='1'/>
            </child>
            <child t='200' id='31' V200='7' input='true' shown='5' structElemExists='true' V283='1' occurMaxTimes='1' minSize='-1' maxSize='-1' dataType='21' repHandlerStruct='' visible='true' inheritsFrom='' namespaceIndex='3' V281='13' V1='4' name='NumericValue'>
              <mapNode t='190' idref='1'/>
            </child>
            <child t='200' id='32' V200='7' input='true' shown='5' structElemExists='true' V283='1' occurMaxTimes='1' minSize='-1' maxSize='-1' dataType='12' repHandlerStruct='' visible='true' inheritsFrom='' namespaceIndex='3' V281='13' V1='4' name='IntegerValue'>
              <mapNode t='190' idref='1'/>
            </child>
            <child t='200' id='33' V200='7' input='true' shown='5' structElemExists='true' V283='1' occurMaxTimes='1' minSize='-1' maxSize='-1' dataType='2' repHandlerStruct='' visible='true' inheritsFrom='' namespaceIndex='3' V281='13' V1='4' name='StringValue'>
              <mapNode t='190' idref='1'/>
            </child>
            <child t='200' id='34' V200='7' input='true' shown='5' structElemExists='true' valueSetIndex='3' V283='1' occurMaxTimes='1' minSize='-1' maxSize='-1' dataType='1' repHandlerStruct='' visible='true' inheritsFrom='' namespaceIndex='3' V281='13' V1='4' name='BooleanValue'>
              <mapNode t='190' idref='1'/>
            </child>
            <child t='200' id='35' V200='7' input='true' shown='5' structElemExists='true' V283='1' occurMaxTimes='1' minSize='-1' maxSize='-1' dataType='2' repHandlerStruct='' visible='true' inheritsFrom='' namespaceIndex='3' V281='13' V1='4' name='BlobValue'>
              <mapNode t='190' idref='1'/>
            </child>
          </child>
        </child>
      </child>
    </child>
  </inputMapElem>
  <outputMapElem t='200' id='36' V200='7' shown='5' structElemExists='true' V283='1' occurMinTimes='1' occurMaxTimes='1' minSize='-1' maxSize='-1' inheritsFromCopyRule='20' groupType='1' repHandlerStruct='' visible='true' inheritsFrom='Structures/R6/DocProcessing/DocProcessService_V4/Types/hsgdpso/ProcessDocumentRequestType.xml' namespaceIndex='1' V281='13' modifiedFromParent_loop='true' V1='4' name='ProcessDocumentRequest'>
    <mapNode t='190' idref='1'/>
    <loop>SimpleLoop([autoAdded="true"],in$/hsgdps:ProcessDocumentRequest,{Filter},{Sort Keys},{Contexts})</loop>
    <child t='200' id='37' V200='7' shown='5' structElemExists='true' V283='1' occurMinTimes='1' occurMaxTimes='1' minSize='-1' maxSize='-1' inheritsFromCopyRule='20' groupType='1' repHandlerStruct='' visible='true' inheritsFrom='Structures/R6/DocProcessing/DocProcessService_V4/Types/hsgcm/LoginCredentialsType.xml' namespaceIndex='2' V281='13' V1='4' name='LoginCredentials'>
      <mapNode t='190' idref='1'/>
      <child t='200' id='38' V200='7' shown='5' structElemExists='true' V283='1' occurMinTimes='1' occurMaxTimes='1' minSize='-1' maxSize='-1' dataType='2' repHandlerStruct='' visible='true' inheritsFrom='' namespaceIndex='3' V281='13' modifiedFromParent_value='true' V1='4' name='LoginID'>
        <mapNode t='190' idref='1'/>
        <value>in$/hsgdps:ProcessDocumentRequest/hsgdpso:LoginCredentials/hsgcm:LoginID</value>
      </child>
      <child t='200' id='39' V200='7' shown='5' structElemExists='true' V283='1' occurMinTimes='1' occurMaxTimes='1' minSize='-1' maxSize='-1' dataType='2' repHandlerStruct='' visible='true' inheritsFrom='' namespaceIndex='3' V281='13' modifiedFromParent_value='true' V1='4' name='Password'>
        <mapNode t='190' idref='1'/>
        <value>in$/hsgdps:ProcessDocumentRequest/hsgdpso:LoginCredentials/hsgcm:Password</value>
      </child>
    </child>
    <child t='200' id='40' V200='7' shown='5' structElemExists='true' V283='1' occurMinTimes='1' occurMaxTimes='1' minSize='-1' maxSize='-1' inheritsFromCopyRule='20' groupType='1' repHandlerStruct='' visible='true' inheritsFrom='Structures/R6/DocProcessing/DocProcessService_V4/Types/hsgdpot/InstructionType.xml' namespaceIndex='2' V281='13' V1='4' name='Instruction'>
      <mapNode t='190' idref='1'/>
      <child t='200' id='41' V200='7' shown='5' structElemExists='true' V283='1' occurMinTimes='1' occurMaxTimes='1' minSize='-1' maxSize='-1' dataType='2' repHandlerStruct='' visible='true' inheritsFrom='' namespaceIndex='4' V281='13' modifiedFromParent_value='true' V1='4' name='InstructionId'>
        <mapNode t='190' idref='1'/>
        <value>in$/hsgdps:ProcessDocumentRequest/hsgdpso:Instruction/hsgdpot:InstructionId</value>
      </child>
      <child t='200' id='42' V200='7' shown='5' structElemExists='true' valueSetIndex='1' V283='1' occurMinTimes='1' occurMaxTimes='1' minSize='-1' maxSize='-1' inheritsFromCopyRule='20' dataType='2' repHandlerStruct='' visible='true' inheritsFrom='Structures/R6/DocProcessing/DocProcessService_V4/Types/hsgdpot/InstructionTypeEnum.xml' namespaceIndex='4' V281='13' modifiedFromParent_value='true' V1='4' name='InstructionType'>
        <mapNode t='190' idref='1'/>
        <value>MapValues(in$/hsgdps:ProcessDocumentRequest/hsgdpso:Instruction/hsgdpot:InstructionType,(ValueMapping(Constant([value="Store",dataType="2"],),Constant([value="Store",dataType="2"],)),ValueMapping(Constant([value="Print",dataType="2"],),Constant([value="Print",dataType="2"],)),ValueMapping(Constant([value="Email",dataType="2"],),Constant([value="Email",dataType="2"],)),ValueMapping(Constant([value="SMS",dataType="2"],),Constant([value="SMS",dataType="2"],)),ValueMapping(Constant([value="Reprint",dataType="2"],),Constant([value="Reprint",dataType="2"],))))</value>
      </child>
    </child>
    <child t='200' id='43' V200='7' shown='5' structElemExists='true' V283='1' occurMinTimes='1' occurMaxTimes='1' minSize='-1' maxSize='-1' inheritsFromCopyRule='20' groupType='1' repHandlerStruct='' visible='true' inheritsFrom='Structures/R6/DocProcessing/DocProcessService_V4/Types/hsgdcot/CompositionType.xml' namespaceIndex='2' V281='13' V1='4' name='Composition'>
      <mapNode t='190' idref='1'/>
      <child t='200' id='44' V200='7' shown='5' structElemExists='true' V283='1' occurMinTimes='1' occurMaxTimes='1' minSize='-1' maxSize='-1' inheritsFromCopyRule='20' groupType='1' repHandlerStruct='' visible='true' inheritsFrom='Structures/R6/DocProcessing/DocProcessService_V4/Types/hsgdcot/CompositionJobType.xml' namespaceIndex='5' V281='13' V1='4' name='Job'>
        <mapNode t='190' idref='1'/>
        <child t='200' id='45' V200='7' shown='5' structElemExists='true' V283='1' occurMinTimes='1' occurMaxTimes='1' minSize='-1' maxSize='-1' dataType='2' repHandlerStruct='' visible='true' inheritsFrom='' namespaceIndex='5' V281='13' modifiedFromParent_value='true' V1='4' name='Type'>
          <mapNode t='190' idref='1'/>
          <value>in$/hsgdps:ProcessDocumentRequest/hsgdpso:Composition/hsgdcot:Job/hsgdcot:Type</value>
        </child>
        <child t='200' id='46' V200='7' shown='5' structElemExists='true' V283='1' occurMinTimes='1' occurMaxTimes='1' minSize='-1' maxSize='-1' dataType='12' repHandlerStruct='' visible='true' inheritsFrom='' namespaceIndex='5' V281='13' modifiedFromParent_value='true' V1='4' name='SSID'>
          <mapNode t='190' idref='1'/>
          <value>in$/hsgdps:ProcessDocumentRequest/hsgdpso:Composition/hsgdcot:Job/hsgdcot:SSID</value>
        </child>
        <child t='200' id='47' V200='7' shown='5' structElemExists='true' V283='1' occurMinTimes='1' occurMaxTimes='1' minSize='-1' maxSize='-1' dataType='2' repHandlerStruct='' visible='true' inheritsFrom='' namespaceIndex='5' V281='13' modifiedFromParent_value='true' V1='4' name='Format'>
          <mapNode t='190' idref='1'/>
          <value>in$/hsgdps:ProcessDocumentRequest/hsgdpso:Composition/hsgdcot:Job/hsgdcot:Format</value>
        </child>
        <child t='200' id='48' V200='7' shown='5' structElemExists='true' V283='1' occurMinTimes='1' occurMaxTimes='1' minSize='-1' maxSize='-1' dataType='2' repHandlerStruct='' visible='true' inheritsFrom='' namespaceIndex='5' V281='13' modifiedFromParent_value='true' V1='4' name='Template'>
          <mapNode t='190' idref='1'/>
          <value>in$/hsgdps:ProcessDocumentRequest/hsgdpso:Composition/hsgdcot:Job/hsgdcot:Template</value>
        </child>
        <child t='200' id='49' V200='7' shown='5' structElemExists='true' V283='1' occurMaxTimes='1' minSize='-1' maxSize='-1' dataType='31' repHandlerStruct='' visible='true' inheritsFrom='' namespaceIndex='5' V281='13' modifiedFromParent_value='true' V1='4' name='EffectiveDate'>
          <mapNode t='190' idref='1'/>
          <value>in$/hsgdps:ProcessDocumentRequest/hsgdpso:Composition/hsgdcot:Job/hsgdcot:EffectiveDate</value>
        </child>
        <child t='200' id='50' V200='7' shown='5' structElemExists='true' V283='1' occurMaxTimes='1' minSize='-1' maxSize='-1' dataType='2' repHandlerStruct='' visible='true' inheritsFrom='' namespaceIndex='5' V281='13' modifiedFromParent_value='true' V1='4' name='ReasonForSending'>
          <mapNode t='190' idref='1'/>
          <value>in$/hsgdps:ProcessDocumentRequest/hsgdpso:Composition/hsgdcot:Job/hsgdcot:ReasonForSending</value>
        </child>
      </child>
      <child t='200' id='51' V200='7' shown='5' structElemExists='true' V283='1' occurMinTimes='1' occurMaxTimes='1' minSize='-1' maxSize='-1' inheritsFromCopyRule='20' groupType='1' repHandlerStruct='' visible='true' inheritsFrom='Structures/R6/DocProcessing/DocProcessService_V4/Types/hsgdcot/CompositionDataType.xml' namespaceIndex='5' V281='13' V1='4' name='Data'>
        <mapNode t='190' idref='1'/>
        <child t='200' id='52' V200='7' shown='5' structElemExists='true' V283='1' occurMinTimes='1' occurMaxTimes='1' minSize='-1' maxSize='-1' elemType='6' repHandlerStruct='' visible='true' inheritsFrom='' V281='13' modifiedFromParent_value='true' V1='4' name='Any'>
          <mapNode t='190' idref='1'/>
          <value>AnyConcat(in$/hsgdps:ProcessDocumentRequest/hsgdpso:Composition/hsgdcot:Data/Any)</value>
        </child>
      </child>
    </child>
    <child t='200' id='53' V200='7' shown='5' structElemExists='true' V283='1' occurMaxTimes='1' minSize='-1' maxSize='-1' inheritsFromCopyRule='20' groupType='1' repHandlerStruct='' visible='true' inheritsFrom='Structures/R6/DocProcessing/DocProcessService_V4/Types/hsgdo/DocumentType.xml' namespaceIndex='2' V281='13' modifiedFromParent_emit='true' V1='4' name='Document'>
      <mapNode t='190' idref='1'/>
      <emit>IsPresent(in$/hsgdps:ProcessDocumentRequest/hsgdpso:Document)</emit>
      <child t='200' id='54' V200='7' shown='5' structElemExists='true' V283='1' occurMaxTimes='1' minSize='-1' maxSize='-1' dataType='2' repHandlerStruct='' visible='true' inheritsFrom='' namespaceIndex='6' V281='13' modifiedFromParent_value='true' V1='4' name='AlfrescoUUID'>
        <mapNode t='190' idref='1'/>
        <value>in$/hsgdps:ProcessDocumentRequest/hsgdpso:Document/hsgdo:AlfrescoUUID</value>
      </child>
      <child t='200' id='55' V200='7' shown='5' structElemExists='true' V283='1' occurMaxTimes='1' minSize='-1' maxSize='-1' dataType='2' repHandlerStruct='' visible='true' inheritsFrom='' namespaceIndex='6' V281='13' modifiedFromParent_value='true' V1='4' name='Name'>
        <mapNode t='190' idref='1'/>
        <value>in$/hsgdps:ProcessDocumentRequest/hsgdpso:Document/hsgdo:Name</value>
      </child>
      <child t='200' id='56' V200='7' shown='5' structElemExists='true' V283='1' occurMaxTimes='1' minSize='-1' maxSize='-1' dataType='2' repHandlerStruct='' visible='true' inheritsFrom='' namespaceIndex='6' V281='13' modifiedFromParent_value='true' V1='4' name='Type'>
        <mapNode t='190' idref='1'/>
        <value>in$/hsgdps:ProcessDocumentRequest/hsgdpso:Document/hsgdo:Type</value>
      </child>
      <child t='200' id='57' V200='7' shown='5' structElemExists='true' V283='1' occurMaxTimes='1' minSize='-1' maxSize='-1' dataType='2' repHandlerStruct='' visible='true' inheritsFrom='' namespaceIndex='6' V281='13' modifiedFromParent_value='true' V1='4' name='VersionNumber'>
        <mapNode t='190' idref='1'/>
        <value>in$/hsgdps:ProcessDocumentRequest/hsgdpso:Document/hsgdo:VersionNumber</value>
      </child>
      <child t='200' id='58' V200='7' shown='5' structElemExists='true' V283='1' occurMaxTimes='1' minSize='-1' maxSize='-1' dataType='2' repHandlerStruct='' visible='true' inheritsFrom='' namespaceIndex='6' V281='13' modifiedFromParent_value='true' V1='4' name='Comments'>
        <mapNode t='190' idref='1'/>
        <value>in$/hsgdps:ProcessDocumentRequest/hsgdpso:Document/hsgdo:Comments</value>
      </child>
      <child t='200' id='59' V200='7' shown='5' structElemExists='true' V283='1' occurMaxTimes='1' minSize='-1' maxSize='-1' inheritsFromCopyRule='20' groupType='1' repHandlerStruct='' visible='true' inheritsFrom='Structures/R6/DocProcessing/DocProcessService_V4/Types/hsgdo/PropertiesType.xml' namespaceIndex='6' V281='13' modifiedFromParent_emit='true' V1='4' name='Properties'>
        <mapNode t='190' idref='1'/>
        <emit>IsPresent(in$/hsgdps:ProcessDocumentRequest/hsgdpso:Document/hsgdo:Properties)</emit>
        <child t='200' id='60' V200='7' shown='5' structElemExists='true' V283='1' occurMaxTimes='-1' minSize='-1' maxSize='-1' inheritsFromCopyRule='20' groupType='1' repHandlerStruct='' visible='true' inheritsFrom='Structures/R6/DocProcessing/DocProcessService_V4/Types/hsgcm/NameValuePairType.xml' namespaceIndex='6' V281='13' modifiedFromParent_loop='true' V1='4' name='NameValuePair'>
          <mapNode t='190' idref='1'/>
          <loop>SimpleLoop(in$/hsgdps:ProcessDocumentRequest/hsgdpso:Document/hsgdo:Properties/hsgdo:NameValuePair,{Filter},{Sort Keys},{Contexts})</loop>
          <child t='200' id='61' V200='7' shown='5' structElemExists='true' V283='1' occurMinTimes='1' occurMaxTimes='1' minSize='-1' maxSize='-1' dataType='2' repHandlerStruct='' visible='true' inheritsFrom='' namespaceIndex='3' V281='13' modifiedFromParent_value='true' V1='4' name='Name'>
            <mapNode t='190' idref='1'/>
            <value>in$/hsgdps:ProcessDocumentRequest/hsgdpso:Document/hsgdo:Properties/hsgdo:NameValuePair/hsgcm:Name</value>
          </child>
          <child t='200' id='62' V200='7' shown='5' structElemExists='true' valueSetIndex='2' V283='1' occurMinTimes='1' occurMaxTimes='1' minSize='-1' maxSize='-1' inheritsFromCopyRule='20' dataType='2' repHandlerStruct='' visible='true' inheritsFrom='Structures/R6/DocProcessing/DocProcessService_V4/Types/hsgcm/ValueTypeEnum.xml' namespaceIndex='3' V281='13' modifiedFromParent_value='true' V1='4' name='ValueType'>
            <mapNode t='190' idref='1'/>
            <value>MapValues(in$/hsgdps:ProcessDocumentRequest/hsgdpso:Document/hsgdo:Properties/hsgdo:NameValuePair/hsgcm:ValueType,{Values})</value>
          </child>
          <child t='200' id='63' V200='7' shown='5' structElemExists='true' V283='1' occurMinTimes='1' occurMaxTimes='1' minSize='-1' maxSize='-1' groupType='2' repHandlerStruct='' inheritsFrom='' V281='13' V1='4' name='Anonymous_choice'>
            <mapNode t='190' idref='1'/>
            <child t='200' id='64' V200='7' shown='5' structElemExists='true' V283='1' occurMaxTimes='1' minSize='-1' maxSize='-1' dataType='31' repHandlerStruct='' visible='true' inheritsFrom='' namespaceIndex='3' V281='13' modifiedFromParent_emit='true' modifiedFromParent_value='true' V1='4' name='DateValue'>
              <mapNode t='190' idref='1'/>
              <emit>IsPresent(in$/hsgdps:ProcessDocumentRequest/hsgdpso:Document/hsgdo:Properties/hsgdo:NameValuePair/Anonymous_choice/hsgcm:DateValue)</emit>
              <value>in$/hsgdps:ProcessDocumentRequest/hsgdpso:Document/hsgdo:Properties/hsgdo:NameValuePair/Anonymous_choice/hsgcm:DateValue</value>
            </child>
            <child t='200' id='65' V200='7' shown='5' structElemExists='true' V283='1' occurMaxTimes='1' minSize='-1' maxSize='-1' dataType='21' repHandlerStruct='' visible='true' inheritsFrom='' namespaceIndex='3' V281='13' modifiedFromParent_emit='true' modifiedFromParent_value='true' V1='4' name='NumericValue'>
              <mapNode t='190' idref='1'/>
              <emit>IsPresent(in$/hsgdps:ProcessDocumentRequest/hsgdpso:Document/hsgdo:Properties/hsgdo:NameValuePair/Anonymous_choice/hsgcm:NumericValue)</emit>
              <value>in$/hsgdps:ProcessDocumentRequest/hsgdpso:Document/hsgdo:Properties/hsgdo:NameValuePair/Anonymous_choice/hsgcm:NumericValue</value>
            </child>
            <child t='200' id='66' V200='7' shown='5' structElemExists='true' V283='1' occurMaxTimes='1' minSize='-1' maxSize='-1' dataType='12' repHandlerStruct='' visible='true' inheritsFrom='' namespaceIndex='3' V281='13' modifiedFromParent_emit='true' modifiedFromParent_value='true' V1='4' name='IntegerValue'>
              <mapNode t='190' idref='1'/>
              <emit>IsPresent(in$/hsgdps:ProcessDocumentRequest/hsgdpso:Document/hsgdo:Properties/hsgdo:NameValuePair/Anonymous_choice/hsgcm:IntegerValue)</emit>
              <value>in$/hsgdps:ProcessDocumentRequest/hsgdpso:Document/hsgdo:Properties/hsgdo:NameValuePair/Anonymous_choice/hsgcm:IntegerValue</value>
            </child>
            <child t='200' id='67' V200='7' shown='5' structElemExists='true' V283='1' occurMaxTimes='1' minSize='-1' maxSize='-1' dataType='2' repHandlerStruct='' visible='true' inheritsFrom='' namespaceIndex='3' V281='13' modifiedFromParent_emit='true' modifiedFromParent_value='true' V1='4' name='StringValue'>
              <mapNode t='190' idref='1'/>
              <emit>IsPresent(in$/hsgdps:ProcessDocumentRequest/hsgdpso:Document/hsgdo:Properties/hsgdo:NameValuePair/Anonymous_choice/hsgcm:StringValue)</emit>
              <value>in$/hsgdps:ProcessDocumentRequest/hsgdpso:Document/hsgdo:Properties/hsgdo:NameValuePair/Anonymous_choice/hsgcm:StringValue</value>
            </child>
            <child t='200' id='68' V200='7' shown='5' structElemExists='true' valueSetIndex='3' V283='1' occurMaxTimes='1' minSize='-1' maxSize='-1' dataType='1' repHandlerStruct='' visible='true' inheritsFrom='' namespaceIndex='3' V281='13' modifiedFromParent_emit='true' modifiedFromParent_value='true' V1='4' name='BooleanValue'>
              <mapNode t='190' idref='1'/>
              <emit>IsPresent(in$/hsgdps:ProcessDocumentRequest/hsgdpso:Document/hsgdo:Properties/hsgdo:NameValuePair/Anonymous_choice/hsgcm:BooleanValue)</emit>
              <value>MapValues(in$/hsgdps:ProcessDocumentRequest/hsgdpso:Document/hsgdo:Properties/hsgdo:NameValuePair/Anonymous_choice/hsgcm:BooleanValue,{Values})</value>
            </child>
            <child t='200' id='69' V200='7' shown='5' structElemExists='true' V283='1' occurMaxTimes='1' minSize='-1' maxSize='-1' dataType='2' repHandlerStruct='' visible='true' inheritsFrom='' namespaceIndex='3' V281='13' modifiedFromParent_emit='true' modifiedFromParent_value='true' V1='4' name='BlobValue'>
              <mapNode t='190' idref='1'/>
              <emit>IsPresent(in$/hsgdps:ProcessDocumentRequest/hsgdpso:Document/hsgdo:Properties/hsgdo:NameValuePair/Anonymous_choice/hsgcm:BlobValue)</emit>
              <value>in$/hsgdps:ProcessDocumentRequest/hsgdpso:Document/hsgdo:Properties/hsgdo:NameValuePair/Anonymous_choice/hsgcm:BlobValue</value>
            </child>
          </child>
        </child>
      </child>
    </child>
  </outputMapElem>
  <inputNsList t='161' id='70' V161='1' namespaceUri='___osdtDummy___' V1='4'>
  </inputNsList>
  <inputNsList t='161' id='71' V161='1' namespaceUri='http://www.homeserve.com/Global/Document/Processing/DocProcessingService/v1' namespacePrefix='hsgdps' V1='4'>
  </inputNsList>
  <inputNsList t='161' id='72' V161='1' namespaceUri='http://www.homeserve.com/Global/Document/Processing/DocProcessingServiceOperations/v1' namespacePrefix='hsgdpso' V1='4'>
  </inputNsList>
  <inputNsList t='161' id='73' V161='1' namespaceUri='http://www.homeserve.com/Global/Common/v1' namespacePrefix='hsgcm' V1='4'>
  </inputNsList>
  <inputNsList t='161' id='74' V161='1' namespaceUri='http://www.homeserve.com/Global/Document/Processing/DocProcessing/v1' namespacePrefix='hsgdpot' V1='4'>
  </inputNsList>
  <inputNsList t='161' id='75' V161='1' namespaceUri='http://www.homeserve.com/Global/Document/Composition/DocComposition/v1' namespacePrefix='hsgdcot' V1='4'>
  </inputNsList>
  <inputNsList t='161' id='76' V161='1' namespaceUri='http://www.homeserve.com/Global/Document/v1' namespacePrefix='hsgdo' V1='4'>
  </inputNsList>
  <outputNsList t='161' id='77' V161='1' namespaceUri='___osdtDummy___' V1='4'>
  </outputNsList>
  <outputNsList t='161' id='78' V161='1' namespaceUri='http://www.homeserve.com/Global/Document/Processing/DocProcessingService/v1' namespacePrefix='hsgdps' V1='4'>
  </outputNsList>
  <outputNsList t='161' id='79' V161='1' namespaceUri='http://www.homeserve.com/Global/Document/Processing/DocProcessingServiceOperations/v1' namespacePrefix='hsgdpso' V1='4'>
  </outputNsList>
  <outputNsList t='161' id='80' V161='1' namespaceUri='http://www.homeserve.com/Global/Common/v1' namespacePrefix='hsgcm' V1='4'>
  </outputNsList>
  <outputNsList t='161' id='81' V161='1' namespaceUri='http://www.homeserve.com/Global/Document/Processing/DocProcessing/v1' namespacePrefix='hsgdpot' V1='4'>
  </outputNsList>
  <outputNsList t='161' id='82' V161='1' namespaceUri='http://www.homeserve.com/Global/Document/Composition/DocComposition/v1' namespacePrefix='hsgdcot' V1='4'>
  </outputNsList>
  <outputNsList t='161' id='83' V161='1' namespaceUri='http://www.homeserve.com/Global/Document/v1' namespacePrefix='hsgdo' V1='4'>
  </outputNsList>
  <inputRepRuntime t='692' id='84' V692='1' V690='1'>
    <namespaceContainers t='220' ref='Namespace Containers/R6_DocProcessing_DocProcessService_V4.xml'/>
  </inputRepRuntime>
  <outputRepRuntime t='692' idref='84'/>
  <valueSets></valueSets>
  <valueSets>Store|Print|Email|SMS|Reprint</valueSets>
  <valueSets>StringValue|NumericValue|IntegerValue|DateValue|BooleanValue|BlobValue</valueSets>
  <valueSets>true|false</valueSets>
  <valueSetKeys>Structures/R6/DocProcessing/DocProcessService_V4/Types/hsgcm/ValueTypeEnum.xml</valueSetKeys>
  <valueSetKeys>2</valueSetKeys>
  <inputXmlRepRuntime t='692' idref='84'/>
  <outputXmlRepRuntime t='692' idref='84'/>
  <child t='165' id='85' V1='4' name='Document Bindings'>
    <child t='166' id='86' V166='5' docType='1' V1='4' name='in$/hsgdps:ProcessDocumentRequest'>
      <elemNode t='200' idref='2'/>
    </child>
    <child t='166' id='87' V166='5' docType='2' V1='4' name='out$/hsgdps:ProcessDocumentRequest'>
      <elemNode t='200' idref='36'/>
    </child>
  </child>
  <child t='201' id='88' V1='4' name='Inherits From'>
  </child>
</root>
