<?xml version="1.0" encoding="UTF-8"?>
<root t='190' id='1' V190='11' inStruct='Structures/R6/DocStorage/DocStorageServiceV3/Elements/hsgdss/SearchDocumentsResponse.xml' outStruct='Structures/R6/DocProcessing/DocProcessService_V4/Elements/hsgdps/ProcessDocumentResponse.xml' inputRep='172' outputRep='172' nextMap='' inputStructUserName='SearchDocumentsResponse' outputStructUserName='ProcessDocumentResponse' V1='4' name='ReprintResMap' incarnation='1411'>
  <inputMapElem t='200' id='2' V200='7' input='true' shown='5' structElemExists='true' V283='1' occurMinTimes='1' occurMaxTimes='1' minSize='-1' maxSize='-1' inheritsFromCopyRule='20' groupType='1' repHandlerStruct='' visible='true' inheritsFrom='Structures/R6/DocStorage/DocStorageServiceV3/Types/hsgdso/SearchDocumentsResponseType.xml' namespaceIndex='1' V281='13' V1='4' name='SearchDocumentsResponse'>
    <mapNode t='190' idref='1'/>
    <child t='200' id='3' V200='7' input='true' shown='5' structElemExists='true' V283='1' occurMinTimes='1' occurMaxTimes='1' minSize='-1' maxSize='-1' inheritsFromCopyRule='20' groupType='1' repHandlerStruct='' visible='true' inheritsFrom='Structures/R6/DocStorage/DocStorageServiceV3/Types/hsgco/OutcomeType.xml' namespaceIndex='2' V281='13' V1='4' name='Outcome'>
      <mapNode t='190' idref='1'/>
      <child t='200' id='4' V200='7' input='true' shown='5' structElemExists='true' V283='1' occurMinTimes='1' occurMaxTimes='1' minSize='-1' maxSize='-1' dataType='12' repHandlerStruct='' visible='true' inheritsFrom='' namespaceIndex='3' V281='13' V1='4' name='ResultCode'>
        <mapNode t='190' idref='1'/>
      </child>
      <child t='200' id='5' V200='7' input='true' shown='5' structElemExists='true' V283='1' occurMinTimes='1' occurMaxTimes='1' minSize='-1' maxSize='-1' dataType='2' repHandlerStruct='' visible='true' inheritsFrom='' namespaceIndex='3' V281='13' V1='4' name='ResultDescription'>
        <mapNode t='190' idref='1'/>
      </child>
      <child t='200' id='6' V200='7' input='true' shown='5' structElemExists='true' V283='1' occurMinTimes='1' occurMaxTimes='1' minSize='-1' maxSize='-1' dataType='2' repHandlerStruct='' visible='true' inheritsFrom='' namespaceIndex='3' V281='13' V1='4' name='ResultStatus'>
        <mapNode t='190' idref='1'/>
      </child>
      <child t='200' id='7' V200='7' input='true' shown='5' structElemExists='true' V283='1' occurMaxTimes='-1' minSize='-1' maxSize='-1' inheritsFromCopyRule='20' groupType='1' repHandlerStruct='' visible='true' inheritsFrom='Structures/R6/DocStorage/DocStorageServiceV3/Types/hsgco/ProcessOutcomeType.xml' namespaceIndex='3' V281='13' V1='4' name='ProcessOutcome'>
        <mapNode t='190' idref='1'/>
        <child t='200' id='8' V200='7' input='true' shown='5' structElemExists='true' V283='1' occurMinTimes='1' occurMaxTimes='1' minSize='-1' maxSize='-1' dataType='2' repHandlerStruct='' visible='true' inheritsFrom='' namespaceIndex='3' V281='13' V1='4' name='Code'>
          <mapNode t='190' idref='1'/>
        </child>
        <child t='200' id='9' V200='7' input='true' shown='5' structElemExists='true' V283='1' occurMinTimes='1' occurMaxTimes='1' minSize='-1' maxSize='-1' dataType='2' repHandlerStruct='' visible='true' inheritsFrom='' namespaceIndex='3' V281='13' V1='4' name='InteractionID'>
          <mapNode t='190' idref='1'/>
        </child>
        <child t='200' id='10' V200='7' input='true' shown='5' structElemExists='true' V283='1' occurMinTimes='1' occurMaxTimes='1' minSize='-1' maxSize='-1' dataType='2' repHandlerStruct='' visible='true' inheritsFrom='' namespaceIndex='3' V281='13' V1='4' name='Description'>
          <mapNode t='190' idref='1'/>
        </child>
        <child t='200' id='11' V200='7' input='true' shown='5' structElemExists='true' V283='1' occurMinTimes='1' occurMaxTimes='-1' minSize='-1' maxSize='-1' inheritsFromCopyRule='20' groupType='1' repHandlerStruct='' visible='true' inheritsFrom='Structures/R6/DocStorage/DocStorageServiceV3/Types/hsgco/ServiceIntentType.xml' namespaceIndex='3' V281='13' V1='4' name='ServiceIntentList'>
          <mapNode t='190' idref='1'/>
          <child t='200' id='12' V200='7' input='true' structElemExists='true' V283='1' occurMinTimes='1' occurMaxTimes='1' minSize='-1' maxSize='-1' dataType='2' repHandlerStruct='' visible='true' inheritsFrom='' namespaceIndex='3' V281='13' V1='4' name='CaseId'>
            <mapNode t='190' idref='1'/>
          </child>
        </child>
      </child>
    </child>
    <child t='200' id='13' V200='7' input='true' shown='5' structElemExists='true' V283='1' occurMaxTimes='-1' minSize='-1' maxSize='-1' inheritsFromCopyRule='20' groupType='1' repHandlerStruct='' visible='true' inheritsFrom='Structures/R6/DocStorage/DocStorageServiceV3/Types/hsgdo/DocumentType.xml' namespaceIndex='2' V281='13' V1='4' name='Document'>
      <mapNode t='190' idref='1'/>
      <child t='200' id='14' V200='7' input='true' shown='5' structElemExists='true' V283='1' occurMaxTimes='1' minSize='-1' maxSize='-1' dataType='2' repHandlerStruct='' visible='true' inheritsFrom='' namespaceIndex='4' V281='13' V1='4' name='AlfrescoUUID'>
        <mapNode t='190' idref='1'/>
      </child>
      <child t='200' id='15' V200='7' input='true' shown='5' structElemExists='true' V283='1' occurMaxTimes='1' minSize='-1' maxSize='-1' dataType='2' repHandlerStruct='' visible='true' inheritsFrom='' namespaceIndex='4' V281='13' V1='4' name='Name'>
        <mapNode t='190' idref='1'/>
      </child>
      <child t='200' id='16' V200='7' input='true' shown='5' structElemExists='true' V283='1' occurMaxTimes='1' minSize='-1' maxSize='-1' dataType='2' repHandlerStruct='' visible='true' inheritsFrom='' namespaceIndex='4' V281='13' V1='4' name='Type'>
        <mapNode t='190' idref='1'/>
      </child>
      <child t='200' id='17' V200='7' input='true' shown='5' structElemExists='true' V283='1' occurMaxTimes='1' minSize='-1' maxSize='-1' dataType='2' repHandlerStruct='' visible='true' inheritsFrom='' namespaceIndex='4' V281='13' V1='4' name='VersionNumber'>
        <mapNode t='190' idref='1'/>
      </child>
      <child t='200' id='18' V200='7' input='true' shown='5' structElemExists='true' V283='1' occurMaxTimes='1' minSize='-1' maxSize='-1' dataType='2' repHandlerStruct='' visible='true' inheritsFrom='' namespaceIndex='4' V281='13' V1='4' name='Comments'>
        <mapNode t='190' idref='1'/>
      </child>
      <child t='200' id='19' V200='7' input='true' shown='5' structElemExists='true' V283='1' occurMaxTimes='1' minSize='-1' maxSize='-1' inheritsFromCopyRule='20' groupType='1' repHandlerStruct='' visible='true' inheritsFrom='Structures/R6/DocStorage/DocStorageServiceV3/Types/hsgdo/PropertiesType.xml' namespaceIndex='4' V281='13' V1='4' name='Properties'>
        <mapNode t='190' idref='1'/>
        <child t='200' id='20' V200='7' input='true' shown='5' structElemExists='true' V283='1' occurMaxTimes='-1' minSize='-1' maxSize='-1' inheritsFromCopyRule='20' groupType='1' repHandlerStruct='' visible='true' inheritsFrom='Structures/R6/DocStorage/DocStorageServiceV3/Types/hsgcm/NameValuePairType.xml' namespaceIndex='4' V281='13' V1='4' name='NameValuePair'>
          <mapNode t='190' idref='1'/>
          <child t='200' id='21' V200='7' input='true' shown='5' structElemExists='true' V283='1' occurMinTimes='1' occurMaxTimes='1' minSize='-1' maxSize='-1' dataType='2' repHandlerStruct='' visible='true' inheritsFrom='' namespaceIndex='5' V281='13' V1='4' name='Name'>
            <mapNode t='190' idref='1'/>
          </child>
          <child t='200' id='22' V200='7' input='true' shown='5' structElemExists='true' valueSetIndex='3' V283='1' occurMinTimes='1' occurMaxTimes='1' minSize='-1' maxSize='-1' inheritsFromCopyRule='20' dataType='2' repHandlerStruct='' visible='true' inheritsFrom='Structures/R6/DocStorage/DocStorageServiceV3/Types/hsgcm/ValueTypeEnum.xml' namespaceIndex='5' V281='13' V1='4' name='ValueType'>
            <mapNode t='190' idref='1'/>
          </child>
          <child t='200' id='23' V200='7' input='true' shown='5' structElemExists='true' V283='1' occurMinTimes='1' occurMaxTimes='1' minSize='-1' maxSize='-1' groupType='2' repHandlerStruct='' inheritsFrom='' V281='13' V1='4' name='Anonymous_choice'>
            <mapNode t='190' idref='1'/>
            <child t='200' id='24' V200='7' input='true' shown='5' structElemExists='true' V283='1' occurMaxTimes='1' minSize='-1' maxSize='-1' dataType='31' repHandlerStruct='' visible='true' inheritsFrom='' namespaceIndex='5' V281='13' V1='4' name='DateValue'>
              <mapNode t='190' idref='1'/>
            </child>
            <child t='200' id='25' V200='7' input='true' shown='5' structElemExists='true' V283='1' occurMaxTimes='1' minSize='-1' maxSize='-1' dataType='21' repHandlerStruct='' visible='true' inheritsFrom='' namespaceIndex='5' V281='13' V1='4' name='NumericValue'>
              <mapNode t='190' idref='1'/>
            </child>
            <child t='200' id='26' V200='7' input='true' shown='5' structElemExists='true' V283='1' occurMaxTimes='1' minSize='-1' maxSize='-1' dataType='12' repHandlerStruct='' visible='true' inheritsFrom='' namespaceIndex='5' V281='13' V1='4' name='IntegerValue'>
              <mapNode t='190' idref='1'/>
            </child>
            <child t='200' id='27' V200='7' input='true' shown='5' structElemExists='true' V283='1' occurMaxTimes='1' minSize='-1' maxSize='-1' dataType='2' repHandlerStruct='' visible='true' inheritsFrom='' namespaceIndex='5' V281='13' V1='4' name='StringValue'>
              <mapNode t='190' idref='1'/>
            </child>
            <child t='200' id='28' V200='7' input='true' shown='5' structElemExists='true' valueSetIndex='1' V283='1' occurMaxTimes='1' minSize='-1' maxSize='-1' dataType='1' repHandlerStruct='' visible='true' inheritsFrom='' namespaceIndex='5' V281='13' V1='4' name='BooleanValue'>
              <mapNode t='190' idref='1'/>
            </child>
            <child t='200' id='29' V200='7' input='true' shown='5' structElemExists='true' V283='1' occurMaxTimes='1' minSize='-1' maxSize='-1' dataType='2' repHandlerStruct='' visible='true' inheritsFrom='' namespaceIndex='5' V281='13' V1='4' name='BlobValue'>
              <mapNode t='190' idref='1'/>
            </child>
          </child>
        </child>
      </child>
    </child>
    <child t='200' id='30' V200='7' input='true' shown='5' structElemExists='true' valueSetIndex='1' V283='1' occurMaxTimes='1' minSize='-1' maxSize='-1' dataType='1' repHandlerStruct='' visible='true' inheritsFrom='' namespaceIndex='2' V281='13' V1='4' name='HasMoreItems'>
      <mapNode t='190' idref='1'/>
    </child>
    <child t='200' id='31' V200='7' input='true' shown='5' structElemExists='true' V283='1' occurMaxTimes='1' minSize='-1' maxSize='-1' dataType='12' repHandlerStruct='' visible='true' inheritsFrom='' namespaceIndex='2' V281='13' V1='4' name='TotalItems'>
      <mapNode t='190' idref='1'/>
    </child>
  </inputMapElem>
  <outputMapElem t='200' id='32' V200='7' shown='5' structElemExists='true' V283='1' occurMinTimes='1' occurMaxTimes='1' minSize='-1' maxSize='-1' inheritsFromCopyRule='20' groupType='1' repHandlerStruct='' visible='true' inheritsFrom='Structures/R6/DocProcessing/DocProcessService_V4/Types/hsgdpso/ProcessDocumentResponseType.xml' namespaceIndex='1' V281='13' modifiedFromParent_loop='true' V1='4' name='ProcessDocumentResponse'>
    <mapNode t='190' idref='1'/>
    <loop>SimpleLoop([autoAdded="true"],in$/hsgdss:SearchDocumentsResponse,{Filter},{Sort Keys},{Contexts})</loop>
    <child t='200' id='33' V200='7' shown='5' structElemExists='true' V283='1' occurMinTimes='1' occurMaxTimes='1' minSize='-1' maxSize='-1' inheritsFromCopyRule='20' groupType='1' repHandlerStruct='' visible='true' inheritsFrom='Structures/R6/DocProcessing/DocProcessService_V4/Types/hsgco/OutcomeType.xml' namespaceIndex='2' V281='13' V1='4' name='Outcome'>
      <mapNode t='190' idref='1'/>
      <child t='200' id='34' V200='7' shown='5' structElemExists='true' V283='1' occurMinTimes='1' occurMaxTimes='1' minSize='-1' maxSize='-1' dataType='12' repHandlerStruct='' visible='true' inheritsFrom='' namespaceIndex='3' V281='13' modifiedFromParent_value='true' V1='4' name='ResultCode'>
        <mapNode t='190' idref='1'/>
        <value>in$/hsgdss:SearchDocumentsResponse/hsgdso:Outcome/hsgco:ResultCode</value>
      </child>
      <child t='200' id='35' V200='7' shown='5' structElemExists='true' V283='1' occurMinTimes='1' occurMaxTimes='1' minSize='-1' maxSize='-1' dataType='2' repHandlerStruct='' visible='true' inheritsFrom='' namespaceIndex='3' V281='13' modifiedFromParent_value='true' V1='4' name='ResultDescription'>
        <mapNode t='190' idref='1'/>
        <value>in$/hsgdss:SearchDocumentsResponse/hsgdso:Outcome/hsgco:ResultDescription</value>
      </child>
      <child t='200' id='36' V200='7' shown='5' structElemExists='true' V283='1' occurMinTimes='1' occurMaxTimes='1' minSize='-1' maxSize='-1' dataType='2' repHandlerStruct='' visible='true' inheritsFrom='' namespaceIndex='3' V281='13' V1='4' name='ResultStatus'>
        <mapNode t='190' idref='1'/>
      </child>
      <child t='200' id='37' V200='7' shown='5' structElemExists='true' V283='1' occurMaxTimes='-1' minSize='-1' maxSize='-1' inheritsFromCopyRule='20' groupType='1' repHandlerStruct='' visible='true' inheritsFrom='Structures/R6/DocProcessing/DocProcessService_V4/Types/hsgco/ProcessOutcomeType.xml' namespaceIndex='3' V281='13' V1='4' name='ProcessOutcome'>
        <mapNode t='190' idref='1'/>
        <child t='200' id='38' V200='7' shown='5' structElemExists='true' V283='1' occurMinTimes='1' occurMaxTimes='1' minSize='-1' maxSize='-1' dataType='2' repHandlerStruct='' visible='true' inheritsFrom='' namespaceIndex='3' V281='13' V1='4' name='Code'>
          <mapNode t='190' idref='1'/>
        </child>
        <child t='200' id='39' V200='7' shown='5' structElemExists='true' V283='1' occurMinTimes='1' occurMaxTimes='1' minSize='-1' maxSize='-1' dataType='2' repHandlerStruct='' visible='true' inheritsFrom='' namespaceIndex='3' V281='13' V1='4' name='InteractionID'>
          <mapNode t='190' idref='1'/>
        </child>
        <child t='200' id='40' V200='7' shown='5' structElemExists='true' V283='1' occurMinTimes='1' occurMaxTimes='1' minSize='-1' maxSize='-1' dataType='2' repHandlerStruct='' visible='true' inheritsFrom='' namespaceIndex='3' V281='13' V1='4' name='Description'>
          <mapNode t='190' idref='1'/>
        </child>
        <child t='200' id='41' V200='7' shown='5' structElemExists='true' V283='1' occurMinTimes='1' occurMaxTimes='-1' minSize='-1' maxSize='-1' inheritsFromCopyRule='20' groupType='1' repHandlerStruct='' visible='true' inheritsFrom='Structures/R6/DocProcessing/DocProcessService_V4/Types/hsgco/ServiceIntentType.xml' namespaceIndex='3' V281='13' V1='4' name='ServiceIntentList'>
          <mapNode t='190' idref='1'/>
          <child t='200' id='42' V200='7' structElemExists='true' V283='1' occurMinTimes='1' occurMaxTimes='1' minSize='-1' maxSize='-1' dataType='2' repHandlerStruct='' visible='true' inheritsFrom='' namespaceIndex='3' V281='13' V1='4' name='CaseId'>
            <mapNode t='190' idref='1'/>
          </child>
        </child>
      </child>
    </child>
    <child t='200' id='43' V200='7' shown='5' structElemExists='true' V283='1' occurMinTimes='1' occurMaxTimes='1' minSize='-1' maxSize='-1' inheritsFromCopyRule='20' groupType='1' repHandlerStruct='' visible='true' inheritsFrom='Structures/R6/DocProcessing/DocProcessService_V4/Types/hsgdo/DocumentType.xml' namespaceIndex='2' V281='13' V1='4' name='Document'>
      <mapNode t='190' idref='1'/>
      <child t='200' id='44' V200='7' shown='5' structElemExists='true' V283='1' occurMaxTimes='1' minSize='-1' maxSize='-1' dataType='2' repHandlerStruct='' visible='true' inheritsFrom='' namespaceIndex='4' V281='13' modifiedFromParent_value='true' V1='4' name='AlfrescoUUID'>
        <mapNode t='190' idref='1'/>
        <value>AgConcat(in$/hsgdss:SearchDocumentsResponse/hsgdso:Document/hsgdo:AlfrescoUUID(SimpleLoop(in$/hsgdss:SearchDocumentsResponse/hsgdso:Document,{Filter},{Sort Keys},{Contexts})))</value>
      </child>
      <child t='200' id='45' V200='7' shown='5' structElemExists='true' V283='1' occurMaxTimes='1' minSize='-1' maxSize='-1' dataType='2' repHandlerStruct='' visible='true' inheritsFrom='' namespaceIndex='4' V281='13' modifiedFromParent_value='true' V1='4' name='Name'>
        <mapNode t='190' idref='1'/>
        <value>AgConcat(in$/hsgdss:SearchDocumentsResponse/hsgdso:Document/hsgdo:Name(SimpleLoop(in$/hsgdss:SearchDocumentsResponse/hsgdso:Document,{Filter},{Sort Keys},{Contexts})))</value>
      </child>
      <child t='200' id='46' V200='7' shown='5' structElemExists='true' V283='1' occurMaxTimes='1' minSize='-1' maxSize='-1' dataType='2' repHandlerStruct='' visible='true' inheritsFrom='' namespaceIndex='4' V281='13' modifiedFromParent_value='true' V1='4' name='Type'>
        <mapNode t='190' idref='1'/>
        <value>AgConcat(in$/hsgdss:SearchDocumentsResponse/hsgdso:Document/hsgdo:Type(SimpleLoop(in$/hsgdss:SearchDocumentsResponse/hsgdso:Document,{Filter},{Sort Keys},{Contexts})))</value>
      </child>
      <child t='200' id='47' V200='7' shown='5' structElemExists='true' V283='1' occurMaxTimes='1' minSize='-1' maxSize='-1' dataType='2' repHandlerStruct='' visible='true' inheritsFrom='' namespaceIndex='4' V281='13' modifiedFromParent_value='true' V1='4' name='VersionNumber'>
        <mapNode t='190' idref='1'/>
        <value>AgConcat(in$/hsgdss:SearchDocumentsResponse/hsgdso:Document/hsgdo:VersionNumber(SimpleLoop(in$/hsgdss:SearchDocumentsResponse/hsgdso:Document,{Filter},{Sort Keys},{Contexts})))</value>
      </child>
      <child t='200' id='48' V200='7' shown='5' structElemExists='true' V283='1' occurMaxTimes='1' minSize='-1' maxSize='-1' dataType='2' repHandlerStruct='' visible='true' inheritsFrom='' namespaceIndex='4' V281='13' modifiedFromParent_value='true' V1='4' name='Comments'>
        <mapNode t='190' idref='1'/>
      </child>
      <child t='200' id='49' V200='7' shown='5' structElemExists='true' V283='1' occurMaxTimes='1' minSize='-1' maxSize='-1' inheritsFromCopyRule='20' groupType='1' repHandlerStruct='' visible='true' inheritsFrom='Structures/R6/DocProcessing/DocProcessService_V4/Types/hsgdo/PropertiesType.xml' namespaceIndex='4' V281='13' modifiedFromParent_emit='true' V1='4' name='Properties'>
        <mapNode t='190' idref='1'/>
        <emit>IsPresent(in$/hsgdss:SearchDocumentsResponse/hsgdso:Document/hsgdo:Properties)</emit>
        <child t='200' id='50' V200='7' shown='5' structElemExists='true' V283='1' occurMaxTimes='-1' minSize='-1' maxSize='-1' inheritsFromCopyRule='20' groupType='1' repHandlerStruct='' visible='true' inheritsFrom='Structures/R6/DocProcessing/DocProcessService_V4/Types/hsgcm/NameValuePairType.xml' namespaceIndex='4' V281='13' modifiedFromParent_loop='true' V1='4' name='NameValuePair'>
          <mapNode t='190' idref='1'/>
          <loop>SimpleLoop(in$/hsgdss:SearchDocumentsResponse/hsgdso:Document,{Filter},{Sort Keys},NestedContext(SimpleLoop(in$/hsgdss:SearchDocumentsResponse/hsgdso:Document/hsgdo:Properties/hsgdo:NameValuePair,{Filter},{Sort Keys},{Contexts})))</loop>
          <child t='200' id='51' V200='7' shown='5' structElemExists='true' V283='1' occurMinTimes='1' occurMaxTimes='1' minSize='-1' maxSize='-1' dataType='2' repHandlerStruct='' visible='true' inheritsFrom='' namespaceIndex='7' V281='13' modifiedFromParent_value='true' V1='4' name='Name'>
            <mapNode t='190' idref='1'/>
            <value>in$/hsgdss:SearchDocumentsResponse/hsgdso:Document/hsgdo:Properties/hsgdo:NameValuePair/hsgcm:Name</value>
          </child>
          <child t='200' id='52' V200='7' shown='5' structElemExists='true' valueSetIndex='3' V283='1' occurMinTimes='1' occurMaxTimes='1' minSize='-1' maxSize='-1' inheritsFromCopyRule='20' dataType='2' repHandlerStruct='' visible='true' inheritsFrom='Structures/R6/DocProcessing/DocProcessService_V4/Types/hsgcm/ValueTypeEnum.xml' namespaceIndex='7' V281='13' modifiedFromParent_value='true' V1='4' name='ValueType'>
            <mapNode t='190' idref='1'/>
            <value>MapValues(in$/hsgdss:SearchDocumentsResponse/hsgdso:Document/hsgdo:Properties/hsgdo:NameValuePair/hsgcm:ValueType,(ValueMapping(Constant([value="StringValue",dataType="2"],),Constant([value="StringValue",dataType="2"],)),ValueMapping(Constant([value="NumericValue",dataType="2"],),Constant([value="NumericValue",dataType="2"],)),ValueMapping(Constant([value="IntegerValue",dataType="2"],),Constant([value="IntegerValue",dataType="2"],)),ValueMapping(Constant([value="DateValue",dataType="2"],),Constant([value="DateValue",dataType="2"],)),ValueMapping(Constant([value="BooleanValue",dataType="2"],),Constant([value="BooleanValue",dataType="2"],)),ValueMapping(Constant([value="BlobValue",dataType="2"],),Constant([value="BlobValue",dataType="2"],))))</value>
          </child>
          <child t='200' id='53' V200='7' shown='5' structElemExists='true' V283='1' occurMinTimes='1' occurMaxTimes='1' minSize='-1' maxSize='-1' groupType='2' repHandlerStruct='' inheritsFrom='' V281='13' V1='4' name='Anonymous_choice'>
            <mapNode t='190' idref='1'/>
            <child t='200' id='54' V200='7' shown='5' structElemExists='true' V283='1' occurMaxTimes='1' minSize='-1' maxSize='-1' dataType='31' repHandlerStruct='' visible='true' inheritsFrom='' namespaceIndex='7' V281='13' modifiedFromParent_emit='true' modifiedFromParent_value='true' V1='4' name='DateValue'>
              <mapNode t='190' idref='1'/>
              <emit>IsPresent(in$/hsgdss:SearchDocumentsResponse/hsgdso:Document/hsgdo:Properties/hsgdo:NameValuePair/Anonymous_choice/hsgcm:DateValue)</emit>
              <value>in$/hsgdss:SearchDocumentsResponse/hsgdso:Document/hsgdo:Properties/hsgdo:NameValuePair/Anonymous_choice/hsgcm:DateValue</value>
            </child>
            <child t='200' id='55' V200='7' shown='5' structElemExists='true' V283='1' occurMaxTimes='1' minSize='-1' maxSize='-1' dataType='21' repHandlerStruct='' visible='true' inheritsFrom='' namespaceIndex='7' V281='13' modifiedFromParent_emit='true' modifiedFromParent_value='true' V1='4' name='NumericValue'>
              <mapNode t='190' idref='1'/>
              <emit>IsPresent(in$/hsgdss:SearchDocumentsResponse/hsgdso:Document/hsgdo:Properties/hsgdo:NameValuePair/Anonymous_choice/hsgcm:NumericValue)</emit>
              <value>in$/hsgdss:SearchDocumentsResponse/hsgdso:Document/hsgdo:Properties/hsgdo:NameValuePair/Anonymous_choice/hsgcm:NumericValue</value>
            </child>
            <child t='200' id='56' V200='7' shown='5' structElemExists='true' V283='1' occurMaxTimes='1' minSize='-1' maxSize='-1' dataType='12' repHandlerStruct='' visible='true' inheritsFrom='' namespaceIndex='7' V281='13' modifiedFromParent_emit='true' modifiedFromParent_value='true' V1='4' name='IntegerValue'>
              <mapNode t='190' idref='1'/>
              <emit>IsPresent(in$/hsgdss:SearchDocumentsResponse/hsgdso:Document/hsgdo:Properties/hsgdo:NameValuePair/Anonymous_choice/hsgcm:IntegerValue)</emit>
              <value>in$/hsgdss:SearchDocumentsResponse/hsgdso:Document/hsgdo:Properties/hsgdo:NameValuePair/Anonymous_choice/hsgcm:IntegerValue</value>
            </child>
            <child t='200' id='57' V200='7' shown='5' structElemExists='true' V283='1' occurMaxTimes='1' minSize='-1' maxSize='-1' dataType='2' repHandlerStruct='' visible='true' inheritsFrom='' namespaceIndex='7' V281='13' modifiedFromParent_emit='true' modifiedFromParent_value='true' V1='4' name='StringValue'>
              <mapNode t='190' idref='1'/>
              <emit>IsPresent(in$/hsgdss:SearchDocumentsResponse/hsgdso:Document/hsgdo:Properties/hsgdo:NameValuePair/Anonymous_choice/hsgcm:StringValue)</emit>
              <value>in$/hsgdss:SearchDocumentsResponse/hsgdso:Document/hsgdo:Properties/hsgdo:NameValuePair/Anonymous_choice/hsgcm:StringValue</value>
            </child>
            <child t='200' id='58' V200='7' shown='5' structElemExists='true' valueSetIndex='1' V283='1' occurMaxTimes='1' minSize='-1' maxSize='-1' dataType='1' repHandlerStruct='' visible='true' inheritsFrom='' namespaceIndex='7' V281='13' modifiedFromParent_emit='true' modifiedFromParent_value='true' V1='4' name='BooleanValue'>
              <mapNode t='190' idref='1'/>
              <emit>IsPresent(in$/hsgdss:SearchDocumentsResponse/hsgdso:Document/hsgdo:Properties/hsgdo:NameValuePair/Anonymous_choice/hsgcm:BooleanValue)</emit>
              <value>MapValues(in$/hsgdss:SearchDocumentsResponse/hsgdso:Document/hsgdo:Properties/hsgdo:NameValuePair/Anonymous_choice/hsgcm:BooleanValue,(ValueMapping(Constant([value="true",dataType="2"],),Constant([value="true",dataType="2"],)),ValueMapping(Constant([value="false",dataType="2"],),Constant([value="false",dataType="2"],))))</value>
            </child>
            <child t='200' id='59' V200='7' shown='5' structElemExists='true' V283='1' occurMaxTimes='1' minSize='-1' maxSize='-1' dataType='2' repHandlerStruct='' visible='true' inheritsFrom='' namespaceIndex='7' V281='13' modifiedFromParent_emit='true' modifiedFromParent_value='true' V1='4' name='BlobValue'>
              <mapNode t='190' idref='1'/>
              <emit>IsPresent(in$/hsgdss:SearchDocumentsResponse/hsgdso:Document/hsgdo:Properties/hsgdo:NameValuePair/Anonymous_choice/hsgcm:BlobValue)</emit>
              <value>in$/hsgdss:SearchDocumentsResponse/hsgdso:Document/hsgdo:Properties/hsgdo:NameValuePair/Anonymous_choice/hsgcm:BlobValue</value>
            </child>
          </child>
        </child>
      </child>
    </child>
    <child t='200' id='60' V200='7' shown='5' structElemExists='true' V283='1' occurMinTimes='1' occurMaxTimes='1' minSize='-1' maxSize='-1' inheritsFromCopyRule='20' groupType='1' repHandlerStruct='' visible='true' inheritsFrom='Structures/R6/DocProcessing/DocProcessService_V4/Types/hsgdcot/CompositionJobOutputType.xml' namespaceIndex='2' V281='13' V1='4' name='CompositionJobOutput'>
      <mapNode t='190' idref='1'/>
      <child t='200' id='61' V200='7' shown='2' structElemExists='true' V283='1' occurMinTimes='1' occurMaxTimes='1' minSize='-1' maxSize='-1' dataType='2' repHandlerStruct='' visible='true' inheritsFrom='' namespaceIndex='5' V281='13' V1='4' name='JobId'>
        <mapNode t='190' idref='1'/>
      </child>
      <child t='200' id='62' V200='7' shown='2' structElemExists='true' V283='1' occurMinTimes='1' occurMaxTimes='1' minSize='-1' maxSize='-1' dataType='2' repHandlerStruct='' visible='true' inheritsFrom='' namespaceIndex='5' V281='13' V1='4' name='JobFileName'>
        <mapNode t='190' idref='1'/>
      </child>
      <child t='200' id='63' V200='7' shown='2' structElemExists='true' V283='1' occurMinTimes='1' occurMaxTimes='1' minSize='-1' maxSize='-1' inheritsFromCopyRule='20' groupType='1' repHandlerStruct='' visible='true' inheritsFrom='Structures/R6/DocProcessing/DocProcessService_V4/Types/hsgdcot/CompositionJobType.xml' namespaceIndex='5' V281='13' V1='4' name='CompositionJob'>
        <mapNode t='190' idref='1'/>
      </child>
    </child>
    <child t='200' id='64' V200='7' shown='5' structElemExists='true' V283='1' occurMinTimes='1' occurMaxTimes='1' minSize='-1' maxSize='-1' inheritsFromCopyRule='20' groupType='1' repHandlerStruct='' visible='true' inheritsFrom='Structures/R6/DocProcessing/DocProcessService_V4/Types/hsgdpot/InstructionType.xml' namespaceIndex='2' V281='13' V1='4' name='Instruction'>
      <mapNode t='190' idref='1'/>
      <child t='200' id='65' V200='7' shown='2' structElemExists='true' V283='1' occurMinTimes='1' occurMaxTimes='1' minSize='-1' maxSize='-1' dataType='2' repHandlerStruct='' visible='true' inheritsFrom='' namespaceIndex='6' V281='13' V1='4' name='InstructionId'>
        <mapNode t='190' idref='1'/>
      </child>
      <child t='200' id='66' V200='7' shown='2' structElemExists='true' valueSetIndex='2' V283='1' occurMinTimes='1' occurMaxTimes='1' minSize='-1' maxSize='-1' inheritsFromCopyRule='20' dataType='2' repHandlerStruct='' visible='true' inheritsFrom='Structures/R6/DocProcessing/DocProcessService_V4/Types/hsgdpot/InstructionTypeEnum.xml' namespaceIndex='6' V281='13' V1='4' name='InstructionType'>
        <mapNode t='190' idref='1'/>
      </child>
    </child>
  </outputMapElem>
  <inputNsList t='161' id='67' V161='1' namespaceUri='___osdtDummy___' V1='4'>
  </inputNsList>
  <inputNsList t='161' id='68' V161='1' namespaceUri='http://www.homeserve.com/Global/Document/Storage/DocStorageService/v1' namespacePrefix='hsgdss' V1='4'>
  </inputNsList>
  <inputNsList t='161' id='69' V161='1' namespaceUri='http://www.homeserve.com/Global/Document/Storage/DocStorageServiceOperations/v1' namespacePrefix='hsgdso' V1='4'>
  </inputNsList>
  <inputNsList t='161' id='70' V161='1' namespaceUri='http://www.homeserve.com/Global/Common/CommonService/v1' namespacePrefix='hsgco' V1='4'>
  </inputNsList>
  <inputNsList t='161' id='71' V161='1' namespaceUri='http://www.homeserve.com/Global/Document/v1' namespacePrefix='hsgdo' V1='4'>
  </inputNsList>
  <inputNsList t='161' id='72' V161='1' namespaceUri='http://www.homeserve.com/Global/Common/v1' namespacePrefix='hsgcm' V1='4'>
  </inputNsList>
  <outputNsList t='161' id='73' V161='1' namespaceUri='___osdtDummy___' V1='4'>
  </outputNsList>
  <outputNsList t='161' id='74' V161='1' namespaceUri='http://www.homeserve.com/Global/Document/Processing/DocProcessingService/v1' namespacePrefix='hsgdps' V1='4'>
  </outputNsList>
  <outputNsList t='161' id='75' V161='1' namespaceUri='http://www.homeserve.com/Global/Document/Processing/DocProcessingServiceOperations/v1' namespacePrefix='hsgdpso' V1='4'>
  </outputNsList>
  <outputNsList t='161' id='76' V161='1' namespaceUri='http://www.homeserve.com/Global/Common/CommonService/v1' namespacePrefix='hsgco' V1='4'>
  </outputNsList>
  <outputNsList t='161' id='77' V161='1' namespaceUri='http://www.homeserve.com/Global/Document/v1' namespacePrefix='hsgdo' V1='4'>
  </outputNsList>
  <outputNsList t='161' id='78' V161='1' namespaceUri='http://www.homeserve.com/Global/Document/Composition/DocComposition/v1' namespacePrefix='hsgdcot' V1='4'>
  </outputNsList>
  <outputNsList t='161' id='79' V161='1' namespaceUri='http://www.homeserve.com/Global/Document/Processing/DocProcessing/v1' namespacePrefix='hsgdpot' V1='4'>
  </outputNsList>
  <outputNsList t='161' id='80' V161='1' namespaceUri='http://www.homeserve.com/Global/Common/v1' namespacePrefix='hsgcm' V1='4'>
  </outputNsList>
  <inputRepRuntime t='692' id='81' V692='1' V690='1'>
    <namespaceContainers t='220' ref='Namespace Containers/R6_DocStorage_DocStorageServiceV3.xml'/>
  </inputRepRuntime>
  <outputRepRuntime t='692' id='82' V692='1' V690='1'>
    <namespaceContainers t='220' ref='Namespace Containers/R6_DocProcessing_DocProcessService_V4.xml'/>
  </outputRepRuntime>
  <valueSets></valueSets>
  <valueSets>true|false</valueSets>
  <valueSets>Store|Print|Email|SMS|Reprint</valueSets>
  <valueSets>StringValue|NumericValue|IntegerValue|DateValue|BooleanValue|BlobValue</valueSets>
  <valueSetKeys>Structures/R6/DocStorage/DocStorageServiceV3/Types/hsgcm/ValueTypeEnum.xml</valueSetKeys>
  <valueSetKeys>3</valueSetKeys>
  <inputXmlRepRuntime t='692' idref='81'/>
  <outputXmlRepRuntime t='692' idref='82'/>
  <child t='165' id='83' V1='4' name='Document Bindings'>
    <child t='166' id='84' V166='5' docType='1' V1='4' name='in$/hsgdss:SearchDocumentsResponse'>
      <elemNode t='200' idref='2'/>
    </child>
    <child t='166' id='85' V166='5' docType='2' V1='4' name='out$/hsgdps:ProcessDocumentResponse'>
      <elemNode t='200' idref='32'/>
    </child>
  </child>
  <child t='201' id='86' V1='4' name='Inherits From'>
  </child>
</root>
