<?xml version="1.0" encoding="UTF-8"?>
<root t='150' id='1' V150='13' creationTimestamp='0x163039ce31b' V1='4' name='TransactionType' incarnation='8'>
  <rootElem t='167' id='2' V167='21' V283='1' occurMaxTimes='1' minSize='-1' maxSize='-1' groupType='1' repHandlerStruct='' inheritsFrom='' namespaceIndex='1' V281='13' V1='4' name='TransactionType'>
    <structNode t='150' idref='1'/>
    <child t='167' id='3' V167='21' V283='1' occurMinTimes='1' occurMaxTimes='1' minSize='-1' maxSize='-1' dataType='2' repHandlerStruct='' visible='true' inheritsFrom='' namespaceIndex='1' V281='13' V1='4' name='TransactionID'>
      <structNode t='150' idref='1'/>
    </child>
    <child t='167' id='4' V167='21' inheritsFromIncarnation='8' inheritsFromTimestamp='0x163039ce31b' inheritsInThisStruct='true' V283='1' occurMinTimes='1' occurMaxTimes='1' minSize='-1' maxSize='-1' inheritsFromCopyRule='20' dataType='2' repHandlerStruct='' visible='true' inheritsFrom='Structures/WebIntegration_v2/AccountManagementService/6_4_1_v57/AccountManagementService_ESB_v57_0.1.wsdl_0.1/Types/hsgft/TransactionTypeEnum.xml' namespaceIndex='1' V281='13' V1='4' name='TransactionType'>
      <structNode t='150' idref='1'/>
      <savedDerivedCopy t='167' id='5' V167='21' needInheritInit='true' inheritsInThisStruct='true' V283='1' occurMinTimes='1' occurMaxTimes='1' minSize='-1' maxSize='-1' inheritsFromCopyRule='20' dataType='2' repHandlerStruct='' visible='true' inheritsFrom='Structures/WebIntegration_v2/AccountManagementService/6_4_1_v57/AccountManagementService_ESB_v57_0.1.wsdl_0.1/Types/hsgft/TransactionTypeEnum.xml' namespaceIndex='1' V281='13' V1='4' name='TransactionType'>
      </savedDerivedCopy>
      <savedOrigCopyAtInheritsFrom t='167' id='6' V167='21' V283='1' occurMaxTimes='1' minSize='-1' maxSize='-1' dataType='2' repHandlerStruct='' inheritsFrom='' namespaceIndex='1' V281='13' V1='4' name='TransactionTypeEnum'>
      </savedOrigCopyAtInheritsFrom>
    </child>
    <child t='167' id='7' V167='21' V283='1' occurMinTimes='1' occurMaxTimes='1' minSize='-1' maxSize='-1' dataType='31' repHandlerStruct='' visible='true' inheritsFrom='' namespaceIndex='1' V281='13' V1='4' name='TransactionDate'>
      <structNode t='150' idref='1'/>
    </child>
    <child t='167' id='8' V167='21' V283='1' occurMaxTimes='1' minSize='-1' maxSize='-1' dataType='2' repHandlerStruct='' visible='true' inheritsFrom='' namespaceIndex='1' V281='13' V1='4' name='Description'>
      <structNode t='150' idref='1'/>
    </child>
    <child t='167' id='9' V167='21' V283='1' occurMinTimes='1' occurMaxTimes='1' minSize='-1' maxSize='-1' dataType='22' repHandlerStruct='' visible='true' inheritsFrom='' namespaceIndex='1' V281='13' V1='4' name='Amount'>
      <structNode t='150' idref='1'/>
    </child>
    <child t='167' id='10' V167='21' V283='1' occurMinTimes='1' occurMaxTimes='1' minSize='-1' maxSize='-1' dataType='2' repHandlerStruct='' visible='true' inheritsFrom='' namespaceIndex='1' V281='13' V1='4' name='ContractID'>
      <structNode t='150' idref='1'/>
    </child>
    <child t='167' id='11' V167='21' V283='1' occurMinTimes='1' occurMaxTimes='1' minSize='-1' maxSize='-1' dataType='2' repHandlerStruct='' visible='true' inheritsFrom='' namespaceIndex='1' V281='13' V1='4' name='ContractMajorVersion'>
      <structNode t='150' idref='1'/>
    </child>
    <child t='167' id='12' V167='21' V283='1' occurMinTimes='1' occurMaxTimes='1' minSize='-1' maxSize='-1' dataType='2' repHandlerStruct='' visible='true' inheritsFrom='' namespaceIndex='1' V281='13' V1='4' name='ContractMinorVersion'>
      <structNode t='150' idref='1'/>
    </child>
    <child t='167' id='13' V167='21' V283='1' occurMinTimes='1' occurMaxTimes='1' minSize='-1' maxSize='-1' groupType='2' repHandlerStruct='' inheritsFrom='' V281='13' V1='4' name='Anonymous_choice'>
      <structNode t='150' idref='1'/>
      <child t='167' id='14' V167='21' V283='1' occurMinTimes='1' occurMaxTimes='1' minSize='-1' maxSize='-1' dataType='2' repHandlerStruct='' visible='true' inheritsFrom='' namespaceIndex='1' V281='13' V1='4' name='CreditorID'>
        <structNode t='150' idref='1'/>
      </child>
      <child t='167' id='15' V167='21' V283='1' occurMinTimes='1' occurMaxTimes='1' minSize='-1' maxSize='-1' dataType='2' repHandlerStruct='' visible='true' inheritsFrom='' namespaceIndex='1' V281='13' V1='4' name='DebtorID'>
        <structNode t='150' idref='1'/>
      </child>
    </child>
    <child t='167' id='16' V167='21' V283='1' occurMaxTimes='1' minSize='-1' maxSize='-1' dataType='2' repHandlerStruct='' visible='true' inheritsFrom='' namespaceIndex='1' V281='13' V1='4' name='OrderID'>
      <structNode t='150' idref='1'/>
    </child>
    <child t='167' id='17' V167='21' V283='1' occurMaxTimes='1' minSize='-1' maxSize='-1' dataType='2' repHandlerStruct='' visible='true' inheritsFrom='' namespaceIndex='1' V281='13' V1='4' name='PackageID'>
      <structNode t='150' idref='1'/>
    </child>
    <child t='167' id='18' V167='21' V283='1' occurMaxTimes='1' minSize='-1' maxSize='-1' dataType='2' repHandlerStruct='' visible='true' inheritsFrom='' namespaceIndex='1' V281='13' V1='4' name='QuoteID'>
      <structNode t='150' idref='1'/>
    </child>
  </rootElem>
  <defaultRep t='172' id='19' V172='6' autoFixNamespaceMismatch='true' V170='10' V692='1' unnamedElemsNamespace='1' V690='1' ignoreExcluded='true' fixInvalidCharacters='true' V1='4' name='XML'>
    <namespaceContainers t='220' ref='Namespace Containers/WebIntegration_v2_AccountManagementService_6_4_1_v57_AccountManagementService_ESB_v57_0.1.wsdl_0.1.xml'/>
  </defaultRep>
  <namespaceList t='161' id='20' V161='1' namespaceUri='___osdtDummy___' V1='4'>
  </namespaceList>
  <namespaceList t='161' id='21' V161='1' namespaceUri='http://www.homeserve.com/Global/Finance/Transaction/v1' namespacePrefix='hsgft' V1='4'>
  </namespaceList>
  <child t='162' id='22' V1='4' name='Representations'>
    <child t='172' idref='19'/>
  </child>
  <child t='165' id='23' V1='4' name='Document Bindings'>
    <child t='166' id='24' V166='5' docType='1' V1='4' name='/hsgft:TransactionType'>
      <elemNode t='167' idref='2'/>
    </child>
  </child>
</root>
