<?xml version="1.0" encoding="UTF-8"?>
<root t='190' id='1' V190='11' inStruct='Structures/NewGas/ESB_ClaimsService/ClaimsService_ESB_0.1/Elements/hscds/GetClaimsResponse.xml' outStruct='Structures/UpdateClaims/CR234-UpdateClaims/CR234-eServe-UpdateClaims_0.1/Elements/tns/UpdateClaimDetailsRequest.xml' inputRep='172' outputRep='172' nextMap='' inputStructUserName='GetClaimsResponse' outputStructUserName='UpdateClaimDetailsRequest' V1='4' name='UpdateClaims_CR234' incarnation='1337'>
  <inputMapElem t='200' id='2' V200='7' input='true' shown='5' structElemExists='true' V283='1' occurMinTimes='1' occurMaxTimes='1' minSize='-1' maxSize='-1' inheritsFromCopyRule='20' groupType='1' repHandlerStruct='' visible='true' inheritsFrom='Structures/NewGas/ESB_ClaimsService/ClaimsService_ESB_0.1/Types/hsegcccdo/GetClaimsResponseType.xml' namespaceIndex='1' V281='13' V1='4' name='GetClaimsResponse'>
    <mapNode t='190' idref='1'/>
    <child t='200' id='3' V200='7' input='true' shown='5' structElemExists='true' V283='1' occurMinTimes='1' occurMaxTimes='1' minSize='-1' maxSize='-1' inheritsFromCopyRule='20' groupType='1' repHandlerStruct='' visible='true' inheritsFrom='Structures/NewGas/ESB_ClaimsService/ClaimsService_ESB_0.1/Types/hsgco/OutcomeType.xml' namespaceIndex='2' V281='13' V1='4' name='Outcome'>
      <mapNode t='190' idref='1'/>
      <child t='200' id='4' V200='7' input='true' shown='2' structElemExists='true' V283='1' occurMinTimes='1' occurMaxTimes='1' minSize='-1' maxSize='-1' dataType='12' repHandlerStruct='' visible='true' inheritsFrom='' namespaceIndex='3' V281='13' V1='4' name='ResultCode'>
        <mapNode t='190' idref='1'/>
      </child>
      <child t='200' id='5' V200='7' input='true' shown='2' structElemExists='true' V283='1' occurMinTimes='1' occurMaxTimes='1' minSize='-1' maxSize='-1' dataType='2' repHandlerStruct='' visible='true' inheritsFrom='' namespaceIndex='3' V281='13' V1='4' name='ResultDescription'>
        <mapNode t='190' idref='1'/>
      </child>
      <child t='200' id='6' V200='7' input='true' shown='2' structElemExists='true' V283='1' occurMinTimes='1' occurMaxTimes='1' minSize='-1' maxSize='-1' dataType='2' repHandlerStruct='' visible='true' inheritsFrom='' namespaceIndex='3' V281='13' V1='4' name='ResultStatus'>
        <mapNode t='190' idref='1'/>
      </child>
      <child t='200' id='7' V200='7' input='true' shown='2' structElemExists='true' V283='1' occurMaxTimes='-1' minSize='-1' maxSize='-1' inheritsFromCopyRule='20' groupType='1' repHandlerStruct='' visible='true' inheritsFrom='Structures/NewGas/ESB_ClaimsService/ClaimsService_ESB_0.1/Types/hsgco/ProcessOutcomeType.xml' namespaceIndex='3' V281='13' V1='4' name='ProcessOutcome'>
        <mapNode t='190' idref='1'/>
      </child>
    </child>
    <child t='200' id='8' V200='7' input='true' shown='5' structElemExists='true' V283='1' occurMaxTimes='1' minSize='-1' maxSize='-1' inheritsFromCopyRule='20' groupType='1' repHandlerStruct='' visible='true' inheritsFrom='Structures/NewGas/ESB_ClaimsService/ClaimsService_ESB_0.1/Types/hsgcc/ClaimsType.xml' namespaceIndex='2' V281='13' V1='4' name='Claims'>
      <mapNode t='190' idref='1'/>
      <child t='200' id='9' V200='7' input='true' shown='5' structElemExists='true' V283='1' occurMinTimes='1' occurMaxTimes='-1' minSize='-1' maxSize='-1' inheritsFromCopyRule='20' groupType='1' repHandlerStruct='' visible='true' inheritsFrom='Structures/NewGas/ESB_ClaimsService/ClaimsService_ESB_0.1/Types/hsgcc/ClaimType.xml' namespaceIndex='4' V281='13' V1='4' name='Claim'>
        <mapNode t='190' idref='1'/>
        <child t='200' id='10' V200='7' input='true' shown='5' structElemExists='true' V283='1' occurMinTimes='1' occurMaxTimes='1' minSize='-1' maxSize='-1' dataType='2' repHandlerStruct='' visible='true' inheritsFrom='' namespaceIndex='4' V281='13' V1='4' name='ClaimReference'>
          <mapNode t='190' idref='1'/>
        </child>
        <child t='200' id='11' V200='7' input='true' shown='5' structElemExists='true' valueSetIndex='1' V283='1' occurMinTimes='1' occurMaxTimes='1' minSize='-1' maxSize='-1' inheritsFromCopyRule='20' dataType='2' repHandlerStruct='' visible='true' inheritsFrom='Structures/NewGas/ESB_ClaimsService/ClaimsService_ESB_0.1/Types/hsgcc/StatusEnum.xml' namespaceIndex='4' V281='13' V1='4' name='ClaimStatus' description='Status of Claims/Jobs'>
          <mapNode t='190' idref='1'/>
        </child>
        <child t='200' id='12' V200='7' input='true' shown='5' structElemExists='true' V283='1' occurMinTimes='1' occurMaxTimes='1' minSize='-1' maxSize='-1' dataType='31' repHandlerStruct='' visible='true' inheritsFrom='' namespaceIndex='4' V281='13' V1='4' name='ClaimDate'>
          <mapNode t='190' idref='1'/>
        </child>
        <child t='200' id='13' V200='7' input='true' shown='5' structElemExists='true' V283='1' occurMaxTimes='1' minSize='-1' maxSize='-1' dataType='22' repHandlerStruct='' visible='true' inheritsFrom='' namespaceIndex='4' V281='13' V1='4' name='ExcessFee'>
          <mapNode t='190' idref='1'/>
        </child>
        <child t='200' id='14' V200='7' input='true' shown='5' structElemExists='true' valueSetIndex='2' V283='1' occurMaxTimes='1' minSize='-1' maxSize='-1' dataType='1' repHandlerStruct='' visible='true' inheritsFrom='' namespaceIndex='4' V281='13' V1='4' name='ExcessPaid'>
          <mapNode t='190' idref='1'/>
        </child>
        <child t='200' id='15' V200='7' input='true' shown='5' structElemExists='true' V283='1' occurMinTimes='1' occurMaxTimes='1' minSize='-1' maxSize='-1' inheritsFromCopyRule='20' groupType='1' repHandlerStruct='' visible='true' inheritsFrom='Structures/NewGas/ESB_ClaimsService/ClaimsService_ESB_0.1/Types/hsgcc/JobsType.xml' namespaceIndex='4' V281='13' V1='4' name='Jobs'>
          <mapNode t='190' idref='1'/>
          <child t='200' id='16' V200='7' input='true' shown='5' structElemExists='true' V283='1' occurMinTimes='1' occurMaxTimes='-1' minSize='-1' maxSize='-1' inheritsFromCopyRule='20' groupType='1' repHandlerStruct='' visible='true' inheritsFrom='Structures/NewGas/ESB_ClaimsService/ClaimsService_ESB_0.1/Types/hsgcc/JobType.xml' namespaceIndex='4' V281='13' V1='4' name='Job' checksumValid='true' checksum='41d7kSh1Ampx4YD9wYmFHrP0jJg='>
            <mapNode t='190' idref='1'/>
            <child t='200' id='17' V200='7' input='true' shown='5' structElemExists='true' V283='1' occurMinTimes='1' occurMaxTimes='1' minSize='-1' maxSize='-1' inheritsFromCopyRule='20' groupType='1' repHandlerStruct='' visible='true' inheritsFrom='Structures/NewGas/ESB_ClaimsService/ClaimsService_ESB_0.1/Types/hsgcc/ContractReferencesType.xml' namespaceIndex='4' V281='13' V1='4' name='ContractReferences'>
              <mapNode t='190' idref='1'/>
              <child t='200' id='18' V200='7' input='true' shown='5' structElemExists='true' V283='1' occurMinTimes='1' occurMaxTimes='-1' minSize='-1' maxSize='-1' inheritsFromCopyRule='20' groupType='1' repHandlerStruct='' visible='true' inheritsFrom='Structures/NewGas/ESB_ClaimsService/ClaimsService_ESB_0.1/Types/hsgcc/ContractReferenceType.xml' namespaceIndex='4' V281='13' V1='4' name='ContractReference' checksumValid='true' checksum='n6ZMpZ+BaX0nz7oHwp0KjcwxIgc='>
                <mapNode t='190' idref='1'/>
                <child t='200' id='19' V200='7' input='true' shown='5' structElemExists='true' V283='1' occurMinTimes='1' occurMaxTimes='1' minSize='-1' maxSize='-1' dataType='2' repHandlerStruct='' visible='true' inheritsFrom='' namespaceIndex='4' V281='13' V1='4' name='ContractID'>
                  <mapNode t='190' idref='1'/>
                </child>
                <child t='200' id='20' V200='7' input='true' shown='5' structElemExists='true' V283='1' occurMaxTimes='1' minSize='-1' maxSize='-1' dataType='2' repHandlerStruct='' visible='true' inheritsFrom='' namespaceIndex='4' V281='13' V1='4' name='PartnerID'>
                  <mapNode t='190' idref='1'/>
                </child>
                <child t='200' id='21' V200='7' input='true' shown='5' structElemExists='true' V283='1' occurMaxTimes='1' minSize='-1' maxSize='-1' dataType='2' repHandlerStruct='' visible='true' inheritsFrom='' namespaceIndex='4' V281='13' V1='4' name='PackageID'>
                  <mapNode t='190' idref='1'/>
                </child>
                <child t='200' id='22' V200='7' input='true' shown='5' structElemExists='true' V283='1' occurMaxTimes='1' minSize='-1' maxSize='-1' dataType='2' repHandlerStruct='' visible='true' inheritsFrom='' namespaceIndex='4' V281='13' V1='4' name='ProductID'>
                  <mapNode t='190' idref='1'/>
                </child>
                <child t='200' id='23' V200='7' input='true' shown='5' structElemExists='true' V283='1' occurMaxTimes='1' minSize='-1' maxSize='-1' dataType='2' repHandlerStruct='' visible='true' inheritsFrom='' namespaceIndex='4' V281='13' V1='4' name='ProductLine'>
                  <mapNode t='190' idref='1'/>
                </child>
                <child t='200' id='24' V200='7' input='true' shown='5' structElemExists='true' V283='1' occurMaxTimes='1' minSize='-1' maxSize='-1' inheritsFromCopyRule='20' groupType='1' repHandlerStruct='' visible='true' inheritsFrom='Structures/NewGas/ESB_ClaimsService/ClaimsService_ESB_0.1/Types/hsgcc/ClaimDiagnosticsType.xml' namespaceIndex='4' V281='13' V1='4' name='Diagnostics'>
                  <mapNode t='190' idref='1'/>
                  <child t='200' id='25' V200='7' input='true' shown='5' structElemExists='true' V283='1' occurMinTimes='1' occurMaxTimes='1' minSize='-1' maxSize='-1' dataType='2' repHandlerStruct='' visible='true' inheritsFrom='' namespaceIndex='4' V281='13' V1='4' name='CoverageType'>
                    <mapNode t='190' idref='1'/>
                  </child>
                  <child t='200' id='26' V200='7' input='true' shown='5' structElemExists='true' V283='1' occurMinTimes='1' occurMaxTimes='1' minSize='-1' maxSize='-1' dataType='2' repHandlerStruct='' visible='true' inheritsFrom='' namespaceIndex='4' V281='13' V1='4' name='SORCode'>
                    <mapNode t='190' idref='1'/>
                  </child>
                  <child t='200' id='27' V200='7' input='true' shown='5' structElemExists='true' V283='1' occurMaxTimes='1' minSize='-1' maxSize='-1' dataType='2' repHandlerStruct='' visible='true' inheritsFrom='' namespaceIndex='4' V281='13' V1='4' name='Description'>
                    <mapNode t='190' idref='1'/>
                  </child>
                  <child t='200' id='28' V200='7' input='true' shown='5' structElemExists='true' V283='1' occurMaxTimes='1' minSize='-1' maxSize='-1' dataType='2' repHandlerStruct='' visible='true' inheritsFrom='' namespaceIndex='4' V281='13' V1='4' name='SkillCode'>
                    <mapNode t='190' idref='1'/>
                  </child>
                  <child t='200' id='29' V200='7' input='true' shown='5' structElemExists='true' V283='1' occurMaxTimes='1' minSize='-1' maxSize='-1' dataType='2' repHandlerStruct='' visible='true' inheritsFrom='' namespaceIndex='4' V281='13' V1='4' name='AdditionalNotes'>
                    <mapNode t='190' idref='1'/>
                  </child>
                </child>
                <child t='200' id='30' V200='7' input='true' shown='5' structElemExists='true' valueSetIndex='2' V283='1' occurMinTimes='1' occurMaxTimes='1' minSize='-1' maxSize='-1' dataType='1' repHandlerStruct='' visible='true' inheritsFrom='' namespaceIndex='4' V281='13' V1='4' name='IsCompleted'>
                  <mapNode t='190' idref='1'/>
                </child>
                <child t='200' id='31' V200='7' input='true' shown='5' structElemExists='true' V283='1' occurMaxTimes='1' minSize='-1' maxSize='-1' dataType='22' repHandlerStruct='' visible='true' inheritsFrom='' namespaceIndex='4' V281='13' V1='4' name='TotalCostInclVAT'>
                  <mapNode t='190' idref='1'/>
                </child>
              </child>
            </child>
            <child t='200' id='32' V200='7' input='true' shown='5' structElemExists='true' V283='1' occurMinTimes='1' occurMaxTimes='1' minSize='-1' maxSize='-1' dataType='2' repHandlerStruct='' visible='true' inheritsFrom='' namespaceIndex='4' V281='13' V1='4' name='JobReference'>
              <mapNode t='190' idref='1'/>
            </child>
            <child t='200' id='33' V200='7' input='true' shown='5' structElemExists='true' V283='1' occurMaxTimes='1' minSize='-1' maxSize='-1' dataType='2' repHandlerStruct='' visible='true' inheritsFrom='' namespaceIndex='4' V281='13' V1='4' name='WorkRequestReference'>
              <mapNode t='190' idref='1'/>
            </child>
            <child t='200' id='34' V200='7' input='true' shown='5' structElemExists='true' V283='1' occurMinTimes='1' occurMaxTimes='1' minSize='-1' maxSize='-1' dataType='31' repHandlerStruct='' visible='true' inheritsFrom='' namespaceIndex='4' V281='13' V1='4' name='JobDate'>
              <mapNode t='190' idref='1'/>
            </child>
            <child t='200' id='35' V200='7' input='true' shown='5' structElemExists='true' V283='1' occurMinTimes='1' occurMaxTimes='1' minSize='-1' maxSize='-1' dataType='2' repHandlerStruct='' visible='true' inheritsFrom='' namespaceIndex='4' V281='13' V1='4' name='JobType'>
              <mapNode t='190' idref='1'/>
            </child>
            <child t='200' id='36' V200='7' input='true' shown='5' structElemExists='true' valueSetIndex='1' V283='1' occurMinTimes='1' occurMaxTimes='1' minSize='-1' maxSize='-1' inheritsFromCopyRule='20' dataType='2' repHandlerStruct='' visible='true' inheritsFrom='Structures/NewGas/ESB_ClaimsService/ClaimsService_ESB_0.1/Types/hsgcc/StatusEnum.xml' namespaceIndex='4' V281='13' V1='4' name='JobStatus' description='Status of Claims/Jobs'>
              <mapNode t='190' idref='1'/>
            </child>
            <child t='200' id='37' V200='7' input='true' shown='5' structElemExists='true' valueSetIndex='3' V283='1' occurMinTimes='1' occurMaxTimes='1' minSize='-1' maxSize='-1' inheritsFromCopyRule='20' dataType='2' repHandlerStruct='' visible='true' inheritsFrom='Structures/NewGas/ESB_ClaimsService/ClaimsService_ESB_0.1/Types/hsgcc/JobProgressEnum.xml' namespaceIndex='4' V281='13' V1='4' name='JobProgress' description='Status of Jobs'>
              <mapNode t='190' idref='1'/>
            </child>
            <child t='200' id='38' V200='7' input='true' shown='5' structElemExists='true' V283='1' occurMaxTimes='1' minSize='-1' maxSize='-1' inheritsFromCopyRule='20' groupType='1' repHandlerStruct='' visible='true' inheritsFrom='Structures/NewGas/ESB_ClaimsService/ClaimsService_ESB_0.1/Types/hsgcas1/AssetsType.xml' namespaceIndex='4' V281='13' V1='4' name='Assets'>
              <mapNode t='190' idref='1'/>
              <child t='200' id='39' V200='7' input='true' shown='5' structElemExists='true' V283='1' occurMinTimes='1' occurMaxTimes='-1' minSize='-1' maxSize='-1' inheritsFromCopyRule='20' groupType='1' repHandlerStruct='' visible='true' inheritsFrom='Structures/NewGas/ESB_ClaimsService/ClaimsService_ESB_0.1/Types/hsgcas1/AssetType.xml' namespaceIndex='5' V281='13' V1='4' name='Asset'>
                <mapNode t='190' idref='1'/>
                <child t='200' id='40' V200='7' input='true' structElemExists='true' V283='1' occurMinTimes='1' occurMaxTimes='1' minSize='-1' maxSize='-1' dataType='2' repHandlerStruct='' visible='true' inheritsFrom='' namespaceIndex='5' V281='13' V1='4' name='AssetID'>
                  <mapNode t='190' idref='1'/>
                </child>
                <child t='200' id='41' V200='7' input='true' structElemExists='true' V283='1' occurMinTimes='1' occurMaxTimes='1' minSize='-1' maxSize='-1' dataType='31' repHandlerStruct='' visible='true' inheritsFrom='' namespaceIndex='5' V281='13' V1='4' name='EffectiveDate'>
                  <mapNode t='190' idref='1'/>
                </child>
                <child t='200' id='42' V200='7' input='true' structElemExists='true' V283='1' occurMaxTimes='1' minSize='-1' maxSize='-1' dataType='31' repHandlerStruct='' visible='true' inheritsFrom='' namespaceIndex='5' V281='13' V1='4' name='ExpiryDate'>
                  <mapNode t='190' idref='1'/>
                </child>
                <child t='200' id='43' V200='7' input='true' structElemExists='true' V283='1' occurMinTimes='1' occurMaxTimes='1' minSize='-1' maxSize='-1' inheritsFromCopyRule='20' groupType='1' repHandlerStruct='' visible='true' inheritsFrom='Structures/NewGas/ESB_ClaimsService/ClaimsService_ESB_0.1/Types/hsgcas1/AssetTypeType.xml' namespaceIndex='5' V281='13' V1='4' name='AssetType'>
                  <mapNode t='190' idref='1'/>
                </child>
                <child t='200' id='44' V200='7' input='true' structElemExists='true' V283='1' occurMinTimes='1' occurMaxTimes='-1' minSize='-1' maxSize='-1' inheritsFromCopyRule='20' groupType='1' repHandlerStruct='' visible='true' inheritsFrom='Structures/NewGas/ESB_ClaimsService/ClaimsService_ESB_0.1/Types/hsgcas1/AssetDetailsType.xml' namespaceIndex='5' V281='13' V1='4' name='AssetDetail'>
                  <mapNode t='190' idref='1'/>
                </child>
              </child>
            </child>
            <child t='200' id='45' V200='7' input='true' shown='5' structElemExists='true' V283='1' occurMaxTimes='1' minSize='-1' maxSize='-1' inheritsFromCopyRule='20' groupType='1' repHandlerStruct='' visible='true' inheritsFrom='Structures/NewGas/ESB_ClaimsService/ClaimsService_ESB_0.1/Types/hsgcc/ReasonType.xml' namespaceIndex='4' V281='13' V1='4' name='Reason'>
              <mapNode t='190' idref='1'/>
              <child t='200' id='46' V200='7' input='true' shown='5' structElemExists='true' valueSetIndex='4' V283='1' occurMinTimes='1' occurMaxTimes='1' minSize='-1' maxSize='-1' inheritsFromCopyRule='20' dataType='2' repHandlerStruct='' visible='true' inheritsFrom='Structures/NewGas/ESB_ClaimsService/ClaimsService_ESB_0.1/Types/hsgcc/ReasonTypeEnum.xml' namespaceIndex='4' V281='13' V1='4' name='ReasonType'>
                <mapNode t='190' idref='1'/>
              </child>
              <child t='200' id='47' V200='7' input='true' shown='5' structElemExists='true' V283='1' occurMinTimes='1' occurMaxTimes='1' minSize='-1' maxSize='-1' dataType='2' repHandlerStruct='' visible='true' inheritsFrom='' namespaceIndex='4' V281='13' V1='4' name='ReasonDescription'>
                <mapNode t='190' idref='1'/>
              </child>
            </child>
            <child t='200' id='48' V200='7' input='true' shown='5' structElemExists='true' V283='1' occurMaxTimes='1' minSize='-1' maxSize='-1' inheritsFromCopyRule='20' groupType='1' repHandlerStruct='' visible='true' inheritsFrom='Structures/NewGas/ESB_ClaimsService/ClaimsService_ESB_0.1/Types/hsgcc/LettersType.xml' namespaceIndex='4' V281='13' V1='4' name='Letters'>
              <mapNode t='190' idref='1'/>
              <child t='200' id='49' V200='7' input='true' shown='5' structElemExists='true' valueSetIndex='5' V283='1' occurMinTimes='1' occurMaxTimes='1' minSize='-1' maxSize='-1' inheritsFromCopyRule='20' dataType='2' repHandlerStruct='' visible='true' inheritsFrom='Structures/NewGas/ESB_ClaimsService/ClaimsService_ESB_0.1/Types/hsgcc/LetterNameEnum.xml' namespaceIndex='4' V281='13' V1='4' name='Name'>
                <mapNode t='190' idref='1'/>
              </child>
              <child t='200' id='50' V200='7' input='true' shown='5' structElemExists='true' V283='1' occurMaxTimes='1' minSize='-1' maxSize='-1' dataType='30' repHandlerStruct='' visible='true' inheritsFrom='' namespaceIndex='4' V281='13' V1='4' name='CreatedDate'>
                <mapNode t='190' idref='1'/>
              </child>
            </child>
            <child t='200' id='51' V200='7' input='true' shown='5' structElemExists='true' V283='1' occurMaxTimes='1' minSize='-1' maxSize='-1' inheritsFromCopyRule='20' groupType='1' repHandlerStruct='' visible='true' inheritsFrom='Structures/NewGas/ESB_ClaimsService/ClaimsService_ESB_0.1/Types/hsgca/AppointmentType.xml' namespaceIndex='4' V281='13' V1='4' name='Appointment'>
              <mapNode t='190' idref='1'/>
              <child t='200' id='52' V200='7' input='true' shown='5' structElemExists='true' V283='1' occurMinTimes='1' occurMaxTimes='1' minSize='-1' maxSize='-1' dataType='31' repHandlerStruct='' visible='true' inheritsFrom='' namespaceIndex='6' V281='13' V1='4' name='Date'>
                <mapNode t='190' idref='1'/>
              </child>
              <child t='200' id='53' V200='7' input='true' shown='5' structElemExists='true' valueSetIndex='6' V283='1' occurMinTimes='1' occurMaxTimes='1' minSize='-1' maxSize='-1' inheritsFromCopyRule='20' dataType='2' repHandlerStruct='' visible='true' inheritsFrom='Structures/NewGas/ESB_ClaimsService/ClaimsService_ESB_0.1/Types/hsgca/AppointmentSlotEnum.xml' namespaceIndex='6' V281='13' V1='4' name='Slot'>
                <mapNode t='190' idref='1'/>
              </child>
              <child t='200' id='54' V200='7' input='true' shown='5' structElemExists='true' V283='1' occurMaxTimes='1' minSize='-1' maxSize='-1' dataType='2' repHandlerStruct='' visible='true' inheritsFrom='' namespaceIndex='6' V281='13' V1='4' name='Token'>
                <mapNode t='190' idref='1'/>
              </child>
              <child t='200' id='55' V200='7' input='true' shown='5' structElemExists='true' V283='1' occurMaxTimes='1' minSize='-1' maxSize='-1' dataType='2' repHandlerStruct='' visible='true' inheritsFrom='' namespaceIndex='6' V281='13' V1='4' name='ContractID'>
                <mapNode t='190' idref='1'/>
              </child>
              <child t='200' id='56' V200='7' input='true' shown='5' structElemExists='true' V283='1' occurMaxTimes='1' minSize='-1' maxSize='-1' dataType='2' repHandlerStruct='' visible='true' inheritsFrom='' namespaceIndex='6' V281='13' V1='4' name='EngineerID'>
                <mapNode t='190' idref='1'/>
              </child>
              <child t='200' id='57' V200='7' input='true' shown='5' structElemExists='true' V283='1' occurMaxTimes='1' minSize='-1' maxSize='-1' dataType='2' repHandlerStruct='' visible='true' inheritsFrom='' namespaceIndex='6' V281='13' V1='4' name='GroupID'>
                <mapNode t='190' idref='1'/>
              </child>
            </child>
            <child t='200' id='58' V200='7' input='true' shown='5' structElemExists='true' valueSetIndex='2' V283='1' occurMinTimes='1' occurMaxTimes='1' minSize='-1' maxSize='-1' dataType='1' repHandlerStruct='' visible='true' inheritsFrom='' namespaceIndex='4' V281='13' V1='4' name='ServiceJob'>
              <mapNode t='190' idref='1'/>
            </child>
            <child t='200' id='59' V200='7' input='true' shown='5' structElemExists='true' valueSetIndex='2' V283='1' occurMinTimes='1' occurMaxTimes='1' minSize='-1' maxSize='-1' dataType='1' repHandlerStruct='' visible='true' inheritsFrom='' namespaceIndex='4' V281='13' V1='4' name='BeyondEconomicalRepair'>
              <mapNode t='190' idref='1'/>
            </child>
            <child t='200' id='60' V200='7' input='true' shown='5' structElemExists='true' V283='1' occurMinTimes='1' occurMaxTimes='1' minSize='-1' maxSize='-1' dataType='2' repHandlerStruct='' visible='true' inheritsFrom='' namespaceIndex='4' V281='13' V1='4' name='JobHandler'>
              <mapNode t='190' idref='1'/>
            </child>
            <child t='200' id='61' V200='7' input='true' shown='5' structElemExists='true' V283='1' occurMaxTimes='1' minSize='-1' maxSize='-1' inheritsFromCopyRule='20' groupType='1' repHandlerStruct='' visible='true' inheritsFrom='Structures/NewGas/ESB_ClaimsService/ClaimsService_ESB_0.1/Types/hsgcc/ContractDetailsType.xml' namespaceIndex='4' V281='13' V1='4' name='ContractorDetails'>
              <mapNode t='190' idref='1'/>
              <child t='200' id='62' V200='7' input='true' shown='5' structElemExists='true' V283='1' occurMinTimes='1' occurMaxTimes='1' minSize='-1' maxSize='-1' dataType='2' repHandlerStruct='' visible='true' inheritsFrom='' namespaceIndex='4' V281='13' V1='4' name='ContractorName'>
                <mapNode t='190' idref='1'/>
              </child>
              <child t='200' id='63' V200='7' input='true' shown='5' structElemExists='true' V283='1' occurMinTimes='1' occurMaxTimes='1' minSize='-1' maxSize='-1' dataType='2' repHandlerStruct='' visible='true' inheritsFrom='' namespaceIndex='4' V281='13' V1='4' name='ContractPhoneNumber'>
                <mapNode t='190' idref='1'/>
              </child>
            </child>
            <child t='200' id='64' V200='7' input='true' shown='5' structElemExists='true' V283='1' occurMaxTimes='1' minSize='-1' maxSize='-1' dataType='22' repHandlerStruct='' visible='true' inheritsFrom='' namespaceIndex='4' V281='13' V1='4' name='CustomerPayment'>
              <mapNode t='190' idref='1'/>
            </child>
            <child t='200' id='65' V200='7' input='true' shown='5' structElemExists='true' V283='1' occurMaxTimes='1' minSize='-1' maxSize='-1' dataType='22' repHandlerStruct='' visible='true' inheritsFrom='' namespaceIndex='4' V281='13' V1='4' name='CustomerRefund'>
              <mapNode t='190' idref='1'/>
            </child>
            <child t='200' id='66' V200='7' input='true' shown='5' structElemExists='true' V283='1' occurMaxTimes='1' minSize='-1' maxSize='-1' dataType='30' repHandlerStruct='' visible='true' inheritsFrom='' namespaceIndex='4' V281='13' V1='4' name='CompletionDate'>
              <mapNode t='190' idref='1'/>
            </child>
            <child t='200' id='67' V200='7' input='true' shown='5' structElemExists='true' V283='1' occurMaxTimes='1' minSize='-1' maxSize='-1' dataType='2' repHandlerStruct='' visible='true' inheritsFrom='' namespaceIndex='4' V281='13' V1='4' name='AdditionalNotes'>
              <mapNode t='190' idref='1'/>
            </child>
          </child>
        </child>
      </child>
    </child>
  </inputMapElem>
  <outputMapElem t='200' id='68' V200='7' shown='5' structElemExists='true' V283='1' occurMinTimes='1' occurMaxTimes='1' minSize='-1' maxSize='-1' inheritsFromCopyRule='20' groupType='1' repHandlerStruct='' visible='true' inheritsFrom='Structures/UpdateClaims/CR234-UpdateClaims/CR234-eServe-UpdateClaims_0.1/Types/tns/UpdateClaimDetailsRequestType.xml' namespaceIndex='1' V281='13' modifiedFromParent_loop='true' V1='4' name='UpdateClaimDetailsRequest'>
    <mapNode t='190' idref='1'/>
    <loop>SimpleLoop([autoAdded="true"],in$/hscds:GetClaimsResponse,{Filter},{Sort Keys},{Contexts})</loop>
    <child t='200' id='69' V200='7' shown='5' structElemExists='true' V283='1' occurMinTimes='1' occurMaxTimes='1' minSize='-1' maxSize='-1' dataType='2' repHandlerStruct='' visible='true' inheritsFrom='' V281='13' modifiedFromParent_value='true' V1='4' name='Status'>
      <mapNode t='190' idref='1'/>
      <value>AgConcat(in$/hscds:GetClaimsResponse/hsegcccdo:Claims/hsgcc:Claim/hsgcc:ClaimStatus(SimpleLoop(in$/hscds:GetClaimsResponse/hsegcccdo:Claims/hsgcc:Claim,{Filter},{Sort Keys},{Contexts})))</value>
    </child>
    <child t='200' id='70' V200='7' shown='5' structElemExists='true' V283='1' occurMaxTimes='1' minSize='-1' maxSize='-1' dataType='2' repHandlerStruct='' visible='true' inheritsFrom='' V281='13' modifiedFromParent_value='true' V1='4' name='ExcessFee'>
      <mapNode t='190' idref='1'/>
      <value>AgConcat(in$/hscds:GetClaimsResponse/hsegcccdo:Claims/hsgcc:Claim/hsgcc:ExcessFee(SimpleLoop(in$/hscds:GetClaimsResponse/hsegcccdo:Claims/hsgcc:Claim,{Filter},{Sort Keys},{Contexts})))</value>
    </child>
    <child t='200' id='71' V200='7' shown='5' structElemExists='true' V283='1' occurMaxTimes='1' minSize='-1' maxSize='-1' dataType='2' repHandlerStruct='' visible='true' inheritsFrom='' V281='13' modifiedFromParent_value='true' V1='4' name='ExcessPaid'>
      <mapNode t='190' idref='1'/>
      <value>AgConcat(in$/hscds:GetClaimsResponse/hsegcccdo:Claims/hsgcc:Claim/hsgcc:ExcessPaid(SimpleLoop(in$/hscds:GetClaimsResponse/hsegcccdo:Claims/hsgcc:Claim,{Filter},{Sort Keys},{Contexts})))</value>
    </child>
    <child t='200' id='72' V200='7' shown='5' structElemExists='true' V283='1' occurMinTimes='1' occurMaxTimes='-1' minSize='-1' maxSize='-1' groupType='1' repHandlerStruct='' visible='true' inheritsFrom='' V281='13' modifiedFromParent_loop='true' V1='4' name='JobDetails' checksumValid='true' checksum='HUVi85u6lkT7iOfiqHII66cV54k='>
      <mapNode t='190' idref='1'/>
      <loop>SimpleLoop(in$/hscds:GetClaimsResponse/hsegcccdo:Claims/hsgcc:Claim,{Filter},{Sort Keys},NestedContext(SimpleLoop(in$/hscds:GetClaimsResponse/hsegcccdo:Claims/hsgcc:Claim/hsgcc:Jobs/hsgcc:Job,{Filter},{Sort Keys},{Contexts})))</loop>
      <child t='200' id='73' V200='7' shown='5' structElemExists='true' V283='1' occurMinTimes='1' occurMaxTimes='-1' minSize='-1' maxSize='-1' groupType='1' repHandlerStruct='' visible='true' inheritsFrom='' V281='13' modifiedFromParent_loop='true' V1='4' name='ContractReferences'>
        <mapNode t='190' idref='1'/>
        <loop>SimpleLoop(in$/hscds:GetClaimsResponse/hsegcccdo:Claims/hsgcc:Claim/hsgcc:Jobs/hsgcc:Job/hsgcc:ContractReferences/hsgcc:ContractReference,{Filter},{Sort Keys},{Contexts})</loop>
        <child t='200' id='74' V200='7' shown='5' structElemExists='true' V283='1' occurMaxTimes='1' minSize='-1' maxSize='-1' dataType='2' repHandlerStruct='' visible='true' inheritsFrom='' V281='13' modifiedFromParent_value='true' V1='4' name='PartnerOptionID'>
          <mapNode t='190' idref='1'/>
          <value>in$/hscds:GetClaimsResponse/hsegcccdo:Claims/hsgcc:Claim/hsgcc:Jobs/hsgcc:Job/hsgcc:ContractReferences/hsgcc:ContractReference/hsgcc:PartnerID</value>
        </child>
        <child t='200' id='75' V200='7' shown='5' structElemExists='true' V283='1' occurMaxTimes='1' minSize='-1' maxSize='-1' dataType='2' repHandlerStruct='' visible='true' inheritsFrom='' V281='13' modifiedFromParent_value='true' V1='4' name='ProductID'>
          <mapNode t='190' idref='1'/>
          <value>in$/hscds:GetClaimsResponse/hsegcccdo:Claims/hsgcc:Claim/hsgcc:Jobs/hsgcc:Job/hsgcc:ContractReferences/hsgcc:ContractReference/hsgcc:ProductID</value>
        </child>
        <child t='200' id='76' V200='7' shown='5' structElemExists='true' V283='1' occurMaxTimes='1' minSize='-1' maxSize='-1' dataType='2' repHandlerStruct='' visible='true' inheritsFrom='' V281='13' modifiedFromParent_value='true' V1='4' name='PackageID'>
          <mapNode t='190' idref='1'/>
          <value>in$/hscds:GetClaimsResponse/hsegcccdo:Claims/hsgcc:Claim/hsgcc:Jobs/hsgcc:Job/hsgcc:ContractReferences/hsgcc:ContractReference/hsgcc:PackageID</value>
        </child>
        <child t='200' id='77' V200='7' shown='5' structElemExists='true' V283='1' occurMinTimes='1' occurMaxTimes='1' minSize='-1' maxSize='-1' dataType='2' repHandlerStruct='' visible='true' inheritsFrom='' V281='13' modifiedFromParent_value='true' V1='4' name='ProductLine'>
          <mapNode t='190' idref='1'/>
          <value>in$/hscds:GetClaimsResponse/hsegcccdo:Claims/hsgcc:Claim/hsgcc:Jobs/hsgcc:Job/hsgcc:ContractReferences/hsgcc:ContractReference/hsgcc:ProductLine</value>
        </child>
        <child t='200' id='78' V200='7' shown='5' structElemExists='true' V283='1' occurMinTimes='1' occurMaxTimes='1' minSize='-1' maxSize='-1' dataType='2' repHandlerStruct='' visible='true' inheritsFrom='' V281='13' modifiedFromParent_value='true' V1='4' name='ContractID'>
          <mapNode t='190' idref='1'/>
          <value>in$/hscds:GetClaimsResponse/hsegcccdo:Claims/hsgcc:Claim/hsgcc:Jobs/hsgcc:Job/hsgcc:ContractReferences/hsgcc:ContractReference/hsgcc:ContractID</value>
        </child>
        <child t='200' id='79' V200='7' shown='5' structElemExists='true' V283='1' occurMaxTimes='1' minSize='-1' maxSize='-1' groupType='1' repHandlerStruct='' visible='true' inheritsFrom='' V281='13' modifiedFromParent_emit='true' V1='4' name='Daignostics'>
          <mapNode t='190' idref='1'/>
          <emit>IsPresent(in$/hscds:GetClaimsResponse/hsegcccdo:Claims/hsgcc:Claim/hsgcc:Jobs/hsgcc:Job/hsgcc:ContractReferences/hsgcc:ContractReference/hsgcc:Diagnostics)</emit>
          <child t='200' id='80' V200='7' shown='5' structElemExists='true' V283='1' occurMinTimes='1' occurMaxTimes='1' minSize='-1' maxSize='-1' dataType='2' repHandlerStruct='' visible='true' inheritsFrom='' V281='13' modifiedFromParent_value='true' V1='4' name='DiagnosticDescription'>
            <mapNode t='190' idref='1'/>
            <value>in$/hscds:GetClaimsResponse/hsegcccdo:Claims/hsgcc:Claim/hsgcc:Jobs/hsgcc:Job/hsgcc:ContractReferences/hsgcc:ContractReference/hsgcc:Diagnostics/hsgcc:Description</value>
          </child>
          <child t='200' id='81' V200='7' shown='5' structElemExists='true' V283='1' occurMinTimes='1' occurMaxTimes='1' minSize='-1' maxSize='-1' dataType='2' repHandlerStruct='' visible='true' inheritsFrom='' V281='13' modifiedFromParent_value='true' V1='4' name='CoverageType'>
            <mapNode t='190' idref='1'/>
            <value>in$/hscds:GetClaimsResponse/hsegcccdo:Claims/hsgcc:Claim/hsgcc:Jobs/hsgcc:Job/hsgcc:ContractReferences/hsgcc:ContractReference/hsgcc:Diagnostics/hsgcc:CoverageType</value>
          </child>
          <child t='200' id='82' V200='7' shown='5' structElemExists='true' V283='1' occurMinTimes='1' occurMaxTimes='1' minSize='-1' maxSize='-1' dataType='2' repHandlerStruct='' visible='true' inheritsFrom='' V281='13' modifiedFromParent_value='true' V1='4' name='SORCode'>
            <mapNode t='190' idref='1'/>
            <value>in$/hscds:GetClaimsResponse/hsegcccdo:Claims/hsgcc:Claim/hsgcc:Jobs/hsgcc:Job/hsgcc:ContractReferences/hsgcc:ContractReference/hsgcc:Diagnostics/hsgcc:SORCode</value>
          </child>
          <child t='200' id='83' V200='7' shown='5' structElemExists='true' V283='1' occurMaxTimes='1' minSize='-1' maxSize='-1' dataType='2' repHandlerStruct='' visible='true' inheritsFrom='' V281='13' modifiedFromParent_value='true' V1='4' name='SkillCode'>
            <mapNode t='190' idref='1'/>
            <value>in$/hscds:GetClaimsResponse/hsegcccdo:Claims/hsgcc:Claim/hsgcc:Jobs/hsgcc:Job/hsgcc:ContractReferences/hsgcc:ContractReference/hsgcc:Diagnostics/hsgcc:SkillCode</value>
          </child>
        </child>
        <child t='200' id='84' V200='7' shown='5' structElemExists='true' V283='1' occurMinTimes='1' occurMaxTimes='1' minSize='-1' maxSize='-1' dataType='2' repHandlerStruct='' visible='true' inheritsFrom='' V281='13' modifiedFromParent_value='true' V1='4' name='IsCompleted'>
          <mapNode t='190' idref='1'/>
          <value>in$/hscds:GetClaimsResponse/hsegcccdo:Claims/hsgcc:Claim/hsgcc:Jobs/hsgcc:Job/hsgcc:ContractReferences/hsgcc:ContractReference/hsgcc:IsCompleted</value>
        </child>
      </child>
      <child t='200' id='85' V200='7' shown='5' structElemExists='true' V283='1' occurMinTimes='1' occurMaxTimes='1' minSize='-1' maxSize='-1' dataType='31' repHandlerStruct='' visible='true' inheritsFrom='' V281='13' modifiedFromParent_value='true' V1='4' name='ReportedDate'>
        <mapNode t='190' idref='1'/>
        <value>in$/hscds:GetClaimsResponse/hsegcccdo:Claims/hsgcc:Claim/hsgcc:Jobs/hsgcc:Job/hsgcc:JobDate</value>
      </child>
      <child t='200' id='86' V200='7' shown='5' structElemExists='true' V283='1' occurMinTimes='1' occurMaxTimes='1' minSize='-1' maxSize='-1' dataType='2' repHandlerStruct='' visible='true' inheritsFrom='' V281='13' modifiedFromParent_value='true' V1='4' name='ReferenceID'>
        <mapNode t='190' idref='1'/>
        <value>in$/hscds:GetClaimsResponse/hsegcccdo:Claims/hsgcc:Claim/hsgcc:Jobs/hsgcc:Job/hsgcc:JobReference</value>
      </child>
      <child t='200' id='87' V200='7' shown='5' structElemExists='true' V283='1' occurMinTimes='1' occurMaxTimes='1' minSize='-1' maxSize='-1' dataType='2' repHandlerStruct='' visible='true' inheritsFrom='' V281='13' modifiedFromParent_value='true' V1='4' name='Status'>
        <mapNode t='190' idref='1'/>
        <value>in$/hscds:GetClaimsResponse/hsegcccdo:Claims/hsgcc:Claim/hsgcc:Jobs/hsgcc:Job/hsgcc:JobStatus</value>
      </child>
      <child t='200' id='88' V200='7' shown='5' structElemExists='true' V283='1' occurMaxTimes='1' minSize='-1' maxSize='-1' dataType='2' repHandlerStruct='' visible='true' inheritsFrom='' V281='13' modifiedFromParent_value='true' V1='4' name='WorkRequestReference'>
        <mapNode t='190' idref='1'/>
        <value>in$/hscds:GetClaimsResponse/hsegcccdo:Claims/hsgcc:Claim/hsgcc:Jobs/hsgcc:Job/hsgcc:WorkRequestReference</value>
      </child>
      <child t='200' id='89' V200='7' shown='5' structElemExists='true' V283='1' occurMaxTimes='1' minSize='-1' maxSize='-1' dataType='31' repHandlerStruct='' visible='true' inheritsFrom='' V281='13' modifiedFromParent_value='true' V1='4' name='AppointmentDate'>
        <mapNode t='190' idref='1'/>
        <value>in$/hscds:GetClaimsResponse/hsegcccdo:Claims/hsgcc:Claim/hsgcc:Jobs/hsgcc:Job/hsgcc:Appointment/hsgca:Date</value>
      </child>
      <child t='200' id='90' V200='7' shown='5' structElemExists='true' V283='1' occurMaxTimes='1' minSize='-1' maxSize='-1' dataType='2' repHandlerStruct='' visible='true' inheritsFrom='' V281='13' modifiedFromParent_value='true' V1='4' name='AppointmentSlot'>
        <mapNode t='190' idref='1'/>
        <value>in$/hscds:GetClaimsResponse/hsegcccdo:Claims/hsgcc:Claim/hsgcc:Jobs/hsgcc:Job/hsgcc:Appointment/hsgca:Slot</value>
      </child>
      <child t='200' id='91' V200='7' shown='5' structElemExists='true' V283='1' occurMaxTimes='1' minSize='-1' maxSize='-1' dataType='2' repHandlerStruct='' visible='true' inheritsFrom='' V281='13' modifiedFromParent_value='true' V1='4' name='AdditionalNotes'>
        <mapNode t='190' idref='1'/>
        <value>in$/hscds:GetClaimsResponse/hsegcccdo:Claims/hsgcc:Claim/hsgcc:Jobs/hsgcc:Job/hsgcc:AdditionalNotes</value>
      </child>
      <child t='200' id='92' V200='7' shown='5' structElemExists='true' V283='1' occurMaxTimes='1' minSize='-1' maxSize='-1' dataType='2' repHandlerStruct='' visible='true' inheritsFrom='' V281='13' modifiedFromParent_value='true' V1='4' name='ContractorName'>
        <mapNode t='190' idref='1'/>
        <value>in$/hscds:GetClaimsResponse/hsegcccdo:Claims/hsgcc:Claim/hsgcc:Jobs/hsgcc:Job/hsgcc:ContractorDetails/hsgcc:ContractorName</value>
      </child>
      <child t='200' id='93' V200='7' shown='5' structElemExists='true' V283='1' occurMaxTimes='1' minSize='-1' maxSize='-1' dataType='2' repHandlerStruct='' visible='true' inheritsFrom='' V281='13' modifiedFromParent_value='true' V1='4' name='CustomerPayment'>
        <mapNode t='190' idref='1'/>
        <value>in$/hscds:GetClaimsResponse/hsegcccdo:Claims/hsgcc:Claim/hsgcc:Jobs/hsgcc:Job/hsgcc:CustomerPayment</value>
      </child>
      <child t='200' id='94' V200='7' shown='5' structElemExists='true' V283='1' occurMinTimes='1' occurMaxTimes='1' minSize='-1' maxSize='-1' dataType='2' repHandlerStruct='' visible='true' inheritsFrom='' V281='13' modifiedFromParent_value='true' V1='4' name='JobProgressionStatus'>
        <mapNode t='190' idref='1'/>
        <value>in$/hscds:GetClaimsResponse/hsegcccdo:Claims/hsgcc:Claim/hsgcc:Jobs/hsgcc:Job/hsgcc:JobProgress</value>
      </child>
      <child t='200' id='95' V200='7' shown='5' structElemExists='true' V283='1' occurMaxTimes='1' minSize='-1' maxSize='-1' dataType='2' repHandlerStruct='' visible='true' inheritsFrom='' V281='13' modifiedFromParent_value='true' V1='4' name='ReasonType'>
        <mapNode t='190' idref='1'/>
        <value>in$/hscds:GetClaimsResponse/hsegcccdo:Claims/hsgcc:Claim/hsgcc:Jobs/hsgcc:Job/hsgcc:Reason/hsgcc:ReasonType</value>
      </child>
      <child t='200' id='96' V200='7' shown='5' structElemExists='true' V283='1' occurMaxTimes='1' minSize='-1' maxSize='-1' dataType='2' repHandlerStruct='' visible='true' inheritsFrom='' V281='13' modifiedFromParent_value='true' V1='4' name='ReasonDesription'>
        <mapNode t='190' idref='1'/>
        <value>in$/hscds:GetClaimsResponse/hsegcccdo:Claims/hsgcc:Claim/hsgcc:Jobs/hsgcc:Job/hsgcc:Reason/hsgcc:ReasonDescription</value>
      </child>
      <child t='200' id='97' V200='7' shown='5' structElemExists='true' V283='1' occurMaxTimes='-1' minSize='-1' maxSize='-1' groupType='1' repHandlerStruct='' visible='true' inheritsFrom='' V281='13' modifiedFromParent_loop='true' V1='4' name='Letters'>
        <mapNode t='190' idref='1'/>
        <loop>SimpleLoop(in$/hscds:GetClaimsResponse,{Filter},{Sort Keys},NestedContext(SimpleLoop(in$/hscds:GetClaimsResponse/hsegcccdo:Claims/hsgcc:Claim,{Filter},{Sort Keys},NestedContext(SimpleLoop(in$/hscds:GetClaimsResponse/hsegcccdo:Claims/hsgcc:Claim/hsgcc:Jobs/hsgcc:Job,{Filter},{Sort Keys},{Contexts})))))</loop>
        <child t='200' id='98' V200='7' shown='5' structElemExists='true' V283='1' occurMinTimes='1' occurMaxTimes='1' minSize='-1' maxSize='-1' dataType='2' repHandlerStruct='' visible='true' inheritsFrom='' V281='13' modifiedFromParent_value='true' V1='4' name='Name'>
          <mapNode t='190' idref='1'/>
          <value>in$/hscds:GetClaimsResponse/hsegcccdo:Claims/hsgcc:Claim/hsgcc:Jobs/hsgcc:Job/hsgcc:Letters/hsgcc:Name</value>
        </child>
        <child t='200' id='99' V200='7' shown='5' structElemExists='true' V283='1' occurMinTimes='1' occurMaxTimes='1' minSize='-1' maxSize='-1' dataType='30' repHandlerStruct='' visible='true' inheritsFrom='' V281='13' modifiedFromParent_value='true' V1='4' name='CreateTime'>
          <mapNode t='190' idref='1'/>
          <value>in$/hscds:GetClaimsResponse/hsegcccdo:Claims/hsgcc:Claim/hsgcc:Jobs/hsgcc:Job/hsgcc:Letters/hsgcc:CreatedDate</value>
        </child>
      </child>
      <child t='200' id='100' V200='7' shown='5' structElemExists='true' V283='1' occurMaxTimes='1' minSize='-1' maxSize='-1' dataType='30' repHandlerStruct='' visible='true' inheritsFrom='' V281='13' modifiedFromParent_value='true' V1='4' name='CompletionDate'>
        <mapNode t='190' idref='1'/>
        <value>in$/hscds:GetClaimsResponse/hsegcccdo:Claims/hsgcc:Claim/hsgcc:Jobs/hsgcc:Job/hsgcc:CompletionDate</value>
      </child>
      <child t='200' id='101' V200='7' shown='5' structElemExists='true' V283='1' occurMinTimes='1' occurMaxTimes='1' minSize='-1' maxSize='-1' dataType='2' repHandlerStruct='' visible='true' inheritsFrom='' V281='13' modifiedFromParent_value='true' V1='4' name='JobHandler'>
        <mapNode t='190' idref='1'/>
        <value>in$/hscds:GetClaimsResponse/hsegcccdo:Claims/hsgcc:Claim/hsgcc:Jobs/hsgcc:Job/hsgcc:JobHandler</value>
      </child>
      <child t='200' id='102' V200='7' shown='5' structElemExists='true' V283='1' occurMinTimes='1' occurMaxTimes='1' minSize='-1' maxSize='-1' dataType='2' repHandlerStruct='' visible='true' inheritsFrom='' V281='13' modifiedFromParent_value='true' V1='4' name='ServiceJob'>
        <mapNode t='190' idref='1'/>
        <value>in$/hscds:GetClaimsResponse/hsegcccdo:Claims/hsgcc:Claim/hsgcc:Jobs/hsgcc:Job/hsgcc:ServiceJob</value>
      </child>
      <child t='200' id='103' V200='7' shown='5' structElemExists='true' V283='1' occurMaxTimes='1' minSize='-1' maxSize='-1' dataType='2' repHandlerStruct='' visible='true' inheritsFrom='' V281='13' modifiedFromParent_value='true' V1='4' name='BER'>
        <mapNode t='190' idref='1'/>
        <value>in$/hscds:GetClaimsResponse/hsegcccdo:Claims/hsgcc:Claim/hsgcc:Jobs/hsgcc:Job/hsgcc:BeyondEconomicalRepair</value>
      </child>
      <child t='200' id='104' V200='7' shown='5' structElemExists='true' V283='1' occurMaxTimes='1' minSize='-1' maxSize='-1' dataType='2' repHandlerStruct='' visible='true' inheritsFrom='' V281='13' modifiedFromParent_value='true' V1='4' name='ContactNumber'>
        <mapNode t='190' idref='1'/>
        <value>in$/hscds:GetClaimsResponse/hsegcccdo:Claims/hsgcc:Claim/hsgcc:Jobs/hsgcc:Job/hsgcc:ContractorDetails/hsgcc:ContractPhoneNumber</value>
      </child>
      <child t='200' id='105' V200='7' shown='5' structElemExists='true' V283='1' occurMinTimes='1' occurMaxTimes='1' minSize='-1' maxSize='-1' dataType='2' repHandlerStruct='' visible='true' inheritsFrom='' V281='13' modifiedFromParent_value='true' V1='4' name='JobType'>
        <mapNode t='190' idref='1'/>
        <value>in$/hscds:GetClaimsResponse/hsegcccdo:Claims/hsgcc:Claim/hsgcc:Jobs/hsgcc:Job/hsgcc:JobType</value>
      </child>
      <child t='200' id='106' V200='7' shown='5' structElemExists='true' V283='1' occurMaxTimes='1' minSize='-1' maxSize='-1' dataType='2' repHandlerStruct='' visible='true' inheritsFrom='' V281='13' V1='4' name='JobCost'>
        <mapNode t='190' idref='1'/>
      </child>
      <child t='200' id='107' V200='7' shown='5' structElemExists='true' V283='1' occurMinTimes='1' occurMaxTimes='1' minSize='-1' maxSize='-1' dataType='2' repHandlerStruct='' visible='true' inheritsFrom='' V281='13' modifiedFromParent_value='true' V1='4' name='CustomerRefund'>
        <mapNode t='190' idref='1'/>
        <value>in$/hscds:GetClaimsResponse/hsegcccdo:Claims/hsgcc:Claim/hsgcc:Jobs/hsgcc:Job/hsgcc:CustomerRefund</value>
      </child>
    </child>
    <child t='200' id='108' V200='7' shown='5' structElemExists='true' V283='1' occurMinTimes='1' occurMaxTimes='1' minSize='-1' maxSize='-1' dataType='2' repHandlerStruct='' visible='true' inheritsFrom='' V281='13' modifiedFromParent_value='true' V1='4' name='ClaimReference'>
      <mapNode t='190' idref='1'/>
      <value>AgConcat(in$/hscds:GetClaimsResponse/hsegcccdo:Claims/hsgcc:Claim/hsgcc:ClaimReference(SimpleLoop(in$/hscds:GetClaimsResponse/hsegcccdo:Claims/hsgcc:Claim,{Filter},{Sort Keys},{Contexts})))</value>
    </child>
    <child t='200' id='109' V200='7' shown='5' structElemExists='true' V283='1' occurMinTimes='1' occurMaxTimes='1' minSize='-1' maxSize='-1' dataType='31' repHandlerStruct='' visible='true' inheritsFrom='' V281='13' modifiedFromParent_value='true' V1='4' name='ReportedDate'>
      <mapNode t='190' idref='1'/>
      <value>AgConcat(in$/hscds:GetClaimsResponse/hsegcccdo:Claims/hsgcc:Claim/hsgcc:ClaimDate(SimpleLoop(in$/hscds:GetClaimsResponse/hsegcccdo:Claims/hsgcc:Claim,{Filter},{Sort Keys},{Contexts})))</value>
    </child>
  </outputMapElem>
  <inputNsList t='161' id='110' V161='1' namespaceUri='___osdtDummy___' V1='4'>
  </inputNsList>
  <inputNsList t='161' id='111' V161='1' namespaceUri='http://www.homeserve.com/Global/Customer/Claim/ClaimsService/v2' namespacePrefix='hscds' V1='4'>
  </inputNsList>
  <inputNsList t='161' id='112' V161='1' namespaceUri='http://www.homeserve.com/Global/Customer/Claim/ClaimsServiceOperations/v2' namespacePrefix='hsegcccdo' V1='4'>
  </inputNsList>
  <inputNsList t='161' id='113' V161='1' namespaceUri='http://www.homeserve.com/Global/Common/CommonService/v1' namespacePrefix='hsgco' V1='4'>
  </inputNsList>
  <inputNsList t='161' id='114' V161='1' namespaceUri='http://www.homeserve.com/Global/Customer/Claim/v2' namespacePrefix='hsgcc' V1='4'>
  </inputNsList>
  <inputNsList t='161' id='115' V161='1' namespaceUri='http://www.homeserve.com/Global/Customer/Asset/v2' namespacePrefix='hsgcas1' V1='4'>
  </inputNsList>
  <inputNsList t='161' id='116' V161='1' namespaceUri='http://www.homeserve.com/Global/Customer/Appointment/v1' namespacePrefix='hsgca' V1='4'>
  </inputNsList>
  <outputNsList t='161' id='117' V161='1' namespaceUri='___osdtDummy___' V1='4'>
  </outputNsList>
  <outputNsList t='161' id='118' V161='1' namespaceUri='urn:PegaRULES:SOAP:UpdateContractEvents:Services' namespacePrefix='tns' V1='4'>
  </outputNsList>
  <inputRepRuntime t='692' id='119' V692='1' V690='1'>
    <namespaceContainers t='220' ref='Namespace Containers/NewGas_ESB_ClaimsService_ClaimsService_ESB_0.1.xml'/>
  </inputRepRuntime>
  <outputRepRuntime t='692' id='120' V692='1' V690='1'>
    <namespaceContainers t='220' ref='Namespace Containers/UpdateClaims_CR234-UpdateClaims_CR234-eServe-UpdateClaims_0.1.xml'/>
  </outputRepRuntime>
  <valueSets></valueSets>
  <valueSets>Draft|Open|Closed</valueSets>
  <valueSets>true|false</valueSets>
  <valueSets>Cancelled|Closed|Deployed|Deployable|QuoteApproved|WorkStarted|WorkStopped|Awaiting Receipt|Awaiting Acceptance|Failed|Redeployable|Phone First|Awaiting Customer Contacted|Contact Made|Cannot Contact Customer|Refused|Customer Cancelled|Awaiting Invoice|Engineer On Site|Invoice Received|Awaiting Closure|Pending...|Engineer En-Route|Appointment Booked Successfully|Awaiting Manual Deployment|Allocated|En Route|On Site|Awaiting Further Work Validation|Awaiting Abortive Validation|Job Complete|Invoice Pending Send|Awaiting Reconcilliation|Invoice Sent To Finance|Further Work Revisit Required|Awaiting Completion|Awaiting BER Validation|Awaiting Obsolete Validation|Awaiting HCM Validation|Not Applicable</valueSets>
  <valueSets>Cancelled|Repudiated|Suspended</valueSets>
  <valueSets>First|Second|Final</valueSets>
  <valueSets>8-12|12-17|17-21|21-8|8-17</valueSets>
  <valueSetKeys>Structures/NewGas/ESB_ClaimsService/ClaimsService_ESB_0.1/Types/hsgca/AppointmentSlotEnum.xml</valueSetKeys>
  <valueSetKeys>6</valueSetKeys>
  <inputXmlRepRuntime t='692' idref='119'/>
  <outputXmlRepRuntime t='692' idref='120'/>
  <child t='165' id='121' V1='4' name='Document Bindings'>
    <child t='166' id='122' V166='5' docType='1' V1='4' name='in$/hscds:GetClaimsResponse'>
      <elemNode t='200' idref='2'/>
    </child>
    <child t='166' id='123' V166='5' docType='2' V1='4' name='out$/tns:UpdateClaimDetailsRequest'>
      <elemNode t='200' idref='68'/>
    </child>
  </child>
  <child t='201' id='124' V1='4' name='Inherits From'>
  </child>
</root>
