<?xml version="1.0" encoding="UTF-8"?>
<root t='150' id='1' V150='13' creationTimestamp='0x1592b38817a' V1='4' name='CoverageComponent' incarnation='8'>
  <rootElem t='167' id='2' V167='21' V283='1' occurMaxTimes='1' minSize='-1' maxSize='-1' groupType='1' repHandlerStruct='' inheritsFrom='' namespaceIndex='1' V281='13' V1='4' name='CoverageComponent'>
    <structNode t='150' idref='1'/>
    <child t='167' id='3' V167='21' V283='1' occurMinTimes='1' occurMaxTimes='1' minSize='-1' maxSize='-1' dataType='2' repHandlerStruct='' visible='true' inheritsFrom='' namespaceIndex='1' V281='13' V1='4' name='componentTag'>
      <structNode t='150' idref='1'/>
    </child>
    <child t='167' id='4' V167='21' V283='1' occurMinTimes='1' occurMaxTimes='1' minSize='-1' maxSize='-1' dataType='22' repHandlerStruct='' visible='true' inheritsFrom='' namespaceIndex='1' V281='13' V1='4' name='excessFee'>
      <structNode t='150' idref='1'/>
    </child>
    <child t='167' id='5' V167='21' V283='1' occurMaxTimes='1' minSize='-1' maxSize='-1' dataType='22' repHandlerStruct='' visible='true' inheritsFrom='' namespaceIndex='1' V281='13' V1='4' name='claimsMonetaryLimit'>
      <structNode t='150' idref='1'/>
    </child>
    <child t='167' id='6' V167='21' V283='1' occurMaxTimes='1' minSize='-1' maxSize='-1' dataType='12' repHandlerStruct='' visible='true' inheritsFrom='' namespaceIndex='1' V281='13' V1='4' name='maxClaimsPermitted'>
      <structNode t='150' idref='1'/>
    </child>
    <child t='167' id='7' V167='21' V283='1' occurMaxTimes='1' minSize='-1' maxSize='-1' dataType='12' repHandlerStruct='' visible='true' inheritsFrom='' namespaceIndex='1' V281='13' V1='4' name='waitPeriod'>
      <structNode t='150' idref='1'/>
    </child>
    <child t='167' id='8' V167='21' inheritsFromIncarnation='8' inheritsFromTimestamp='0x1592b38817f' inheritsInThisStruct='true' V283='1' occurMinTimes='1' occurMaxTimes='1' minSize='-1' maxSize='-1' inheritsFromCopyRule='20' dataType='2' repHandlerStruct='' visible='true' inheritsFrom='Structures/ClaimsAdapter/17Dec2015/NewClaimsAdapter_V2/Types/elm/Status.xml' namespaceIndex='1' V281='13' V1='4' name='status'>
      <structNode t='150' idref='1'/>
      <savedDerivedCopy t='167' id='9' V167='21' needInheritInit='true' inheritsInThisStruct='true' V283='1' occurMinTimes='1' occurMaxTimes='1' minSize='-1' maxSize='-1' inheritsFromCopyRule='20' dataType='2' repHandlerStruct='' visible='true' inheritsFrom='Structures/ClaimsAdapter/17Dec2015/NewClaimsAdapter_V2/Types/elm/Status.xml' namespaceIndex='1' V281='13' V1='4' name='status'>
      </savedDerivedCopy>
      <savedOrigCopyAtInheritsFrom t='167' id='10' V167='21' V283='1' occurMaxTimes='1' minSize='-1' maxSize='-1' dataType='2' repHandlerStruct='' inheritsFrom='' namespaceIndex='1' V281='13' V1='4' name='Status'>
      </savedOrigCopyAtInheritsFrom>
    </child>
    <child t='167' id='11' V167='21' V283='1' occurMinTimes='1' occurMaxTimes='1' minSize='-1' maxSize='-1' dataType='30' repHandlerStruct='' visible='true' inheritsFrom='' namespaceIndex='1' V281='13' V1='4' name='coverStartDate'>
      <structNode t='150' idref='1'/>
    </child>
    <child t='167' id='12' V167='21' V283='1' occurMinTimes='1' occurMaxTimes='1' minSize='-1' maxSize='-1' dataType='30' repHandlerStruct='' visible='true' inheritsFrom='' namespaceIndex='1' V281='13' V1='4' name='coverEndDate'>
      <structNode t='150' idref='1'/>
    </child>
  </rootElem>
  <defaultRep t='172' id='13' V172='6' autoFixNamespaceMismatch='true' V170='10' V692='1' unnamedElemsNamespace='1' V690='1' ignoreExcluded='true' fixInvalidCharacters='true' V1='4' name='XML'>
    <namespaceContainers t='220' ref='Namespace Containers/ClaimsAdapter_17Dec2015_NewClaimsAdapter_V2.xml'/>
  </defaultRep>
  <namespaceList t='161' id='14' V161='1' namespaceUri='___osdtDummy___' V1='4'>
  </namespaceList>
  <namespaceList t='161' id='15' V161='1' namespaceUri='http://www.homeserve.com/Global/Customer/Claim/ClaimsAdapter/v1' namespacePrefix='elm' V1='4'>
  </namespaceList>
  <child t='162' id='16' V1='4' name='Representations'>
    <child t='172' idref='13'/>
  </child>
  <child t='165' id='17' V1='4' name='Document Bindings'>
    <child t='166' id='18' V166='5' docType='1' V1='4' name='/elm:CoverageComponent'>
      <elemNode t='167' idref='2'/>
    </child>
  </child>
</root>
