<?xml version="1.0" encoding="UTF-8"?>
<root t='150' id='1' V150='13' creationTimestamp='0x157089c5d4f' V1='4' name='UpdateAddressContactDetailsAndPreferencesRequest' incarnation='18'>
  <rootElem t='167' id='2' V167='21' differentFromInheritedCount='5' inheritsFromIncarnation='-1' inheritsInThisStruct='true' V283='1' occurMinTimes='1' occurMaxTimes='1' minSize='-1' maxSize='-1' inheritsFromCopyRule='20' groupType='1' repHandlerStruct='' visible='true' inheritsFrom='Structures/WebIntegration_v2/PartyManagementService/v2/PartytManagementService_Esb_0.1/Types/hsegccprmso/UpdateAddressContactDetailsAndPreferencesRequestType.xml' namespaceIndex='1' V281='13' V1='4' name='UpdateAddressContactDetailsAndPreferencesRequest'>
    <structNode t='150' idref='1'/>
    <savedDerivedCopy t='167' id='3' V167='21' needInheritInit='true' inheritsInThisStruct='true' V283='1' occurMinTimes='1' occurMaxTimes='1' minSize='-1' maxSize='-1' inheritsFromCopyRule='20' groupType='1' repHandlerStruct='' visible='true' inheritsFrom='Structures/WebIntegration_v2/PartyManagementService/v2/PartytManagementService_Esb_0.1/Types/hsegccprmso/UpdateAddressContactDetailsAndPreferencesRequestType.xml' namespaceIndex='1' V281='13' V1='4' name='UpdateAddressContactDetailsAndPreferencesRequest'>
    </savedDerivedCopy>
    <savedOrigCopyAtInheritsFrom t='167' id='4' V167='21' V283='1' occurMaxTimes='1' minSize='-1' maxSize='-1' groupType='1' repHandlerStruct='' inheritsFrom='' namespaceIndex='1' V281='13' V1='4' name='UpdateAddressContactDetailsAndPreferencesRequestType'>
    </savedOrigCopyAtInheritsFrom>
    <child t='167' id='5' V167='21' inheritsFromIncarnation='8' inheritsFromTimestamp='0x157089c55cd' V283='1' occurMinTimes='1' occurMaxTimes='1' minSize='-1' maxSize='-1' inheritsFromCopyRule='20' groupType='1' repHandlerStruct='' visible='true' inheritsFrom='Structures/WebIntegration_v2/PartyManagementService/v2/PartytManagementService_Esb_0.1/Types/hsgcm/RequestDetailsType.xml' namespaceIndex='2' V281='13' V1='4' name='RequestDetails'>
      <structNode t='150' idref='1'/>
      <savedOrigCopy t='167' id='6' V167='21' inheritsFromIncarnation='8' inheritsFromTimestamp='0x157089c55cd' inheritsInThisStruct='true' V283='1' occurMinTimes='1' occurMaxTimes='1' minSize='-1' maxSize='-1' inheritsFromCopyRule='20' groupType='1' repHandlerStruct='' visible='true' inheritsFrom='Structures/WebIntegration_v2/PartyManagementService/v2/PartytManagementService_Esb_0.1/Types/hsgcm/RequestDetailsType.xml' namespaceIndex='1' V281='13' V1='4' name='RequestDetails'>
      </savedOrigCopy>
      <savedOrigCopyAtInheritsFrom t='167' id='7' V167='21' V283='1' occurMaxTimes='1' minSize='-1' maxSize='-1' groupType='1' repHandlerStruct='' inheritsFrom='' namespaceIndex='1' V281='13' V1='4' name='RequestDetailsType'>
      </savedOrigCopyAtInheritsFrom>
    </child>
    <child t='167' id='8' V167='21' inheritsFromIncarnation='8' inheritsFromTimestamp='0x157089c5c84' V283='1' occurMinTimes='1' occurMaxTimes='1' minSize='-1' maxSize='-1' inheritsFromCopyRule='20' groupType='1' repHandlerStruct='' visible='true' inheritsFrom='Structures/WebIntegration_v2/PartyManagementService/v2/PartytManagementService_Esb_0.1/Types/hsgc/PartyDetailsType.xml' namespaceIndex='2' V281='13' V1='4' name='PartyDetails'>
      <structNode t='150' idref='1'/>
      <savedOrigCopy t='167' id='9' V167='21' inheritsFromIncarnation='8' inheritsFromTimestamp='0x157089c5c84' inheritsInThisStruct='true' V283='1' occurMinTimes='1' occurMaxTimes='1' minSize='-1' maxSize='-1' inheritsFromCopyRule='20' groupType='1' repHandlerStruct='' visible='true' inheritsFrom='Structures/WebIntegration_v2/PartyManagementService/v2/PartytManagementService_Esb_0.1/Types/hsgc/PartyDetailsType.xml' namespaceIndex='1' V281='13' V1='4' name='PartyDetails'>
      </savedOrigCopy>
      <savedOrigCopyAtInheritsFrom t='167' id='10' V167='21' V283='1' occurMaxTimes='1' minSize='-1' maxSize='-1' groupType='1' repHandlerStruct='' inheritsFrom='' namespaceIndex='1' V281='13' V1='4' name='PartyDetailsType'>
      </savedOrigCopyAtInheritsFrom>
    </child>
    <child t='167' id='11' V167='21' differentFromInheritedCount='3' inheritsFromIncarnation='-1' V283='1' occurMaxTimes='1' minSize='-1' maxSize='-1' inheritsFromCopyRule='20' groupType='1' repHandlerStruct='' visible='true' inheritsFrom='Structures/WebIntegration_v2/PartyManagementService/v2/PartytManagementService_Esb_0.1/Types/hsgcd/ContactDetailsType.xml' namespaceIndex='2' V281='13' V1='4' name='ContactDetails'>
      <structNode t='150' idref='1'/>
      <savedOrigCopy t='167' id='12' V167='21' inheritsFromIncarnation='10' inheritsFromTimestamp='0x157089c5be8' inheritsInThisStruct='true' V283='1' occurMaxTimes='1' minSize='-1' maxSize='-1' inheritsFromCopyRule='20' groupType='1' repHandlerStruct='' visible='true' inheritsFrom='Structures/WebIntegration_v2/PartyManagementService/v2/PartytManagementService_Esb_0.1/Types/hsgcd/ContactDetailsType.xml' namespaceIndex='1' V281='13' V1='4' name='ContactDetails'>
      </savedOrigCopy>
      <savedOrigCopyAtInheritsFrom t='167' id='13' V167='21' V283='1' occurMaxTimes='1' minSize='-1' maxSize='-1' groupType='1' repHandlerStruct='' inheritsFrom='' namespaceIndex='1' V281='13' V1='4' name='ContactDetailsType'>
      </savedOrigCopyAtInheritsFrom>
      <child t='167' id='14' V167='21' differentFromInheritedCount='1' inheritsFromIncarnation='15' inheritsFromTimestamp='0x157089c5cf1' V283='1' occurMaxTimes='-1' minSize='-1' maxSize='-1' inheritsFromCopyRule='20' groupType='1' repHandlerStruct='' visible='true' inheritsFrom='Structures/WebIntegration_v2/PartyManagementService/v2/PartytManagementService_Esb_0.1/Types/hsgcd/ContactDetailsEmailType.xml' namespaceIndex='3' V281='13' V1='4' name='Email'>
        <structNode t='150' idref='1'/>
        <savedOrigCopy t='167' id='15' V167='21' inheritsFromIncarnation='8' inheritsFromTimestamp='0x157089c5bc9' V283='1' occurMaxTimes='-1' minSize='-1' maxSize='-1' inheritsFromCopyRule='20' groupType='1' repHandlerStruct='' visible='true' inheritsFrom='Structures/WebIntegration_v2/PartyManagementService/v2/PartytManagementService_Esb_0.1/Types/hsgcd/ContactDetailsEmailType.xml' namespaceIndex='4' V281='13' V1='4' name='Email'>
        </savedOrigCopy>
        <savedOrigCopyAtInheritsFrom t='167' id='16' V167='21' V283='1' occurMaxTimes='1' minSize='-1' maxSize='-1' groupType='1' repHandlerStruct='' inheritsFrom='' namespaceIndex='1' V281='13' V1='4' name='ContactDetailsEmailType'>
        </savedOrigCopyAtInheritsFrom>
        <child t='167' id='17' V167='21' V283='1' occurMinTimes='1' occurMaxTimes='1' minSize='-1' maxSize='-1' dataType='2' repHandlerStruct='' visible='true' inheritsFrom='' namespaceIndex='3' V281='13' V1='4' name='EmailAddress'>
          <structNode t='150' idref='1'/>
          <savedOrigCopy t='167' id='18' V167='21' V283='1' occurMinTimes='1' occurMaxTimes='1' minSize='-1' maxSize='-1' dataType='2' repHandlerStruct='' visible='true' inheritsFrom='' namespaceIndex='4' V281='13' V1='4' name='EmailAddress'>
          </savedOrigCopy>
        </child>
        <child t='167' id='19' V167='21' inheritsFromIncarnation='8' inheritsFromTimestamp='0x157089c5c65' V283='1' occurMinTimes='1' occurMaxTimes='1' minSize='-1' maxSize='-1' inheritsFromCopyRule='20' dataType='2' repHandlerStruct='' visible='true' inheritsFrom='Structures/WebIntegration_v2/PartyManagementService/v2/PartytManagementService_Esb_0.1/Types/hsgcd/EmailTypeEnum.xml' namespaceIndex='3' V281='13' V1='4' name='Type'>
          <structNode t='150' idref='1'/>
          <savedOrigCopy t='167' id='20' V167='21' inheritsFromIncarnation='8' inheritsFromTimestamp='0x157089c5c65' V283='1' occurMinTimes='1' occurMaxTimes='1' minSize='-1' maxSize='-1' inheritsFromCopyRule='20' dataType='2' repHandlerStruct='' visible='true' inheritsFrom='Structures/WebIntegration_v2/PartyManagementService/v2/PartytManagementService_Esb_0.1/Types/hsgcd/EmailTypeEnum.xml' namespaceIndex='4' V281='13' V1='4' name='Type'>
          </savedOrigCopy>
          <savedOrigCopyAtInheritsFrom t='167' id='21' V167='21' V283='1' occurMaxTimes='1' minSize='-1' maxSize='-1' dataType='2' repHandlerStruct='' inheritsFrom='' namespaceIndex='1' V281='13' V1='4' name='EmailTypeEnum'>
          </savedOrigCopyAtInheritsFrom>
        </child>
        <child t='167' id='22' V167='21' V283='1' occurMaxTimes='1' minSize='-1' maxSize='-1' dataType='2' repHandlerStruct='' visible='true' inheritsFrom='' namespaceIndex='3' V281='13' V1='4' name='EmailID'>
          <structNode t='150' idref='1'/>
          <savedOrigCopy t='167' id='23' V167='21' V283='1' occurMaxTimes='1' minSize='-1' maxSize='-1' dataType='2' repHandlerStruct='' visible='true' inheritsFrom='' namespaceIndex='4' V281='13' V1='4' name='EmailID'>
          </savedOrigCopy>
        </child>
        <child t='167' id='24' V167='21' differentFromInherited='true' V283='1' occurMinTimes='1' occurMaxTimes='1' minSize='-1' maxSize='-1' dataType='1' repHandlerStruct='' visible='true' inheritsFrom='' namespaceIndex='3' V281='13' V1='4' name='Default'>
          <structNode t='150' idref='1'/>
          <savedOrigCopy t='167' id='25' V167='21' V283='1' occurMaxTimes='1' minSize='-1' maxSize='-1' dataType='1' repHandlerStruct='' visible='true' inheritsFrom='' namespaceIndex='4' V281='13' V1='4' name='Default'>
          </savedOrigCopy>
          <child t='167' id='26' V167='21' V283='1' occurMaxTimes='1' minSize='-1' maxSize='-1' dataType='2' elemType='5' repHandlerStruct='' visible='true' inheritsFrom='' V281='13' V1='4' name='true'>
            <structNode t='150' idref='1'/>
            <savedOrigCopy t='167' id='27' V167='21' V283='1' occurMaxTimes='1' minSize='-1' maxSize='-1' dataType='2' elemType='5' repHandlerStruct='' visible='true' inheritsFrom='' V281='13' V1='4' name='true'>
            </savedOrigCopy>
          </child>
          <child t='167' id='28' V167='21' V283='1' occurMaxTimes='1' minSize='-1' maxSize='-1' dataType='2' elemType='5' repHandlerStruct='' visible='true' inheritsFrom='' V281='13' V1='4' name='false'>
            <structNode t='150' idref='1'/>
            <savedOrigCopy t='167' id='29' V167='21' V283='1' occurMaxTimes='1' minSize='-1' maxSize='-1' dataType='2' elemType='5' repHandlerStruct='' visible='true' inheritsFrom='' V281='13' V1='4' name='false'>
            </savedOrigCopy>
          </child>
        </child>
      </child>
      <child t='167' id='30' V167='21' differentFromInheritedCount='2' inheritsFromIncarnation='15' inheritsFromTimestamp='0x157089c5cf1' V283='1' occurMaxTimes='-1' minSize='-1' maxSize='-1' inheritsFromCopyRule='20' groupType='1' repHandlerStruct='' visible='true' inheritsFrom='Structures/WebIntegration_v2/PartyManagementService/v2/PartytManagementService_Esb_0.1/Types/hsgcd/ContactDetailsPhoneType.xml' namespaceIndex='3' V281='13' V1='4' name='Phone'>
        <structNode t='150' idref='1'/>
        <savedOrigCopy t='167' id='31' V167='21' inheritsFromIncarnation='8' inheritsFromTimestamp='0x157089c5be8' V283='1' occurMaxTimes='-1' minSize='-1' maxSize='-1' inheritsFromCopyRule='20' groupType='1' repHandlerStruct='' visible='true' inheritsFrom='Structures/WebIntegration_v2/PartyManagementService/v2/PartytManagementService_Esb_0.1/Types/hsgcd/ContactDetailsPhoneType.xml' namespaceIndex='4' V281='13' V1='4' name='Phone'>
        </savedOrigCopy>
        <savedOrigCopyAtInheritsFrom t='167' id='32' V167='21' V283='1' occurMaxTimes='1' minSize='-1' maxSize='-1' groupType='1' repHandlerStruct='' inheritsFrom='' namespaceIndex='1' V281='13' V1='4' name='ContactDetailsPhoneType'>
        </savedOrigCopyAtInheritsFrom>
        <child t='167' id='33' V167='21' V283='1' occurMaxTimes='1' minSize='-1' maxSize='-1' dataType='2' repHandlerStruct='' visible='true' inheritsFrom='' namespaceIndex='3' V281='13' V1='4' name='PhoneID'>
          <structNode t='150' idref='1'/>
          <savedOrigCopy t='167' id='34' V167='21' V283='1' occurMaxTimes='1' minSize='-1' maxSize='-1' dataType='2' repHandlerStruct='' visible='true' inheritsFrom='' namespaceIndex='4' V281='13' V1='4' name='PhoneID'>
          </savedOrigCopy>
        </child>
        <child t='167' id='35' V167='21' differentFromInherited='true' V283='1' occurMinTimes='1' occurMaxTimes='1' minSize='-1' maxSize='-1' dataType='2' repHandlerStruct='' visible='true' inheritsFrom='' namespaceIndex='3' V281='13' V1='4' name='CountryCode'>
          <structNode t='150' idref='1'/>
          <savedOrigCopy t='167' id='36' V167='21' V283='1' occurMaxTimes='1' minSize='-1' maxSize='-1' dataType='2' repHandlerStruct='' visible='true' inheritsFrom='' namespaceIndex='4' V281='13' V1='4' name='CountryCode'>
          </savedOrigCopy>
        </child>
        <child t='167' id='37' V167='21' V283='1' occurMinTimes='1' occurMaxTimes='1' minSize='-1' maxSize='-1' dataType='2' repHandlerStruct='' visible='true' inheritsFrom='' namespaceIndex='3' V281='13' V1='4' name='Number'>
          <structNode t='150' idref='1'/>
          <savedOrigCopy t='167' id='38' V167='21' V283='1' occurMinTimes='1' occurMaxTimes='1' minSize='-1' maxSize='-1' dataType='2' repHandlerStruct='' visible='true' inheritsFrom='' namespaceIndex='4' V281='13' V1='4' name='Number'>
          </savedOrigCopy>
        </child>
        <child t='167' id='39' V167='21' V283='1' occurMaxTimes='1' minSize='-1' maxSize='-1' dataType='2' repHandlerStruct='' visible='true' inheritsFrom='' namespaceIndex='3' V281='13' V1='4' name='Extension'>
          <structNode t='150' idref='1'/>
          <savedOrigCopy t='167' id='40' V167='21' V283='1' occurMaxTimes='1' minSize='-1' maxSize='-1' dataType='2' repHandlerStruct='' visible='true' inheritsFrom='' namespaceIndex='4' V281='13' V1='4' name='Extension'>
          </savedOrigCopy>
        </child>
        <child t='167' id='41' V167='21' inheritsFromIncarnation='8' inheritsFromTimestamp='0x157089c5c84' V283='1' occurMinTimes='1' occurMaxTimes='1' minSize='-1' maxSize='-1' inheritsFromCopyRule='20' dataType='2' repHandlerStruct='' visible='true' inheritsFrom='Structures/WebIntegration_v2/PartyManagementService/v2/PartytManagementService_Esb_0.1/Types/hsgcd/PhoneTypeEnum.xml' namespaceIndex='3' V281='13' V1='4' name='Type'>
          <structNode t='150' idref='1'/>
          <savedOrigCopy t='167' id='42' V167='21' inheritsFromIncarnation='8' inheritsFromTimestamp='0x157089c5c84' V283='1' occurMinTimes='1' occurMaxTimes='1' minSize='-1' maxSize='-1' inheritsFromCopyRule='20' dataType='2' repHandlerStruct='' visible='true' inheritsFrom='Structures/WebIntegration_v2/PartyManagementService/v2/PartytManagementService_Esb_0.1/Types/hsgcd/PhoneTypeEnum.xml' namespaceIndex='4' V281='13' V1='4' name='Type'>
          </savedOrigCopy>
          <savedOrigCopyAtInheritsFrom t='167' id='43' V167='21' V283='1' occurMaxTimes='1' minSize='-1' maxSize='-1' dataType='2' repHandlerStruct='' inheritsFrom='' namespaceIndex='1' V281='13' V1='4' name='PhoneTypeEnum'>
          </savedOrigCopyAtInheritsFrom>
        </child>
        <child t='167' id='44' V167='21' differentFromInherited='true' V283='1' occurMinTimes='1' occurMaxTimes='1' minSize='-1' maxSize='-1' dataType='1' repHandlerStruct='' visible='true' inheritsFrom='' namespaceIndex='3' V281='13' V1='4' name='Default'>
          <structNode t='150' idref='1'/>
          <savedOrigCopy t='167' id='45' V167='21' V283='1' occurMaxTimes='1' minSize='-1' maxSize='-1' dataType='1' repHandlerStruct='' visible='true' inheritsFrom='' namespaceIndex='4' V281='13' V1='4' name='Default'>
          </savedOrigCopy>
          <child t='167' id='46' V167='21' V283='1' occurMaxTimes='1' minSize='-1' maxSize='-1' dataType='2' elemType='5' repHandlerStruct='' visible='true' inheritsFrom='' V281='13' V1='4' name='true'>
            <structNode t='150' idref='1'/>
            <savedOrigCopy t='167' id='47' V167='21' V283='1' occurMaxTimes='1' minSize='-1' maxSize='-1' dataType='2' elemType='5' repHandlerStruct='' visible='true' inheritsFrom='' V281='13' V1='4' name='true'>
            </savedOrigCopy>
          </child>
          <child t='167' id='48' V167='21' V283='1' occurMaxTimes='1' minSize='-1' maxSize='-1' dataType='2' elemType='5' repHandlerStruct='' visible='true' inheritsFrom='' V281='13' V1='4' name='false'>
            <structNode t='150' idref='1'/>
            <savedOrigCopy t='167' id='49' V167='21' V283='1' occurMaxTimes='1' minSize='-1' maxSize='-1' dataType='2' elemType='5' repHandlerStruct='' visible='true' inheritsFrom='' V281='13' V1='4' name='false'>
            </savedOrigCopy>
          </child>
        </child>
      </child>
    </child>
    <child t='167' id='50' V167='21' differentFromInheritedCount='2' inheritsFromIncarnation='-1' V283='1' occurMaxTimes='1' minSize='-1' maxSize='-1' inheritsFromCopyRule='20' groupType='1' repHandlerStruct='' visible='true' inheritsFrom='Structures/WebIntegration_v2/PartyManagementService/v2/PartytManagementService_Esb_0.1/Types/hsgc/PreferencesDetailType.xml' namespaceIndex='2' V281='13' V1='4' name='PreferencesDetail'>
      <structNode t='150' idref='1'/>
      <savedOrigCopy t='167' id='51' V167='21' inheritsFromIncarnation='9' inheritsFromTimestamp='0x157089c5c94' inheritsInThisStruct='true' V283='1' occurMaxTimes='1' minSize='-1' maxSize='-1' inheritsFromCopyRule='20' groupType='1' repHandlerStruct='' visible='true' inheritsFrom='Structures/WebIntegration_v2/PartyManagementService/v2/PartytManagementService_Esb_0.1/Types/hsgc/PreferencesDetailType.xml' namespaceIndex='1' V281='13' V1='4' name='PreferencesDetail'>
      </savedOrigCopy>
      <savedOrigCopyAtInheritsFrom t='167' id='52' V167='21' V283='1' occurMaxTimes='1' minSize='-1' maxSize='-1' groupType='1' repHandlerStruct='' inheritsFrom='' namespaceIndex='1' V281='13' V1='4' name='PreferencesDetailType'>
      </savedOrigCopyAtInheritsFrom>
      <child t='167' id='53' V167='21' V283='1' occurMaxTimes='1' minSize='-1' maxSize='-1' dataType='2' repHandlerStruct='' visible='true' inheritsFrom='' namespaceIndex='4' V281='13' V1='4' name='PreferencesID'>
        <structNode t='150' idref='1'/>
        <savedOrigCopy t='167' id='54' V167='21' V283='1' occurMaxTimes='1' minSize='-1' maxSize='-1' dataType='2' repHandlerStruct='' visible='true' inheritsFrom='' namespaceIndex='3' V281='13' V1='4' name='PreferencesID'>
        </savedOrigCopy>
      </child>
      <child t='167' id='55' V167='21' V283='1' occurMaxTimes='1' minSize='-1' maxSize='-1' dataType='2' repHandlerStruct='' visible='true' inheritsFrom='' namespaceIndex='4' V281='13' V1='4' name='PartnerID'>
        <structNode t='150' idref='1'/>
        <savedOrigCopy t='167' id='56' V167='21' V283='1' occurMaxTimes='1' minSize='-1' maxSize='-1' dataType='2' repHandlerStruct='' visible='true' inheritsFrom='' namespaceIndex='3' V281='13' V1='4' name='PartnerID'>
        </savedOrigCopy>
      </child>
      <child t='167' id='57' V167='21' V283='1' occurMaxTimes='1' minSize='-1' maxSize='-1' dataType='2' repHandlerStruct='' visible='true' inheritsFrom='' namespaceIndex='4' V281='13' V1='4' name='CustomerAccountNumber'>
        <structNode t='150' idref='1'/>
        <savedOrigCopy t='167' id='58' V167='21' V283='1' occurMaxTimes='1' minSize='-1' maxSize='-1' dataType='2' repHandlerStruct='' visible='true' inheritsFrom='' namespaceIndex='3' V281='13' V1='4' name='CustomerAccountNumber'>
        </savedOrigCopy>
      </child>
      <child t='167' id='59' V167='21' V283='1' occurMaxTimes='1' minSize='-1' maxSize='-1' dataType='2' repHandlerStruct='' visible='true' inheritsFrom='' namespaceIndex='4' V281='13' V1='4' name='ContractID'>
        <structNode t='150' idref='1'/>
        <savedOrigCopy t='167' id='60' V167='21' V283='1' occurMaxTimes='1' minSize='-1' maxSize='-1' dataType='2' repHandlerStruct='' visible='true' inheritsFrom='' namespaceIndex='3' V281='13' V1='4' name='ContractID'>
        </savedOrigCopy>
      </child>
      <child t='167' id='61' V167='21' differentFromInheritedCount='2' inheritsFromIncarnation='-1' V283='1' occurMinTimes='1' occurMaxTimes='1' minSize='-1' maxSize='-1' inheritsFromCopyRule='20' groupType='1' repHandlerStruct='' visible='true' inheritsFrom='Structures/WebIntegration_v2/PartyManagementService/v2/PartytManagementService_Esb_0.1/Types/hsgcm/AttributeCollectionType.xml' namespaceIndex='4' V281='13' V1='4' name='Preferences'>
        <structNode t='150' idref='1'/>
        <savedOrigCopy t='167' id='62' V167='21' inheritsFromIncarnation='9' inheritsFromTimestamp='0x157089c559e' V283='1' occurMinTimes='1' occurMaxTimes='1' minSize='-1' maxSize='-1' inheritsFromCopyRule='20' groupType='1' repHandlerStruct='' visible='true' inheritsFrom='Structures/WebIntegration_v2/PartyManagementService/v2/PartytManagementService_Esb_0.1/Types/hsgcm/AttributeCollectionType.xml' namespaceIndex='3' V281='13' V1='4' name='Preferences'>
        </savedOrigCopy>
        <savedOrigCopyAtInheritsFrom t='167' id='63' V167='21' V283='1' occurMaxTimes='1' minSize='-1' maxSize='-1' groupType='1' repHandlerStruct='' inheritsFrom='' namespaceIndex='1' V281='13' V1='4' name='AttributeCollectionType'>
        </savedOrigCopyAtInheritsFrom>
        <child t='167' id='64' V167='21' differentFromInheritedCount='2' inheritsFromIncarnation='15' inheritsFromTimestamp='0x157089c5cf1' V283='1' occurMaxTimes='-1' minSize='-1' maxSize='-1' inheritsFromCopyRule='20' groupType='1' repHandlerStruct='' visible='true' inheritsFrom='Structures/WebIntegration_v2/PartyManagementService/v2/PartytManagementService_Esb_0.1/Types/hsgcm/AttributeType.xml' namespaceIndex='5' V281='13' V1='4' name='Attribute'>
          <structNode t='150' idref='1'/>
          <savedOrigCopy t='167' id='65' V167='21' inheritsFromIncarnation='9' inheritsFromTimestamp='0x157089c55cd' V283='1' occurMaxTimes='-1' minSize='-1' maxSize='-1' inheritsFromCopyRule='20' groupType='1' repHandlerStruct='' visible='true' inheritsFrom='Structures/WebIntegration_v2/PartyManagementService/v2/PartytManagementService_Esb_0.1/Types/hsgcm/AttributeType.xml' namespaceIndex='2' V281='13' V1='4' name='Attribute'>
          </savedOrigCopy>
          <savedOrigCopyAtInheritsFrom t='167' id='66' V167='21' V283='1' occurMaxTimes='1' minSize='-1' maxSize='-1' groupType='1' repHandlerStruct='' inheritsFrom='' namespaceIndex='1' V281='13' V1='4' name='AttributeType'>
          </savedOrigCopyAtInheritsFrom>
          <child t='167' id='67' V167='21' V283='1' occurMinTimes='1' occurMaxTimes='1' minSize='-1' maxSize='-1' dataType='2' repHandlerStruct='' visible='true' inheritsFrom='' namespaceIndex='5' V281='13' V1='4' name='AttributeID'>
            <structNode t='150' idref='1'/>
            <savedOrigCopy t='167' id='68' V167='21' V283='1' occurMinTimes='1' occurMaxTimes='1' minSize='-1' maxSize='-1' dataType='2' repHandlerStruct='' visible='true' inheritsFrom='' namespaceIndex='2' V281='13' V1='4' name='AttributeID'>
            </savedOrigCopy>
          </child>
          <child t='167' id='69' V167='21' V283='1' occurMaxTimes='1' minSize='-1' maxSize='-1' dataType='2' repHandlerStruct='' visible='true' inheritsFrom='' namespaceIndex='5' V281='13' V1='4' name='ParentAttributeID'>
            <structNode t='150' idref='1'/>
            <savedOrigCopy t='167' id='70' V167='21' V283='1' occurMaxTimes='1' minSize='-1' maxSize='-1' dataType='2' repHandlerStruct='' visible='true' inheritsFrom='' namespaceIndex='2' V281='13' V1='4' name='ParentAttributeID'>
            </savedOrigCopy>
          </child>
          <child t='167' id='71' V167='21' V283='1' occurMinTimes='1' occurMaxTimes='1' minSize='-1' maxSize='-1' dataType='2' repHandlerStruct='' visible='true' inheritsFrom='' namespaceIndex='5' V281='13' V1='4' name='Category'>
            <structNode t='150' idref='1'/>
            <savedOrigCopy t='167' id='72' V167='21' V283='1' occurMinTimes='1' occurMaxTimes='1' minSize='-1' maxSize='-1' dataType='2' repHandlerStruct='' visible='true' inheritsFrom='' namespaceIndex='2' V281='13' V1='4' name='Category'>
            </savedOrigCopy>
          </child>
          <child t='167' id='73' V167='21' inheritsFromIncarnation='8' inheritsFromTimestamp='0x157089c55cd' V283='1' occurMinTimes='1' occurMaxTimes='1' minSize='-1' maxSize='-1' inheritsFromCopyRule='20' groupType='1' repHandlerStruct='' visible='true' inheritsFrom='Structures/WebIntegration_v2/PartyManagementService/v2/PartytManagementService_Esb_0.1/Types/hsgcm/NameValuePairType.xml' namespaceIndex='5' V281='13' V1='4' name='NameValue'>
            <structNode t='150' idref='1'/>
            <savedOrigCopy t='167' id='74' V167='21' inheritsFromIncarnation='8' inheritsFromTimestamp='0x157089c55cd' V283='1' occurMinTimes='1' occurMaxTimes='1' minSize='-1' maxSize='-1' inheritsFromCopyRule='20' groupType='1' repHandlerStruct='' visible='true' inheritsFrom='Structures/WebIntegration_v2/PartyManagementService/v2/PartytManagementService_Esb_0.1/Types/hsgcm/NameValuePairType.xml' namespaceIndex='2' V281='13' V1='4' name='NameValue'>
            </savedOrigCopy>
            <savedOrigCopyAtInheritsFrom t='167' id='75' V167='21' V283='1' occurMaxTimes='1' minSize='-1' maxSize='-1' groupType='1' repHandlerStruct='' inheritsFrom='' namespaceIndex='1' V281='13' V1='4' name='NameValuePairType'>
            </savedOrigCopyAtInheritsFrom>
          </child>
          <child t='167' id='76' V167='21' V283='1' occurMaxTimes='1' minSize='-1' maxSize='-1' dataType='2' repHandlerStruct='' visible='true' inheritsFrom='' namespaceIndex='5' V281='13' V1='4' name='Description'>
            <structNode t='150' idref='1'/>
            <savedOrigCopy t='167' id='77' V167='21' V283='1' occurMaxTimes='1' minSize='-1' maxSize='-1' dataType='2' repHandlerStruct='' visible='true' inheritsFrom='' namespaceIndex='2' V281='13' V1='4' name='Description'>
            </savedOrigCopy>
          </child>
          <child t='167' id='78' V167='21' differentFromInherited='true' V283='1' occurMaxTimes='1' minSize='-1' maxSize='-1' dataType='1' repHandlerStruct='' visible='true' inheritsFrom='' namespaceIndex='5' V281='13' V1='4' name='Mandatory'>
            <structNode t='150' idref='1'/>
            <savedOrigCopy t='167' id='79' V167='21' V283='1' occurMinTimes='1' occurMaxTimes='1' minSize='-1' maxSize='-1' dataType='1' repHandlerStruct='' visible='true' inheritsFrom='' namespaceIndex='2' V281='13' V1='4' name='Mandatory'>
            </savedOrigCopy>
            <child t='167' id='80' V167='21' V283='1' occurMaxTimes='1' minSize='-1' maxSize='-1' dataType='2' elemType='5' repHandlerStruct='' visible='true' inheritsFrom='' V281='13' V1='4' name='true'>
              <structNode t='150' idref='1'/>
              <savedOrigCopy t='167' id='81' V167='21' V283='1' occurMaxTimes='1' minSize='-1' maxSize='-1' dataType='2' elemType='5' repHandlerStruct='' visible='true' inheritsFrom='' V281='13' V1='4' name='true'>
              </savedOrigCopy>
            </child>
            <child t='167' id='82' V167='21' V283='1' occurMaxTimes='1' minSize='-1' maxSize='-1' dataType='2' elemType='5' repHandlerStruct='' visible='true' inheritsFrom='' V281='13' V1='4' name='false'>
              <structNode t='150' idref='1'/>
              <savedOrigCopy t='167' id='83' V167='21' V283='1' occurMaxTimes='1' minSize='-1' maxSize='-1' dataType='2' elemType='5' repHandlerStruct='' visible='true' inheritsFrom='' V281='13' V1='4' name='false'>
              </savedOrigCopy>
            </child>
          </child>
          <child t='167' id='84' V167='21' differentFromInherited='true' V283='1' occurMaxTimes='1' minSize='-1' maxSize='-1' dataType='1' repHandlerStruct='' visible='true' inheritsFrom='' namespaceIndex='5' V281='13' V1='4' name='Default'>
            <structNode t='150' idref='1'/>
            <savedOrigCopy t='167' id='85' V167='21' V283='1' occurMinTimes='1' occurMaxTimes='1' minSize='-1' maxSize='-1' dataType='1' repHandlerStruct='' visible='true' inheritsFrom='' namespaceIndex='2' V281='13' V1='4' name='Default'>
            </savedOrigCopy>
            <child t='167' id='86' V167='21' V283='1' occurMaxTimes='1' minSize='-1' maxSize='-1' dataType='2' elemType='5' repHandlerStruct='' visible='true' inheritsFrom='' V281='13' V1='4' name='true'>
              <structNode t='150' idref='1'/>
              <savedOrigCopy t='167' id='87' V167='21' V283='1' occurMaxTimes='1' minSize='-1' maxSize='-1' dataType='2' elemType='5' repHandlerStruct='' visible='true' inheritsFrom='' V281='13' V1='4' name='true'>
              </savedOrigCopy>
            </child>
            <child t='167' id='88' V167='21' V283='1' occurMaxTimes='1' minSize='-1' maxSize='-1' dataType='2' elemType='5' repHandlerStruct='' visible='true' inheritsFrom='' V281='13' V1='4' name='false'>
              <structNode t='150' idref='1'/>
              <savedOrigCopy t='167' id='89' V167='21' V283='1' occurMaxTimes='1' minSize='-1' maxSize='-1' dataType='2' elemType='5' repHandlerStruct='' visible='true' inheritsFrom='' V281='13' V1='4' name='false'>
              </savedOrigCopy>
            </child>
          </child>
        </child>
      </child>
    </child>
    <child t='167' id='90' V167='21' V283='1' occurMaxTimes='1' minSize='-1' maxSize='-1' dataType='2' repHandlerStruct='' visible='true' inheritsFrom='' namespaceIndex='2' V281='13' V1='4' name='ContractID'>
      <structNode t='150' idref='1'/>
      <savedOrigCopy t='167' id='91' V167='21' V283='1' occurMaxTimes='1' minSize='-1' maxSize='-1' dataType='2' repHandlerStruct='' visible='true' inheritsFrom='' namespaceIndex='1' V281='13' V1='4' name='ContractID'>
      </savedOrigCopy>
    </child>
    <child t='167' id='92' V167='21' inheritsFromIncarnation='8' inheritsFromTimestamp='0x157089c55cd' V283='1' occurMaxTimes='1' minSize='-1' maxSize='-1' inheritsFromCopyRule='20' dataType='2' repHandlerStruct='' visible='true' inheritsFrom='Structures/WebIntegration_v2/PartyManagementService/v2/PartytManagementService_Esb_0.1/Types/hsega/UpdateAddressTypeEnum.xml' namespaceIndex='2' V281='13' V1='4' name='UpdateAddressType'>
      <structNode t='150' idref='1'/>
      <savedOrigCopy t='167' id='93' V167='21' inheritsFromIncarnation='8' inheritsFromTimestamp='0x157089c55cd' inheritsInThisStruct='true' V283='1' occurMaxTimes='1' minSize='-1' maxSize='-1' inheritsFromCopyRule='20' dataType='2' repHandlerStruct='' visible='true' inheritsFrom='Structures/WebIntegration_v2/PartyManagementService/v2/PartytManagementService_Esb_0.1/Types/hsega/UpdateAddressTypeEnum.xml' namespaceIndex='1' V281='13' V1='4' name='UpdateAddressType'>
      </savedOrigCopy>
      <savedOrigCopyAtInheritsFrom t='167' id='94' V167='21' V283='1' occurMaxTimes='1' minSize='-1' maxSize='-1' dataType='2' repHandlerStruct='' inheritsFrom='' namespaceIndex='1' V281='13' V1='4' name='UpdateAddressTypeEnum'>
      </savedOrigCopyAtInheritsFrom>
    </child>
    <child t='167' id='95' V167='21' inheritsFromIncarnation='9' inheritsFromTimestamp='0x157089c5570' V283='1' occurMaxTimes='-1' minSize='-1' maxSize='-1' inheritsFromCopyRule='20' groupType='1' repHandlerStruct='' visible='true' inheritsFrom='Structures/WebIntegration_v2/PartyManagementService/v2/PartytManagementService_Esb_0.1/Types/hsega/AddressesType.xml' namespaceIndex='2' V281='13' V1='4' name='Addresses'>
      <structNode t='150' idref='1'/>
      <savedOrigCopy t='167' id='96' V167='21' inheritsFromIncarnation='9' inheritsFromTimestamp='0x157089c5570' inheritsInThisStruct='true' V283='1' occurMaxTimes='-1' minSize='-1' maxSize='-1' inheritsFromCopyRule='20' groupType='1' repHandlerStruct='' visible='true' inheritsFrom='Structures/WebIntegration_v2/PartyManagementService/v2/PartytManagementService_Esb_0.1/Types/hsega/AddressesType.xml' namespaceIndex='1' V281='13' V1='4' name='Addresses'>
      </savedOrigCopy>
      <savedOrigCopyAtInheritsFrom t='167' id='97' V167='21' V283='1' occurMaxTimes='1' minSize='-1' maxSize='-1' groupType='1' repHandlerStruct='' inheritsFrom='' namespaceIndex='1' V281='13' V1='4' name='AddressesType'>
      </savedOrigCopyAtInheritsFrom>
    </child>
    <child t='167' id='98' V167='21' inheritsFromIncarnation='9' inheritsFromTimestamp='0x157089c5bc9' V283='1' occurMaxTimes='1' minSize='-1' maxSize='-1' inheritsFromCopyRule='20' groupType='1' repHandlerStruct='' visible='true' inheritsFrom='Structures/WebIntegration_v2/PartyManagementService/v2/PartytManagementService_Esb_0.1/Types/hsgcas/AssetsType.xml' namespaceIndex='2' V281='13' V1='4' name='Assets'>
      <structNode t='150' idref='1'/>
      <savedOrigCopy t='167' id='99' V167='21' inheritsFromIncarnation='9' inheritsFromTimestamp='0x157089c5bc9' inheritsInThisStruct='true' V283='1' occurMaxTimes='1' minSize='-1' maxSize='-1' inheritsFromCopyRule='20' groupType='1' repHandlerStruct='' visible='true' inheritsFrom='Structures/WebIntegration_v2/PartyManagementService/v2/PartytManagementService_Esb_0.1/Types/hsgcas/AssetsType.xml' namespaceIndex='1' V281='13' V1='4' name='Assets'>
      </savedOrigCopy>
      <savedOrigCopyAtInheritsFrom t='167' id='100' V167='21' V283='1' occurMaxTimes='1' minSize='-1' maxSize='-1' groupType='1' repHandlerStruct='' inheritsFrom='' namespaceIndex='1' V281='13' V1='4' name='AssetsType'>
      </savedOrigCopyAtInheritsFrom>
    </child>
    <child t='167' id='101' V167='21' inheritsFromIncarnation='9' inheritsFromTimestamp='0x157089c5c94' V283='1' occurMaxTimes='1' minSize='-1' maxSize='-1' inheritsFromCopyRule='20' groupType='1' repHandlerStruct='' visible='true' inheritsFrom='Structures/WebIntegration_v2/PartyManagementService/v2/PartytManagementService_Esb_0.1/Types/hsgcq/QuestionAnswersType.xml' namespaceIndex='2' V281='13' V1='4' name='QuestionAnswers'>
      <structNode t='150' idref='1'/>
      <savedOrigCopy t='167' id='102' V167='21' inheritsFromIncarnation='9' inheritsFromTimestamp='0x157089c5c94' inheritsInThisStruct='true' V283='1' occurMaxTimes='1' minSize='-1' maxSize='-1' inheritsFromCopyRule='20' groupType='1' repHandlerStruct='' visible='true' inheritsFrom='Structures/WebIntegration_v2/PartyManagementService/v2/PartytManagementService_Esb_0.1/Types/hsgcq/QuestionAnswersType.xml' namespaceIndex='1' V281='13' V1='4' name='QuestionAnswers'>
      </savedOrigCopy>
      <savedOrigCopyAtInheritsFrom t='167' id='103' V167='21' V283='1' occurMaxTimes='1' minSize='-1' maxSize='-1' groupType='1' repHandlerStruct='' inheritsFrom='' namespaceIndex='1' V281='13' V1='4' name='QuestionAnswersType'>
      </savedOrigCopyAtInheritsFrom>
    </child>
  </rootElem>
  <defaultRep t='172' id='104' V172='6' autoFixNamespaceMismatch='true' V170='10' V692='1' V690='1' ignoreExcluded='true' fixInvalidCharacters='true' V1='4' name='XML'>
    <namespaceContainers t='220' ref='Namespace Containers/WebIntegration_v2_PartyManagementService_v2_PartytManagementService_Esb_0.1.xml'/>
  </defaultRep>
  <namespaceList t='161' id='105' V161='1' namespaceUri='___osdtDummy___' V1='4'>
  </namespaceList>
  <namespaceList t='161' id='106' V161='1' namespaceUri='http://www.homeserve.com/Europe/GB/Customer/Party/PartyManagementService/v1' namespacePrefix='hsegcppms' V1='4'>
  </namespaceList>
  <namespaceList t='161' id='107' V161='1' namespaceUri='http://www.homeserve.com/Europe/GB/Customer/Party/PartyManagementServiceOperations/v1' namespacePrefix='hsegccprmso' V1='4'>
  </namespaceList>
  <namespaceList t='161' id='108' V161='1' namespaceUri='http://www.homeserve.com/Global/Customer/ContactDetails/v1' namespacePrefix='hsgcd' V1='4'>
  </namespaceList>
  <namespaceList t='161' id='109' V161='1' namespaceUri='http://www.homeserve.com/Europe/GB/Customer/v1' namespacePrefix='hsgc' V1='4'>
  </namespaceList>
  <namespaceList t='161' id='110' V161='1' namespaceUri='http://www.homeserve.com/Global/Common/v1' namespacePrefix='hsgcm' V1='4'>
  </namespaceList>
  <child t='162' id='111' V1='4' name='Representations'>
    <child t='172' idref='104'/>
  </child>
  <child t='165' id='112' V1='4' name='Document Bindings'>
    <child t='166' id='113' V166='5' docType='1' V1='4' name='/hsegcppms:UpdateAddressContactDetailsAndPreferencesRequest'>
      <elemNode t='167' idref='2'/>
    </child>
  </child>
</root>
