<?xml version="1.0" encoding="UTF-8"?>
<root t='190' id='1' V190='11' inStruct='Structures/ProductMapping/Elements/pm/ServiceAvailabilityResponse.xml' outStruct='Structures/WorkRequestService/Elements/hsgwrs/ServiceAvailabilityResponse.xml' inputRep='172' outputRep='172' nextMap='' inputStructUserName='ServiceAvailabilityResponse' outputStructUserName='ServiceAvailabilityResponse' V1='4' name='Response_Map' incarnation='105'>
  <inputMapElem t='200' id='2' V200='7' input='true' shown='5' structElemExists='true' V283='1' occurMinTimes='1' occurMaxTimes='1' minSize='-1' maxSize='-1' inheritsFromCopyRule='20' groupType='1' repHandlerStruct='' visible='true' inheritsFrom='Structures/ProductMapping/Types/hsgco/ServiceAvailabilityResponseType.xml' namespaceIndex='1' V281='13' V1='4' name='ServiceAvailabilityResponse'>
    <mapNode t='190' idref='1'/>
    <child t='200' id='3' V200='7' input='true' shown='5' structElemExists='true' V283='1' occurMinTimes='1' occurMaxTimes='1' minSize='-1' maxSize='-1' inheritsFromCopyRule='20' groupType='1' repHandlerStruct='' visible='true' inheritsFrom='Structures/ProductMapping/Types/hsgco/OutcomeType.xml' namespaceIndex='2' V281='13' V1='4' name='Outcome'>
      <mapNode t='190' idref='1'/>
      <child t='200' id='4' V200='7' input='true' shown='5' structElemExists='true' V283='1' occurMinTimes='1' occurMaxTimes='1' minSize='-1' maxSize='-1' dataType='12' repHandlerStruct='' visible='true' inheritsFrom='' namespaceIndex='2' V281='13' V1='4' name='ResultCode'>
        <mapNode t='190' idref='1'/>
      </child>
      <child t='200' id='5' V200='7' input='true' shown='5' structElemExists='true' V283='1' occurMinTimes='1' occurMaxTimes='1' minSize='-1' maxSize='-1' dataType='2' repHandlerStruct='' visible='true' inheritsFrom='' namespaceIndex='2' V281='13' V1='4' name='ResultDescription'>
        <mapNode t='190' idref='1'/>
      </child>
    </child>
  </inputMapElem>
  <outputMapElem t='200' id='6' V200='7' shown='5' structElemExists='true' V283='1' occurMinTimes='1' occurMaxTimes='1' minSize='-1' maxSize='-1' inheritsFromCopyRule='20' groupType='1' repHandlerStruct='' visible='true' inheritsFrom='Structures/WorkRequestService/Types/hsgco/ServiceAvailabilityResponseType.xml' namespaceIndex='1' V281='13' modifiedFromParent_loop='true' V1='4' name='ServiceAvailabilityResponse'>
    <mapNode t='190' idref='1'/>
    <loop>SimpleLoop([autoAdded="true"],in$/pm:ServiceAvailabilityResponse,{Filter},{Sort Keys},{Contexts})</loop>
    <child t='200' id='7' V200='7' shown='5' structElemExists='true' V283='1' occurMinTimes='1' occurMaxTimes='1' minSize='-1' maxSize='-1' inheritsFromCopyRule='20' groupType='1' repHandlerStruct='' visible='true' inheritsFrom='Structures/WorkRequestService/Types/hsgco/OutcomeType.xml' namespaceIndex='2' V281='13' V1='4' name='Outcome'>
      <mapNode t='190' idref='1'/>
      <child t='200' id='8' V200='7' shown='5' structElemExists='true' V283='1' occurMinTimes='1' occurMaxTimes='1' minSize='-1' maxSize='-1' dataType='12' repHandlerStruct='' visible='true' inheritsFrom='' namespaceIndex='2' V281='13' modifiedFromParent_value='true' V1='4' name='ResultCode'>
        <mapNode t='190' idref='1'/>
        <value>in$/pm:ServiceAvailabilityResponse/hsgco:Outcome/hsgco:ResultCode</value>
      </child>
      <child t='200' id='9' V200='7' shown='5' structElemExists='true' V283='1' occurMinTimes='1' occurMaxTimes='1' minSize='-1' maxSize='-1' dataType='2' repHandlerStruct='' visible='true' inheritsFrom='' namespaceIndex='2' V281='13' modifiedFromParent_value='true' V1='4' name='ResultDescription'>
        <mapNode t='190' idref='1'/>
        <value>in$/pm:ServiceAvailabilityResponse/hsgco:Outcome/hsgco:ResultDescription</value>
      </child>
    </child>
  </outputMapElem>
  <inputNsList t='161' id='10' V161='1' namespaceUri='___osdtDummy___' V1='4'>
  </inputNsList>
  <inputNsList t='161' id='11' V161='1' namespaceUri='http://www.homeserve.com/Global/ProductMapping/ProductMappingService/v1' namespacePrefix='pm' V1='4'>
  </inputNsList>
  <inputNsList t='161' id='12' V161='1' namespaceUri='http://www.homeserve.com/Global/Common/CommonService/v1' namespacePrefix='hsgco' V1='4'>
  </inputNsList>
  <outputNsList t='161' id='13' V161='1' namespaceUri='___osdtDummy___' V1='4'>
  </outputNsList>
  <outputNsList t='161' id='14' V161='1' namespaceUri='http://www.homeserve.com/Europe/GB/WorkRequest/WorkRequestService/v1' namespacePrefix='hsgwrs' V1='4'>
  </outputNsList>
  <outputNsList t='161' id='15' V161='1' namespaceUri='http://www.homeserve.com/Global/Common/CommonService/v1' namespacePrefix='hsgco' V1='4'>
  </outputNsList>
  <inputRepRuntime t='692' id='16' V692='1' V690='1'>
    <namespaceContainers t='220' ref='Namespace Containers/ProductMapping.xml'/>
  </inputRepRuntime>
  <outputRepRuntime t='692' id='17' V692='1' V690='1'>
    <namespaceContainers t='220' ref='Namespace Containers/WorkRequestService.xml'/>
  </outputRepRuntime>
  <valueSets></valueSets>
  <inputXmlRepRuntime t='692' idref='16'/>
  <outputXmlRepRuntime t='692' idref='17'/>
  <child t='165' id='18' V1='4' name='Document Bindings'>
    <child t='166' id='19' V166='5' docType='1' V1='4' name='in$/pm:ServiceAvailabilityResponse'>
      <elemNode t='200' idref='2'/>
    </child>
    <child t='166' id='20' V166='5' docType='2' V1='4' name='out$/hsgwrs:ServiceAvailabilityResponse'>
      <elemNode t='200' idref='6'/>
    </child>
  </child>
  <child t='201' id='21' V1='4' name='Inherits From'>
  </child>
</root>
