<?xml version="1.0" encoding="UTF-8"?>
<root t='150' id='1' V150='13' creationTimestamp='0x1505a9a33d3' V1='4' name='MaritalStatusEnum' incarnation='8'>
  <rootElem t='167' id='2' V167='21' V283='1' occurMaxTimes='1' minSize='-1' maxSize='-1' dataType='2' repHandlerStruct='' inheritsFrom='' namespaceIndex='1' V281='13' V1='4' name='MaritalStatusEnum'>
    <structNode t='150' idref='1'/>
    <child t='167' id='3' V167='21' V283='1' occurMaxTimes='1' minSize='-1' maxSize='-1' dataType='2' elemType='5' repHandlerStruct='' visible='true' inheritsFrom='' V281='13' V1='4' name='Married'>
      <structNode t='150' idref='1'/>
    </child>
    <child t='167' id='4' V167='21' V283='1' occurMaxTimes='1' minSize='-1' maxSize='-1' dataType='2' elemType='5' repHandlerStruct='' visible='true' inheritsFrom='' V281='13' V1='4' name='Single'>
      <structNode t='150' idref='1'/>
    </child>
    <child t='167' id='5' V167='21' V283='1' occurMaxTimes='1' minSize='-1' maxSize='-1' dataType='2' elemType='5' repHandlerStruct='' visible='true' inheritsFrom='' V281='13' V1='4' name='LegalPartner'>
      <structNode t='150' idref='1'/>
    </child>
    <child t='167' id='6' V167='21' V283='1' occurMaxTimes='1' minSize='-1' maxSize='-1' dataType='2' elemType='5' repHandlerStruct='' visible='true' inheritsFrom='' V281='13' V1='4' name='Widower'>
      <structNode t='150' idref='1'/>
    </child>
    <child t='167' id='7' V167='21' V283='1' occurMaxTimes='1' minSize='-1' maxSize='-1' dataType='2' elemType='5' repHandlerStruct='' visible='true' inheritsFrom='' V281='13' V1='4' name='CommonLaw'>
      <structNode t='150' idref='1'/>
    </child>
  </rootElem>
  <defaultRep t='172' id='8' V172='6' autoFixNamespaceMismatch='true' V170='10' V692='1' unnamedElemsNamespace='1' V690='1' ignoreExcluded='true' fixInvalidCharacters='true' V1='4' name='XML'>
    <namespaceContainers t='220' ref='Namespace Containers/WorkRequestService.xml'/>
  </defaultRep>
  <namespaceList t='161' id='9' V161='1' namespaceUri='___osdtDummy___' V1='4'>
  </namespaceList>
  <namespaceList t='161' id='10' V161='1' namespaceUri='http://www.homeserve.com/Global/Customer/v1' namespacePrefix='hsgc' V1='4'>
  </namespaceList>
  <child t='162' id='11' V1='4' name='Representations'>
    <child t='172' idref='8'/>
  </child>
  <child t='165' id='12' V1='4' name='Document Bindings'>
    <child t='166' id='13' V166='5' docType='1' V1='4' name='/hsgc:MaritalStatusEnum'>
      <elemNode t='167' idref='2'/>
    </child>
  </child>
</root>
