<?xml version="1.0" encoding="UTF-8"?>
<root t='150' id='1' V150='13' creationTimestamp='0x157cda0c46b' V1='4' name='PaymentEventType' incarnation='8'>
  <rootElem t='167' id='2' V167='21' V283='1' occurMaxTimes='1' minSize='-1' maxSize='-1' groupType='1' repHandlerStruct='' inheritsFrom='' namespaceIndex='1' V281='13' V1='4' name='PaymentEventType'>
    <structNode t='150' idref='1'/>
    <child t='167' id='3' V167='21' V283='1' occurMinTimes='1' occurMaxTimes='1' minSize='-1' maxSize='-1' dataType='2' repHandlerStruct='' visible='true' inheritsFrom='' namespaceIndex='1' V281='13' V1='4' name='PaymentEventID'>
      <structNode t='150' idref='1'/>
    </child>
    <child t='167' id='4' V167='21' inheritsFromIncarnation='8' inheritsFromTimestamp='0x157cda0c46b' inheritsInThisStruct='true' V283='1' occurMinTimes='1' occurMaxTimes='1' minSize='-1' maxSize='-1' inheritsFromCopyRule='20' dataType='2' repHandlerStruct='' visible='true' inheritsFrom='Structures/WebIntegration_v2/AccountManagementService/AccountManagementService_ESB_94/Types/Q11/PaymentEventTypeEnum.xml' namespaceIndex='1' V281='13' V1='4' name='PaymentEventType'>
      <structNode t='150' idref='1'/>
      <savedDerivedCopy t='167' id='5' V167='21' needInheritInit='true' inheritsInThisStruct='true' V283='1' occurMinTimes='1' occurMaxTimes='1' minSize='-1' maxSize='-1' inheritsFromCopyRule='20' dataType='2' repHandlerStruct='' visible='true' inheritsFrom='Structures/WebIntegration_v2/AccountManagementService/AccountManagementService_ESB_94/Types/Q11/PaymentEventTypeEnum.xml' namespaceIndex='1' V281='13' V1='4' name='PaymentEventType'>
      </savedDerivedCopy>
      <savedOrigCopyAtInheritsFrom t='167' id='6' V167='21' V283='1' occurMaxTimes='1' minSize='-1' maxSize='-1' dataType='2' repHandlerStruct='' inheritsFrom='' namespaceIndex='1' V281='13' V1='4' name='PaymentEventTypeEnum'>
      </savedOrigCopyAtInheritsFrom>
    </child>
    <child t='167' id='7' V167='21' inheritsFromIncarnation='8' inheritsFromTimestamp='0x157cda0c47b' inheritsInThisStruct='true' V283='1' occurMinTimes='1' occurMaxTimes='1' minSize='-1' maxSize='-1' inheritsFromCopyRule='20' dataType='2' repHandlerStruct='' visible='true' inheritsFrom='Structures/WebIntegration_v2/AccountManagementService/AccountManagementService_ESB_94/Types/Q11/PaymentStatusEnum.xml' namespaceIndex='1' V281='13' V1='4' name='PaymentEventStatus' checksumValid='true' checksum='N9Dr7PaBcdeTf03TyY0xshEvxdU='>
      <structNode t='150' idref='1'/>
      <savedDerivedCopy t='167' id='8' V167='21' needInheritInit='true' inheritsInThisStruct='true' V283='1' occurMinTimes='1' occurMaxTimes='1' minSize='-1' maxSize='-1' inheritsFromCopyRule='20' dataType='2' repHandlerStruct='' visible='true' inheritsFrom='Structures/WebIntegration_v2/AccountManagementService/AccountManagementService_ESB_94/Types/Q11/PaymentStatusEnum.xml' namespaceIndex='1' V281='13' V1='4' name='PaymentEventStatus'>
      </savedDerivedCopy>
      <savedOrigCopyAtInheritsFrom t='167' id='9' V167='21' V283='1' occurMaxTimes='1' minSize='-1' maxSize='-1' dataType='2' repHandlerStruct='' inheritsFrom='' namespaceIndex='1' V281='13' V1='4' name='PaymentStatusEnum'>
      </savedOrigCopyAtInheritsFrom>
    </child>
    <child t='167' id='10' V167='21' V283='1' occurMinTimes='1' occurMaxTimes='1' minSize='-1' maxSize='-1' dataType='31' repHandlerStruct='' visible='true' inheritsFrom='' namespaceIndex='1' V281='13' V1='4' name='PaymentEventDate'>
      <structNode t='150' idref='1'/>
    </child>
    <child t='167' id='11' V167='21' V283='1' occurMinTimes='1' occurMaxTimes='1' minSize='-1' maxSize='-1' dataType='22' repHandlerStruct='' visible='true' inheritsFrom='' namespaceIndex='1' V281='13' V1='4' name='PaymentEventAmount'>
      <structNode t='150' idref='1'/>
    </child>
    <child t='167' id='12' V167='21' inheritsFromIncarnation='8' inheritsFromTimestamp='0x157cda0c47b' inheritsInThisStruct='true' V283='1' occurMinTimes='1' occurMaxTimes='1' minSize='-1' maxSize='-1' inheritsFromCopyRule='20' dataType='2' repHandlerStruct='' visible='true' inheritsFrom='Structures/WebIntegration_v2/AccountManagementService/AccountManagementService_ESB_94/Types/Q11/PaymentTypeEnum.xml' namespaceIndex='1' V281='13' V1='4' name='PaymentType' checksumValid='true' checksum='TeOYIazKKoU33CuqEj8OwQjzFRM='>
      <structNode t='150' idref='1'/>
      <savedDerivedCopy t='167' id='13' V167='21' needInheritInit='true' inheritsInThisStruct='true' V283='1' occurMinTimes='1' occurMaxTimes='1' minSize='-1' maxSize='-1' inheritsFromCopyRule='20' dataType='2' repHandlerStruct='' visible='true' inheritsFrom='Structures/WebIntegration_v2/AccountManagementService/AccountManagementService_ESB_94/Types/Q11/PaymentTypeEnum.xml' namespaceIndex='1' V281='13' V1='4' name='PaymentType'>
      </savedDerivedCopy>
      <savedOrigCopyAtInheritsFrom t='167' id='14' V167='21' V283='1' occurMaxTimes='1' minSize='-1' maxSize='-1' dataType='2' repHandlerStruct='' inheritsFrom='' namespaceIndex='1' V281='13' V1='4' name='PaymentTypeEnum'>
      </savedOrigCopyAtInheritsFrom>
    </child>
    <child t='167' id='15' V167='21' inheritsFromIncarnation='8' inheritsFromTimestamp='0x157cda0c47b' inheritsInThisStruct='true' V283='1' occurMaxTimes='1' minSize='-1' maxSize='-1' inheritsFromCopyRule='20' dataType='2' repHandlerStruct='' visible='true' inheritsFrom='Structures/WebIntegration_v2/AccountManagementService/AccountManagementService_ESB_94/Types/Q11/PaymentRefundReasonEnum.xml' namespaceIndex='1' V281='13' V1='4' name='PaymentRefundReason'>
      <structNode t='150' idref='1'/>
      <savedDerivedCopy t='167' id='16' V167='21' needInheritInit='true' inheritsInThisStruct='true' V283='1' occurMaxTimes='1' minSize='-1' maxSize='-1' inheritsFromCopyRule='20' dataType='2' repHandlerStruct='' visible='true' inheritsFrom='Structures/WebIntegration_v2/AccountManagementService/AccountManagementService_ESB_94/Types/Q11/PaymentRefundReasonEnum.xml' namespaceIndex='1' V281='13' V1='4' name='PaymentRefundReason'>
      </savedDerivedCopy>
      <savedOrigCopyAtInheritsFrom t='167' id='17' V167='21' V283='1' occurMaxTimes='1' minSize='-1' maxSize='-1' dataType='2' repHandlerStruct='' inheritsFrom='' namespaceIndex='1' V281='13' V1='4' name='PaymentRefundReasonEnum'>
      </savedOrigCopyAtInheritsFrom>
    </child>
    <child t='167' id='18' V167='21' V283='1' occurMinTimes='1' occurMaxTimes='1' minSize='-1' maxSize='-1' dataType='2' repHandlerStruct='' visible='true' inheritsFrom='' namespaceIndex='1' V281='13' V1='4' name='PaymentEventResponse'>
      <structNode t='150' idref='1'/>
    </child>
  </rootElem>
  <defaultRep t='172' id='19' V172='6' autoFixNamespaceMismatch='true' V170='10' V692='1' unnamedElemsNamespace='1' V690='1' ignoreExcluded='true' fixInvalidCharacters='true' V1='4' name='XML'>
    <namespaceContainers t='220' ref='Namespace Containers/WebIntegration_v2_AccountManagementService_AccountManagementService_ESB_94.xml'/>
  </defaultRep>
  <namespaceList t='161' id='20' V161='1' namespaceUri='___osdtDummy___' V1='4'>
  </namespaceList>
  <namespaceList t='161' id='21' V161='1' namespaceUri='http://www.homeserve.com/Global/Finance/Payment/v1' namespacePrefix='Q11' V1='4'>
  </namespaceList>
  <child t='162' id='22' V1='4' name='Representations'>
    <child t='172' idref='19'/>
  </child>
  <child t='165' id='23' V1='4' name='Document Bindings'>
    <child t='166' id='24' V166='5' docType='1' V1='4' name='/Q11:PaymentEventType'>
      <elemNode t='167' idref='2'/>
    </child>
  </child>
</root>
