<?xml version="1.0" encoding="UTF-8"?>
<root t='150' id='1' V150='13' creationTimestamp='0x1505a9a336d' V1='4' name='CreateWorkRequestRequestType' incarnation='11'>
  <rootElem t='167' id='2' V167='21' V283='1' occurMaxTimes='1' minSize='-1' maxSize='-1' groupType='1' repHandlerStruct='' inheritsFrom='' namespaceIndex='1' V281='13' V1='4' name='CreateWorkRequestRequestType'>
    <structNode t='150' idref='1'/>
    <child t='167' id='3' V167='21' inheritsFromIncarnation='13' inheritsFromTimestamp='0x1505a9a341c' inheritsInThisStruct='true' V283='1' occurMinTimes='1' occurMaxTimes='1' minSize='-1' maxSize='-1' inheritsFromCopyRule='20' groupType='1' repHandlerStruct='' visible='true' inheritsFrom='Structures/WorkRequestService/Types/hsgcwr/WorkRequestType.xml' namespaceIndex='1' V281='13' V1='4' name='WorkRequest'>
      <structNode t='150' idref='1'/>
      <savedDerivedCopy t='167' id='4' V167='21' needInheritInit='true' inheritsInThisStruct='true' V283='1' occurMinTimes='1' occurMaxTimes='1' minSize='-1' maxSize='-1' inheritsFromCopyRule='20' groupType='1' repHandlerStruct='' visible='true' inheritsFrom='Structures/WorkRequestService/Types/hsgcwr/WorkRequestType.xml' namespaceIndex='1' V281='13' V1='4' name='WorkRequest'>
      </savedDerivedCopy>
      <savedOrigCopyAtInheritsFrom t='167' id='5' V167='21' V283='1' occurMaxTimes='1' minSize='-1' maxSize='-1' groupType='1' repHandlerStruct='' inheritsFrom='' namespaceIndex='1' V281='13' V1='4' name='WorkRequestType'>
      </savedOrigCopyAtInheritsFrom>
    </child>
    <child t='167' id='6' V167='21' inheritsFromIncarnation='11' inheritsFromTimestamp='0x1505a9a336c' inheritsInThisStruct='true' V283='1' occurMinTimes='1' occurMaxTimes='1' minSize='-1' maxSize='-1' inheritsFromCopyRule='20' groupType='1' repHandlerStruct='' visible='true' inheritsFrom='Structures/WorkRequestService/Types/hsgcn/ContractType.xml' namespaceIndex='1' V281='13' V1='4' name='Contract'>
      <structNode t='150' idref='1'/>
      <savedDerivedCopy t='167' id='7' V167='21' needInheritInit='true' inheritsInThisStruct='true' V283='1' occurMinTimes='1' occurMaxTimes='1' minSize='-1' maxSize='-1' inheritsFromCopyRule='20' groupType='1' repHandlerStruct='' visible='true' inheritsFrom='Structures/WorkRequestService/Types/hsgcn/ContractType.xml' namespaceIndex='1' V281='13' V1='4' name='Contract'>
      </savedDerivedCopy>
      <savedOrigCopyAtInheritsFrom t='167' id='8' V167='21' V283='1' occurMaxTimes='1' minSize='-1' maxSize='-1' groupType='1' repHandlerStruct='' inheritsFrom='' namespaceIndex='1' V281='13' V1='4' name='ContractType'>
      </savedOrigCopyAtInheritsFrom>
    </child>
    <child t='167' id='9' V167='21' inheritsFromIncarnation='8' inheritsFromTimestamp='0x1505a9a32c4' inheritsInThisStruct='true' V283='1' occurMaxTimes='1' minSize='-1' maxSize='-1' inheritsFromCopyRule='20' groupType='1' repHandlerStruct='' visible='true' inheritsFrom='Structures/WorkRequestService/Types/hsgca/AppointmentType.xml' namespaceIndex='1' V281='13' V1='4' name='Appointment'>
      <structNode t='150' idref='1'/>
      <savedDerivedCopy t='167' id='10' V167='21' needInheritInit='true' inheritsInThisStruct='true' V283='1' occurMaxTimes='1' minSize='-1' maxSize='-1' inheritsFromCopyRule='20' groupType='1' repHandlerStruct='' visible='true' inheritsFrom='Structures/WorkRequestService/Types/hsgca/AppointmentType.xml' namespaceIndex='1' V281='13' V1='4' name='Appointment'>
      </savedDerivedCopy>
      <savedOrigCopyAtInheritsFrom t='167' id='11' V167='21' V283='1' occurMaxTimes='1' minSize='-1' maxSize='-1' groupType='1' repHandlerStruct='' inheritsFrom='' namespaceIndex='1' V281='13' V1='4' name='AppointmentType'>
      </savedOrigCopyAtInheritsFrom>
    </child>
  </rootElem>
  <defaultRep t='172' id='12' V172='6' autoFixNamespaceMismatch='true' V170='10' V692='1' unnamedElemsNamespace='1' V690='1' ignoreExcluded='true' fixInvalidCharacters='true' V1='4' name='XML'>
    <namespaceContainers t='220' ref='Namespace Containers/WorkRequestService.xml'/>
  </defaultRep>
  <namespaceList t='161' id='13' V161='1' namespaceUri='___osdtDummy___' V1='4'>
  </namespaceList>
  <namespaceList t='161' id='14' V161='1' namespaceUri='http://www.homeserve.com/Europe/GB/WorkRequest/WorkRequestServiceOperations/v1' namespacePrefix='hsegwrso' V1='4'>
  </namespaceList>
  <namespaceList t='161' id='15' V161='1' namespaceUri='http://www.homeserve.com/Global/WorkRequest/v1' namespacePrefix='hsgcwr' V1='4'>
  </namespaceList>
  <namespaceList t='161' id='16' V161='1' namespaceUri='http://www.homeserve.com/Global/Customer/Contract/v1' namespacePrefix='hsgcn' V1='4'>
  </namespaceList>
  <namespaceList t='161' id='17' V161='1' namespaceUri='http://www.homeserve.com/Global/Customer/Appointment/v1' namespacePrefix='hsgca' V1='4'>
  </namespaceList>
  <child t='162' id='18' V1='4' name='Representations'>
    <child t='172' idref='12'/>
  </child>
  <child t='165' id='19' V1='4' name='Document Bindings'>
    <child t='166' id='20' V166='5' docType='1' V1='4' name='/hsegwrso:CreateWorkRequestRequestType'>
      <elemNode t='167' idref='2'/>
    </child>
  </child>
</root>
