<?xml version="1.0" encoding="UTF-8"?>
<root t='150' id='1' V150='13' creationTimestamp='0x15843f6c064' V1='4' name='UpdateAddressRequestType' incarnation='13'>
  <rootElem t='167' id='2' V167='21' V283='1' occurMaxTimes='1' minSize='-1' maxSize='-1' groupType='1' repHandlerStruct='' inheritsFrom='' namespaceIndex='1' V281='13' V1='4' name='UpdateAddressRequestType'>
    <structNode t='150' idref='1'/>
    <child t='167' id='3' V167='21' inheritsFromIncarnation='8' inheritsFromTimestamp='0x15843f6b174' inheritsInThisStruct='true' V283='1' occurMinTimes='1' occurMaxTimes='1' minSize='-1' maxSize='-1' inheritsFromCopyRule='20' groupType='1' repHandlerStruct='' visible='true' inheritsFrom='Structures/WebIntegration_v2/PartyManagementService/v98/PartyManagementService_esb_98/Types/hsgcm/RequestDetailsType.xml' namespaceIndex='1' V281='13' V1='4' name='RequestDetails'>
      <structNode t='150' idref='1'/>
      <savedDerivedCopy t='167' id='4' V167='21' needInheritInit='true' inheritsInThisStruct='true' V283='1' occurMinTimes='1' occurMaxTimes='1' minSize='-1' maxSize='-1' inheritsFromCopyRule='20' groupType='1' repHandlerStruct='' visible='true' inheritsFrom='Structures/WebIntegration_v2/PartyManagementService/v98/PartyManagementService_esb_98/Types/hsgcm/RequestDetailsType.xml' namespaceIndex='1' V281='13' V1='4' name='RequestDetails'>
      </savedDerivedCopy>
      <savedOrigCopyAtInheritsFrom t='167' id='5' V167='21' V283='1' occurMaxTimes='1' minSize='-1' maxSize='-1' groupType='1' repHandlerStruct='' inheritsFrom='' namespaceIndex='1' V281='13' V1='4' name='RequestDetailsType'>
      </savedOrigCopyAtInheritsFrom>
    </child>
    <child t='167' id='6' V167='21' inheritsFromIncarnation='8' inheritsFromTimestamp='0x15843f6ba61' inheritsInThisStruct='true' V283='1' occurMinTimes='1' occurMaxTimes='1' minSize='-1' maxSize='-1' inheritsFromCopyRule='20' groupType='1' repHandlerStruct='' visible='true' inheritsFrom='Structures/WebIntegration_v2/PartyManagementService/v98/PartyManagementService_esb_98/Types/Q1/PartyDetailsType.xml' namespaceIndex='1' V281='13' V1='4' name='PartyDetails'>
      <structNode t='150' idref='1'/>
      <savedDerivedCopy t='167' id='7' V167='21' needInheritInit='true' inheritsInThisStruct='true' V283='1' occurMinTimes='1' occurMaxTimes='1' minSize='-1' maxSize='-1' inheritsFromCopyRule='20' groupType='1' repHandlerStruct='' visible='true' inheritsFrom='Structures/WebIntegration_v2/PartyManagementService/v98/PartyManagementService_esb_98/Types/Q1/PartyDetailsType.xml' namespaceIndex='1' V281='13' V1='4' name='PartyDetails'>
      </savedDerivedCopy>
      <savedOrigCopyAtInheritsFrom t='167' id='8' V167='21' V283='1' occurMaxTimes='1' minSize='-1' maxSize='-1' groupType='1' repHandlerStruct='' inheritsFrom='' namespaceIndex='1' V281='13' V1='4' name='PartyDetailsType'>
      </savedOrigCopyAtInheritsFrom>
    </child>
    <child t='167' id='9' V167='21' V283='1' occurMinTimes='1' occurMaxTimes='1' minSize='-1' maxSize='-1' dataType='2' repHandlerStruct='' visible='true' inheritsFrom='' namespaceIndex='1' V281='13' V1='4' name='ContractID'>
      <structNode t='150' idref='1'/>
    </child>
    <child t='167' id='10' V167='21' inheritsFromIncarnation='8' inheritsFromTimestamp='0x15843f6b174' inheritsInThisStruct='true' V283='1' occurMinTimes='1' occurMaxTimes='1' minSize='-1' maxSize='-1' inheritsFromCopyRule='20' dataType='2' repHandlerStruct='' visible='true' inheritsFrom='Structures/WebIntegration_v2/PartyManagementService/v98/PartyManagementService_esb_98/Types/hsega/UpdateAddressTypeEnum.xml' namespaceIndex='1' V281='13' V1='4' name='UpdateAddressType'>
      <structNode t='150' idref='1'/>
      <savedDerivedCopy t='167' id='11' V167='21' needInheritInit='true' inheritsInThisStruct='true' V283='1' occurMinTimes='1' occurMaxTimes='1' minSize='-1' maxSize='-1' inheritsFromCopyRule='20' dataType='2' repHandlerStruct='' visible='true' inheritsFrom='Structures/WebIntegration_v2/PartyManagementService/v98/PartyManagementService_esb_98/Types/hsega/UpdateAddressTypeEnum.xml' namespaceIndex='1' V281='13' V1='4' name='UpdateAddressType'>
      </savedDerivedCopy>
      <savedOrigCopyAtInheritsFrom t='167' id='12' V167='21' V283='1' occurMaxTimes='1' minSize='-1' maxSize='-1' dataType='2' repHandlerStruct='' inheritsFrom='' namespaceIndex='1' V281='13' V1='4' name='UpdateAddressTypeEnum'>
      </savedOrigCopyAtInheritsFrom>
    </child>
    <child t='167' id='13' V167='21' inheritsFromIncarnation='9' inheritsFromTimestamp='0x15843f6af63' inheritsInThisStruct='true' V283='1' occurMinTimes='1' occurMaxTimes='-1' minSize='-1' maxSize='-1' inheritsFromCopyRule='20' groupType='1' repHandlerStruct='' visible='true' inheritsFrom='Structures/WebIntegration_v2/PartyManagementService/v98/PartyManagementService_esb_98/Types/hsega/AddressesType.xml' namespaceIndex='1' V281='13' V1='4' name='Addresses'>
      <structNode t='150' idref='1'/>
      <savedDerivedCopy t='167' id='14' V167='21' needInheritInit='true' inheritsInThisStruct='true' V283='1' occurMinTimes='1' occurMaxTimes='-1' minSize='-1' maxSize='-1' inheritsFromCopyRule='20' groupType='1' repHandlerStruct='' visible='true' inheritsFrom='Structures/WebIntegration_v2/PartyManagementService/v98/PartyManagementService_esb_98/Types/hsega/AddressesType.xml' namespaceIndex='1' V281='13' V1='4' name='Addresses'>
      </savedDerivedCopy>
      <savedOrigCopyAtInheritsFrom t='167' id='15' V167='21' V283='1' occurMaxTimes='1' minSize='-1' maxSize='-1' groupType='1' repHandlerStruct='' inheritsFrom='' namespaceIndex='1' V281='13' V1='4' name='AddressesType'>
      </savedOrigCopyAtInheritsFrom>
    </child>
    <child t='167' id='16' V167='21' inheritsFromIncarnation='9' inheritsFromTimestamp='0x15843f6b785' inheritsInThisStruct='true' V283='1' occurMaxTimes='1' minSize='-1' maxSize='-1' inheritsFromCopyRule='20' groupType='1' repHandlerStruct='' visible='true' inheritsFrom='Structures/WebIntegration_v2/PartyManagementService/v98/PartyManagementService_esb_98/Types/hsgca/AssetsType.xml' namespaceIndex='1' V281='13' V1='4' name='Assets'>
      <structNode t='150' idref='1'/>
      <savedDerivedCopy t='167' id='17' V167='21' needInheritInit='true' inheritsInThisStruct='true' V283='1' occurMaxTimes='1' minSize='-1' maxSize='-1' inheritsFromCopyRule='20' groupType='1' repHandlerStruct='' visible='true' inheritsFrom='Structures/WebIntegration_v2/PartyManagementService/v98/PartyManagementService_esb_98/Types/hsgca/AssetsType.xml' namespaceIndex='1' V281='13' V1='4' name='Assets'>
      </savedDerivedCopy>
      <savedOrigCopyAtInheritsFrom t='167' id='18' V167='21' V283='1' occurMaxTimes='1' minSize='-1' maxSize='-1' groupType='1' repHandlerStruct='' inheritsFrom='' namespaceIndex='1' V281='13' V1='4' name='AssetsType'>
      </savedOrigCopyAtInheritsFrom>
    </child>
    <child t='167' id='19' V167='21' inheritsFromIncarnation='9' inheritsFromTimestamp='0x15843f6bed9' inheritsInThisStruct='true' V283='1' occurMaxTimes='1' minSize='-1' maxSize='-1' inheritsFromCopyRule='20' groupType='1' repHandlerStruct='' visible='true' inheritsFrom='Structures/WebIntegration_v2/PartyManagementService/v98/PartyManagementService_esb_98/Types/hsgcq/QuestionAnswersType.xml' namespaceIndex='1' V281='13' V1='4' name='QuestionAnswers'>
      <structNode t='150' idref='1'/>
      <savedDerivedCopy t='167' id='20' V167='21' needInheritInit='true' inheritsInThisStruct='true' V283='1' occurMaxTimes='1' minSize='-1' maxSize='-1' inheritsFromCopyRule='20' groupType='1' repHandlerStruct='' visible='true' inheritsFrom='Structures/WebIntegration_v2/PartyManagementService/v98/PartyManagementService_esb_98/Types/hsgcq/QuestionAnswersType.xml' namespaceIndex='1' V281='13' V1='4' name='QuestionAnswers'>
      </savedDerivedCopy>
      <savedOrigCopyAtInheritsFrom t='167' id='21' V167='21' V283='1' occurMaxTimes='1' minSize='-1' maxSize='-1' groupType='1' repHandlerStruct='' inheritsFrom='' namespaceIndex='1' V281='13' V1='4' name='QuestionAnswersType'>
      </savedOrigCopyAtInheritsFrom>
    </child>
  </rootElem>
  <defaultRep t='172' id='22' V172='6' autoFixNamespaceMismatch='true' V170='10' V692='1' unnamedElemsNamespace='1' V690='1' ignoreExcluded='true' fixInvalidCharacters='true' V1='4' name='XML'>
    <namespaceContainers t='220' ref='Namespace Containers/WebIntegration_v2_PartyManagementService_v98_PartyManagementService_esb_98.xml'/>
  </defaultRep>
  <namespaceList t='161' id='23' V161='1' namespaceUri='___osdtDummy___' V1='4'>
  </namespaceList>
  <namespaceList t='161' id='24' V161='1' namespaceUri='http://www.homeserve.com/Europe/GB/Customer/Party/PartyManagementServiceOperations/v1' namespacePrefix='hsegccprmso' V1='4'>
  </namespaceList>
  <namespaceList t='161' id='25' V161='1' namespaceUri='http://www.homeserve.com/Global/Common/v1' namespacePrefix='hsgcm' V1='4'>
  </namespaceList>
  <namespaceList t='161' id='26' V161='1' namespaceUri='http://www.homeserve.com/Europe/GB/Customer/v1' namespacePrefix='Q1' V1='4'>
  </namespaceList>
  <namespaceList t='161' id='27' V161='1' namespaceUri='http://www.homeserve.com/Europe/GB/Address/v3' namespacePrefix='hsega' V1='4'>
  </namespaceList>
  <namespaceList t='161' id='28' V161='1' namespaceUri='http://www.homeserve.com/Global/Customer/Asset/v2' namespacePrefix='hsgca' V1='4'>
  </namespaceList>
  <namespaceList t='161' id='29' V161='1' namespaceUri='http://www.homeserve.com/Global/Common/Questions/v1' namespacePrefix='hsgcq' V1='4'>
  </namespaceList>
  <child t='162' id='30' V1='4' name='Representations'>
    <child t='172' idref='22'/>
  </child>
  <child t='165' id='31' V1='4' name='Document Bindings'>
    <child t='166' id='32' V166='5' docType='1' V1='4' name='/hsegccprmso:UpdateAddressRequestType'>
      <elemNode t='167' idref='2'/>
    </child>
  </child>
</root>
