<?xml version="1.0" encoding="UTF-8"?>
<root t='150' id='1' V150='13' creationTimestamp='0x15ab7786926' V1='4' name='PhoneGroup' incarnation='11'>
  <rootElem t='167' id='2' V167='21' V283='1' occurMaxTimes='1' minSize='-1' maxSize='-1' groupType='1' repHandlerStruct='' inheritsFrom='' namespaceIndex='1' V281='13' V1='4' name='PhoneGroup'>
    <structNode t='150' idref='1'/>
    <child t='167' id='3' V167='21' inheritsFromIncarnation='8' inheritsFromTimestamp='0x15ab7786c37' inheritsInThisStruct='true' V283='1' occurMaxTimes='1' minSize='-1' maxSize='5' inheritsFromCopyRule='20' dataType='2' repHandlerStruct='' visible='true' nullable='true' inheritsFrom='Structures/R6.4/MCAService/Types/Q1/CountryCodeType.xml' namespaceIndex='1' V281='13' V1='4' name='CountryCode'>
      <structNode t='150' idref='1'/>
      <savedDerivedCopy t='167' id='4' V167='21' needInheritInit='true' inheritsInThisStruct='true' V283='1' occurMaxTimes='1' minSize='-1' maxSize='5' inheritsFromCopyRule='20' dataType='2' repHandlerStruct='' visible='true' nullable='true' inheritsFrom='Structures/R6.4/MCAService/Types/Q1/CountryCodeType.xml' namespaceIndex='1' V281='13' V1='4' name='CountryCode'>
      </savedDerivedCopy>
      <savedOrigCopyAtInheritsFrom t='167' id='5' V167='21' V283='1' occurMaxTimes='1' minSize='-1' maxSize='5' dataType='2' repHandlerStruct='' inheritsFrom='' namespaceIndex='1' V281='13' V1='4' name='CountryCodeType'>
      </savedOrigCopyAtInheritsFrom>
    </child>
    <child t='167' id='6' V167='21' inheritsFromIncarnation='8' inheritsFromTimestamp='0x15ab7786de5' inheritsInThisStruct='true' V283='1' occurMaxTimes='1' minSize='-1' maxSize='20' inheritsFromCopyRule='20' dataType='2' repHandlerStruct='' visible='true' nullable='true' inheritsFrom='Structures/R6.4/MCAService/Types/Q1/PhoneNumberType.xml' namespaceIndex='1' V281='13' V1='4' name='PhoneNumber'>
      <structNode t='150' idref='1'/>
      <savedDerivedCopy t='167' id='7' V167='21' needInheritInit='true' inheritsInThisStruct='true' V283='1' occurMaxTimes='1' minSize='-1' maxSize='20' inheritsFromCopyRule='20' dataType='2' repHandlerStruct='' visible='true' nullable='true' inheritsFrom='Structures/R6.4/MCAService/Types/Q1/PhoneNumberType.xml' namespaceIndex='1' V281='13' V1='4' name='PhoneNumber'>
      </savedDerivedCopy>
      <savedOrigCopyAtInheritsFrom t='167' id='8' V167='21' V283='1' occurMaxTimes='1' minSize='-1' maxSize='20' dataType='2' repHandlerStruct='' inheritsFrom='' namespaceIndex='1' V281='13' V1='4' name='PhoneNumberType'>
      </savedOrigCopyAtInheritsFrom>
    </child>
    <child t='167' id='9' V167='21' inheritsFromIncarnation='8' inheritsFromTimestamp='0x15ab7786de6' inheritsInThisStruct='true' V283='1' occurMaxTimes='1' minSize='-1' maxSize='10' inheritsFromCopyRule='20' dataType='2' repHandlerStruct='' visible='true' nullable='true' inheritsFrom='Structures/R6.4/MCAService/Types/Q1/PhoneTypeType.xml' namespaceIndex='1' V281='13' V1='4' name='PhoneType'>
      <structNode t='150' idref='1'/>
      <savedDerivedCopy t='167' id='10' V167='21' needInheritInit='true' inheritsInThisStruct='true' V283='1' occurMaxTimes='1' minSize='-1' maxSize='10' inheritsFromCopyRule='20' dataType='2' repHandlerStruct='' visible='true' nullable='true' inheritsFrom='Structures/R6.4/MCAService/Types/Q1/PhoneTypeType.xml' namespaceIndex='1' V281='13' V1='4' name='PhoneType'>
      </savedDerivedCopy>
      <savedOrigCopyAtInheritsFrom t='167' id='11' V167='21' V283='1' occurMaxTimes='1' minSize='-1' maxSize='10' dataType='2' repHandlerStruct='' inheritsFrom='' namespaceIndex='1' V281='13' V1='4' name='PhoneTypeType'>
      </savedOrigCopyAtInheritsFrom>
    </child>
  </rootElem>
  <defaultRep t='172' id='12' V172='6' autoFixNamespaceMismatch='true' V170='10' V692='1' unnamedElemsNamespace='1' V690='1' ignoreExcluded='true' fixInvalidCharacters='true' V1='4' name='XML'>
    <namespaceContainers t='220' ref='Namespace Containers/R6.4_MCAService.xml'/>
  </defaultRep>
  <namespaceList t='161' id='13' V161='1' namespaceUri='___osdtDummy___' V1='4'>
  </namespaceList>
  <namespaceList t='161' id='14' V161='1' namespaceUri='http://www.homeserve.com/Europe/GB/Customer/MDM/ObjectTypes/v3' namespacePrefix='Q1' V1='4'>
  </namespaceList>
  <child t='162' id='15' V1='4' name='Representations'>
    <child t='172' idref='12'/>
  </child>
  <child t='165' id='16' V1='4' name='Document Bindings'>
    <child t='166' id='17' V166='5' docType='1' V1='4' name='/Q1:PhoneGroup'>
      <elemNode t='167' idref='2'/>
    </child>
  </child>
</root>
