<?xml version="1.0" encoding="UTF-8"?>
<root t='150' id='1' V150='13' creationTimestamp='0x14f16e550d9' V1='4' name='ScheduledJobsRequest' incarnation='30'>
  <rootElem t='167' id='2' V167='21' V283='1' occurMaxTimes='1' minSize='-1' maxSize='-1' groupType='1' repHandlerStruct='' inheritsFrom='' namespaceIndex='1' V281='13' V1='4' name='ScheduledJobsRequest'>
    <structNode t='150' idref='1'/>
    <child t='167' id='3' V167='21' V283='1' occurMinTimes='1' occurMaxTimes='1' minSize='-1' maxSize='20' dataType='2' repHandlerStruct='' visible='true' inheritsFrom='' namespaceIndex='1' V281='13' V1='4' name='polRef'>
      <structNode t='150' idref='1'/>
    </child>
    <child t='167' id='4' V167='21' V283='1' occurMinTimes='1' occurMaxTimes='1' minSize='-1' maxSize='-1' dataType='12' repHandlerStruct='' visible='true' inheritsFrom='' namespaceIndex='1' V281='13' V1='4' name='polVersion'>
      <structNode t='150' idref='1'/>
    </child>
    <child t='167' id='5' V167='21' inheritsFromIncarnation='8' inheritsFromTimestamp='0x14f16e550dc' inheritsInThisStruct='true' V283='1' occurMinTimes='1' occurMaxTimes='1' minSize='-1' maxSize='30' inheritsFromCopyRule='20' dataType='2' repHandlerStruct='' visible='true' inheritsFrom='Structures/SSU/Types/ns/String30Type.xml' namespaceIndex='1' V281='13' V1='4' name='custRef'>
      <structNode t='150' idref='1'/>
      <savedDerivedCopy t='167' id='6' V167='21' needInheritInit='true' inheritsInThisStruct='true' V283='1' occurMinTimes='1' occurMaxTimes='1' minSize='-1' maxSize='30' inheritsFromCopyRule='20' dataType='2' repHandlerStruct='' visible='true' inheritsFrom='Structures/SSU/Types/ns/String30Type.xml' namespaceIndex='1' V281='13' V1='4' name='custRef'>
      </savedDerivedCopy>
      <savedOrigCopyAtInheritsFrom t='167' id='7' V167='21' V283='1' occurMaxTimes='1' minSize='-1' maxSize='30' dataType='2' repHandlerStruct='' inheritsFrom='' namespaceIndex='1' V281='13' V1='4' name='String30Type'>
      </savedOrigCopyAtInheritsFrom>
    </child>
    <child t='167' id='8' V167='21' inheritsFromIncarnation='8' inheritsFromTimestamp='0x14f16e550db' inheritsInThisStruct='true' V283='1' occurMinTimes='1' occurMaxTimes='1' minSize='-1' maxSize='10' inheritsFromCopyRule='20' dataType='2' repHandlerStruct='' visible='true' inheritsFrom='Structures/SSU/Types/ns/String10Type.xml' namespaceIndex='1' V281='13' V1='4' name='customerTitle'>
      <structNode t='150' idref='1'/>
      <savedDerivedCopy t='167' id='9' V167='21' needInheritInit='true' inheritsInThisStruct='true' V283='1' occurMinTimes='1' occurMaxTimes='1' minSize='-1' maxSize='10' inheritsFromCopyRule='20' dataType='2' repHandlerStruct='' visible='true' inheritsFrom='Structures/SSU/Types/ns/String10Type.xml' namespaceIndex='1' V281='13' V1='4' name='customerTitle'>
      </savedDerivedCopy>
      <savedOrigCopyAtInheritsFrom t='167' id='10' V167='21' V283='1' occurMaxTimes='1' minSize='-1' maxSize='10' dataType='2' repHandlerStruct='' inheritsFrom='' namespaceIndex='1' V281='13' V1='4' name='String10Type'>
      </savedOrigCopyAtInheritsFrom>
    </child>
    <child t='167' id='11' V167='21' inheritsFromIncarnation='8' inheritsFromTimestamp='0x14f16e550dc' inheritsInThisStruct='true' V283='1' occurMinTimes='1' occurMaxTimes='1' minSize='-1' maxSize='30' inheritsFromCopyRule='20' dataType='2' repHandlerStruct='' visible='true' inheritsFrom='Structures/SSU/Types/ns/String30Type.xml' namespaceIndex='1' V281='13' V1='4' name='customerInitials'>
      <structNode t='150' idref='1'/>
      <savedDerivedCopy t='167' id='12' V167='21' needInheritInit='true' inheritsInThisStruct='true' V283='1' occurMinTimes='1' occurMaxTimes='1' minSize='-1' maxSize='30' inheritsFromCopyRule='20' dataType='2' repHandlerStruct='' visible='true' inheritsFrom='Structures/SSU/Types/ns/String30Type.xml' namespaceIndex='1' V281='13' V1='4' name='customerInitials'>
      </savedDerivedCopy>
      <savedOrigCopyAtInheritsFrom t='167' id='13' V167='21' V283='1' occurMaxTimes='1' minSize='-1' maxSize='30' dataType='2' repHandlerStruct='' inheritsFrom='' namespaceIndex='1' V281='13' V1='4' name='String30Type'>
      </savedOrigCopyAtInheritsFrom>
    </child>
    <child t='167' id='14' V167='21' inheritsFromIncarnation='8' inheritsFromTimestamp='0x14f16e550dc' inheritsInThisStruct='true' V283='1' occurMinTimes='1' occurMaxTimes='1' minSize='-1' maxSize='30' inheritsFromCopyRule='20' dataType='2' repHandlerStruct='' visible='true' inheritsFrom='Structures/SSU/Types/ns/String30Type.xml' namespaceIndex='1' V281='13' V1='4' name='customerSurname'>
      <structNode t='150' idref='1'/>
      <savedDerivedCopy t='167' id='15' V167='21' needInheritInit='true' inheritsInThisStruct='true' V283='1' occurMinTimes='1' occurMaxTimes='1' minSize='-1' maxSize='30' inheritsFromCopyRule='20' dataType='2' repHandlerStruct='' visible='true' inheritsFrom='Structures/SSU/Types/ns/String30Type.xml' namespaceIndex='1' V281='13' V1='4' name='customerSurname'>
      </savedDerivedCopy>
      <savedOrigCopyAtInheritsFrom t='167' id='16' V167='21' V283='1' occurMaxTimes='1' minSize='-1' maxSize='30' dataType='2' repHandlerStruct='' inheritsFrom='' namespaceIndex='1' V281='13' V1='4' name='String30Type'>
      </savedOrigCopyAtInheritsFrom>
    </child>
    <child t='167' id='17' V167='21' inheritsFromIncarnation='8' inheritsFromTimestamp='0x14f16e550dc' inheritsInThisStruct='true' V283='1' occurMinTimes='1' occurMaxTimes='1' minSize='-1' maxSize='60' inheritsFromCopyRule='20' dataType='2' repHandlerStruct='' visible='true' inheritsFrom='Structures/SSU/Types/ns/String60Type.xml' namespaceIndex='1' V281='13' V1='4' name='addressLine1'>
      <structNode t='150' idref='1'/>
      <savedDerivedCopy t='167' id='18' V167='21' needInheritInit='true' inheritsInThisStruct='true' V283='1' occurMinTimes='1' occurMaxTimes='1' minSize='-1' maxSize='60' inheritsFromCopyRule='20' dataType='2' repHandlerStruct='' visible='true' inheritsFrom='Structures/SSU/Types/ns/String60Type.xml' namespaceIndex='1' V281='13' V1='4' name='addressLine1'>
      </savedDerivedCopy>
      <savedOrigCopyAtInheritsFrom t='167' id='19' V167='21' V283='1' occurMaxTimes='1' minSize='-1' maxSize='60' dataType='2' repHandlerStruct='' inheritsFrom='' namespaceIndex='1' V281='13' V1='4' name='String60Type'>
      </savedOrigCopyAtInheritsFrom>
    </child>
    <child t='167' id='20' V167='21' inheritsFromIncarnation='8' inheritsFromTimestamp='0x14f16e550dc' inheritsInThisStruct='true' V283='1' occurMaxTimes='1' minSize='-1' maxSize='60' inheritsFromCopyRule='20' dataType='2' repHandlerStruct='' visible='true' inheritsFrom='Structures/SSU/Types/ns/String60Type.xml' namespaceIndex='1' V281='13' V1='4' name='addressLine2'>
      <structNode t='150' idref='1'/>
      <savedDerivedCopy t='167' id='21' V167='21' needInheritInit='true' inheritsInThisStruct='true' V283='1' occurMaxTimes='1' minSize='-1' maxSize='60' inheritsFromCopyRule='20' dataType='2' repHandlerStruct='' visible='true' inheritsFrom='Structures/SSU/Types/ns/String60Type.xml' namespaceIndex='1' V281='13' V1='4' name='addressLine2'>
      </savedDerivedCopy>
      <savedOrigCopyAtInheritsFrom t='167' id='22' V167='21' V283='1' occurMaxTimes='1' minSize='-1' maxSize='60' dataType='2' repHandlerStruct='' inheritsFrom='' namespaceIndex='1' V281='13' V1='4' name='String60Type'>
      </savedOrigCopyAtInheritsFrom>
    </child>
    <child t='167' id='23' V167='21' inheritsFromIncarnation='8' inheritsFromTimestamp='0x14f16e550dc' inheritsInThisStruct='true' V283='1' occurMaxTimes='1' minSize='-1' maxSize='60' inheritsFromCopyRule='20' dataType='2' repHandlerStruct='' visible='true' inheritsFrom='Structures/SSU/Types/ns/String60Type.xml' namespaceIndex='1' V281='13' V1='4' name='addressLine3'>
      <structNode t='150' idref='1'/>
      <savedDerivedCopy t='167' id='24' V167='21' needInheritInit='true' inheritsInThisStruct='true' V283='1' occurMaxTimes='1' minSize='-1' maxSize='60' inheritsFromCopyRule='20' dataType='2' repHandlerStruct='' visible='true' inheritsFrom='Structures/SSU/Types/ns/String60Type.xml' namespaceIndex='1' V281='13' V1='4' name='addressLine3'>
      </savedDerivedCopy>
      <savedOrigCopyAtInheritsFrom t='167' id='25' V167='21' V283='1' occurMaxTimes='1' minSize='-1' maxSize='60' dataType='2' repHandlerStruct='' inheritsFrom='' namespaceIndex='1' V281='13' V1='4' name='String60Type'>
      </savedOrigCopyAtInheritsFrom>
    </child>
    <child t='167' id='26' V167='21' inheritsFromIncarnation='8' inheritsFromTimestamp='0x14f16e550dc' inheritsInThisStruct='true' V283='1' occurMaxTimes='1' minSize='-1' maxSize='60' inheritsFromCopyRule='20' dataType='2' repHandlerStruct='' visible='true' inheritsFrom='Structures/SSU/Types/ns/String60Type.xml' namespaceIndex='1' V281='13' V1='4' name='addressLine4'>
      <structNode t='150' idref='1'/>
      <savedDerivedCopy t='167' id='27' V167='21' needInheritInit='true' inheritsInThisStruct='true' V283='1' occurMaxTimes='1' minSize='-1' maxSize='60' inheritsFromCopyRule='20' dataType='2' repHandlerStruct='' visible='true' inheritsFrom='Structures/SSU/Types/ns/String60Type.xml' namespaceIndex='1' V281='13' V1='4' name='addressLine4'>
      </savedDerivedCopy>
      <savedOrigCopyAtInheritsFrom t='167' id='28' V167='21' V283='1' occurMaxTimes='1' minSize='-1' maxSize='60' dataType='2' repHandlerStruct='' inheritsFrom='' namespaceIndex='1' V281='13' V1='4' name='String60Type'>
      </savedOrigCopyAtInheritsFrom>
    </child>
    <child t='167' id='29' V167='21' inheritsFromIncarnation='8' inheritsFromTimestamp='0x14f16e550dc' inheritsInThisStruct='true' V283='1' occurMaxTimes='1' minSize='-1' maxSize='60' inheritsFromCopyRule='20' dataType='2' repHandlerStruct='' visible='true' inheritsFrom='Structures/SSU/Types/ns/String60Type.xml' namespaceIndex='1' V281='13' V1='4' name='addressLine5'>
      <structNode t='150' idref='1'/>
      <savedDerivedCopy t='167' id='30' V167='21' needInheritInit='true' inheritsInThisStruct='true' V283='1' occurMaxTimes='1' minSize='-1' maxSize='60' inheritsFromCopyRule='20' dataType='2' repHandlerStruct='' visible='true' inheritsFrom='Structures/SSU/Types/ns/String60Type.xml' namespaceIndex='1' V281='13' V1='4' name='addressLine5'>
      </savedDerivedCopy>
      <savedOrigCopyAtInheritsFrom t='167' id='31' V167='21' V283='1' occurMaxTimes='1' minSize='-1' maxSize='60' dataType='2' repHandlerStruct='' inheritsFrom='' namespaceIndex='1' V281='13' V1='4' name='String60Type'>
      </savedOrigCopyAtInheritsFrom>
    </child>
    <child t='167' id='32' V167='21' inheritsFromIncarnation='8' inheritsFromTimestamp='0x14f16e550db' inheritsInThisStruct='true' V283='1' occurMinTimes='1' occurMaxTimes='1' minSize='-1' maxSize='15' inheritsFromCopyRule='20' dataType='2' repHandlerStruct='' visible='true' inheritsFrom='Structures/SSU/Types/ns/String15Type.xml' namespaceIndex='1' V281='13' V1='4' name='fullHomePhone'>
      <structNode t='150' idref='1'/>
      <savedDerivedCopy t='167' id='33' V167='21' needInheritInit='true' inheritsInThisStruct='true' V283='1' occurMinTimes='1' occurMaxTimes='1' minSize='-1' maxSize='15' inheritsFromCopyRule='20' dataType='2' repHandlerStruct='' visible='true' inheritsFrom='Structures/SSU/Types/ns/String15Type.xml' namespaceIndex='1' V281='13' V1='4' name='fullHomePhone'>
      </savedDerivedCopy>
      <savedOrigCopyAtInheritsFrom t='167' id='34' V167='21' V283='1' occurMaxTimes='1' minSize='-1' maxSize='15' dataType='2' repHandlerStruct='' inheritsFrom='' namespaceIndex='1' V281='13' V1='4' name='String15Type'>
      </savedOrigCopyAtInheritsFrom>
    </child>
    <child t='167' id='35' V167='21' inheritsFromIncarnation='8' inheritsFromTimestamp='0x14f16e550db' inheritsInThisStruct='true' V283='1' occurMinTimes='1' occurMaxTimes='1' minSize='-1' maxSize='15' inheritsFromCopyRule='20' dataType='2' repHandlerStruct='' visible='true' inheritsFrom='Structures/SSU/Types/ns/String15Type.xml' namespaceIndex='1' V281='13' V1='4' name='fullMobilePhone'>
      <structNode t='150' idref='1'/>
      <savedDerivedCopy t='167' id='36' V167='21' needInheritInit='true' inheritsInThisStruct='true' V283='1' occurMinTimes='1' occurMaxTimes='1' minSize='-1' maxSize='15' inheritsFromCopyRule='20' dataType='2' repHandlerStruct='' visible='true' inheritsFrom='Structures/SSU/Types/ns/String15Type.xml' namespaceIndex='1' V281='13' V1='4' name='fullMobilePhone'>
      </savedDerivedCopy>
      <savedOrigCopyAtInheritsFrom t='167' id='37' V167='21' V283='1' occurMaxTimes='1' minSize='-1' maxSize='15' dataType='2' repHandlerStruct='' inheritsFrom='' namespaceIndex='1' V281='13' V1='4' name='String15Type'>
      </savedOrigCopyAtInheritsFrom>
    </child>
    <child t='167' id='38' V167='21' inheritsFromIncarnation='8' inheritsFromTimestamp='0x14f16e550db' inheritsInThisStruct='true' V283='1' occurMaxTimes='1' minSize='-1' maxSize='15' inheritsFromCopyRule='20' dataType='2' repHandlerStruct='' visible='true' inheritsFrom='Structures/SSU/Types/ns/String15Type.xml' namespaceIndex='1' V281='13' V1='4' name='fullWorkPhone'>
      <structNode t='150' idref='1'/>
      <savedDerivedCopy t='167' id='39' V167='21' needInheritInit='true' inheritsInThisStruct='true' V283='1' occurMaxTimes='1' minSize='-1' maxSize='15' inheritsFromCopyRule='20' dataType='2' repHandlerStruct='' visible='true' inheritsFrom='Structures/SSU/Types/ns/String15Type.xml' namespaceIndex='1' V281='13' V1='4' name='fullWorkPhone'>
      </savedDerivedCopy>
      <savedOrigCopyAtInheritsFrom t='167' id='40' V167='21' V283='1' occurMaxTimes='1' minSize='-1' maxSize='15' dataType='2' repHandlerStruct='' inheritsFrom='' namespaceIndex='1' V281='13' V1='4' name='String15Type'>
      </savedOrigCopyAtInheritsFrom>
    </child>
    <child t='167' id='41' V167='21' inheritsFromIncarnation='8' inheritsFromTimestamp='0x14f16e550db' inheritsInThisStruct='true' V283='1' occurMinTimes='1' occurMaxTimes='1' minSize='-1' maxSize='10' inheritsFromCopyRule='20' dataType='2' repHandlerStruct='' visible='true' inheritsFrom='Structures/SSU/Types/ns/String10Type.xml' namespaceIndex='1' V281='13' V1='4' name='postCode'>
      <structNode t='150' idref='1'/>
      <savedDerivedCopy t='167' id='42' V167='21' needInheritInit='true' inheritsInThisStruct='true' V283='1' occurMinTimes='1' occurMaxTimes='1' minSize='-1' maxSize='10' inheritsFromCopyRule='20' dataType='2' repHandlerStruct='' visible='true' inheritsFrom='Structures/SSU/Types/ns/String10Type.xml' namespaceIndex='1' V281='13' V1='4' name='postCode'>
      </savedDerivedCopy>
      <savedOrigCopyAtInheritsFrom t='167' id='43' V167='21' V283='1' occurMaxTimes='1' minSize='-1' maxSize='10' dataType='2' repHandlerStruct='' inheritsFrom='' namespaceIndex='1' V281='13' V1='4' name='String10Type'>
      </savedOrigCopyAtInheritsFrom>
    </child>
    <child t='167' id='44' V167='21' inheritsFromIncarnation='8' inheritsFromTimestamp='0x14f16e55078' inheritsInThisStruct='true' V283='1' occurMinTimes='1' occurMaxTimes='1' minSize='-1' maxSize='-1' inheritsFromCopyRule='20' dataType='2' repHandlerStruct='' visible='true' inheritsFrom='Structures/SSU/Types/ns/JobTypeType.xml' namespaceIndex='1' V281='13' V1='4' name='jobType'>
      <structNode t='150' idref='1'/>
      <savedDerivedCopy t='167' id='45' V167='21' needInheritInit='true' inheritsInThisStruct='true' V283='1' occurMinTimes='1' occurMaxTimes='1' minSize='-1' maxSize='-1' inheritsFromCopyRule='20' dataType='2' repHandlerStruct='' visible='true' inheritsFrom='Structures/SSU/Types/ns/JobTypeType.xml' namespaceIndex='1' V281='13' V1='4' name='jobType'>
      </savedDerivedCopy>
      <savedOrigCopyAtInheritsFrom t='167' id='46' V167='21' V283='1' occurMaxTimes='1' minSize='-1' maxSize='-1' dataType='2' repHandlerStruct='' inheritsFrom='' namespaceIndex='1' V281='13' V1='4' name='JobTypeType'>
      </savedOrigCopyAtInheritsFrom>
    </child>
    <child t='167' id='47' V167='21' inheritsFromIncarnation='8' inheritsFromTimestamp='0x14f16e550dc' inheritsInThisStruct='true' V283='1' occurMinTimes='1' occurMaxTimes='1' minSize='-1' maxSize='-1' inheritsFromCopyRule='20' dataType='2' repHandlerStruct='' visible='true' inheritsFrom='Structures/SSU/Types/ns/UpdateTypeType.xml' namespaceIndex='1' V281='13' V1='4' name='updateType'>
      <structNode t='150' idref='1'/>
      <savedDerivedCopy t='167' id='48' V167='21' needInheritInit='true' inheritsInThisStruct='true' V283='1' occurMinTimes='1' occurMaxTimes='1' minSize='-1' maxSize='-1' inheritsFromCopyRule='20' dataType='2' repHandlerStruct='' visible='true' inheritsFrom='Structures/SSU/Types/ns/UpdateTypeType.xml' namespaceIndex='1' V281='13' V1='4' name='updateType'>
      </savedDerivedCopy>
      <savedOrigCopyAtInheritsFrom t='167' id='49' V167='21' V283='1' occurMaxTimes='1' minSize='-1' maxSize='-1' dataType='2' repHandlerStruct='' inheritsFrom='' namespaceIndex='1' V281='13' V1='4' name='UpdateTypeType'>
      </savedOrigCopyAtInheritsFrom>
    </child>
    <child t='167' id='50' V167='21' inheritsFromIncarnation='8' inheritsFromTimestamp='0x14f16e550db' inheritsInThisStruct='true' V283='1' occurMinTimes='1' occurMaxTimes='1' minSize='-1' maxSize='10' inheritsFromCopyRule='20' dataType='2' repHandlerStruct='' visible='true' inheritsFrom='Structures/SSU/Types/ns/String10Type.xml' namespaceIndex='1' V281='13' V1='4' name='jvPartner'>
      <structNode t='150' idref='1'/>
      <savedDerivedCopy t='167' id='51' V167='21' needInheritInit='true' inheritsInThisStruct='true' V283='1' occurMinTimes='1' occurMaxTimes='1' minSize='-1' maxSize='10' inheritsFromCopyRule='20' dataType='2' repHandlerStruct='' visible='true' inheritsFrom='Structures/SSU/Types/ns/String10Type.xml' namespaceIndex='1' V281='13' V1='4' name='jvPartner'>
      </savedDerivedCopy>
      <savedOrigCopyAtInheritsFrom t='167' id='52' V167='21' V283='1' occurMaxTimes='1' minSize='-1' maxSize='10' dataType='2' repHandlerStruct='' inheritsFrom='' namespaceIndex='1' V281='13' V1='4' name='String10Type'>
      </savedOrigCopyAtInheritsFrom>
    </child>
    <child t='167' id='53' V167='21' inheritsFromIncarnation='8' inheritsFromTimestamp='0x14f16e550db' inheritsInThisStruct='true' V283='1' occurMinTimes='1' occurMaxTimes='1' minSize='-1' maxSize='10' inheritsFromCopyRule='20' dataType='2' repHandlerStruct='' visible='true' inheritsFrom='Structures/SSU/Types/ns/String10Type.xml' namespaceIndex='1' V281='13' V1='4' name='schemeCode'>
      <structNode t='150' idref='1'/>
      <savedDerivedCopy t='167' id='54' V167='21' needInheritInit='true' inheritsInThisStruct='true' V283='1' occurMinTimes='1' occurMaxTimes='1' minSize='-1' maxSize='10' inheritsFromCopyRule='20' dataType='2' repHandlerStruct='' visible='true' inheritsFrom='Structures/SSU/Types/ns/String10Type.xml' namespaceIndex='1' V281='13' V1='4' name='schemeCode'>
      </savedDerivedCopy>
      <savedOrigCopyAtInheritsFrom t='167' id='55' V167='21' V283='1' occurMaxTimes='1' minSize='-1' maxSize='10' dataType='2' repHandlerStruct='' inheritsFrom='' namespaceIndex='1' V281='13' V1='4' name='String10Type'>
      </savedOrigCopyAtInheritsFrom>
    </child>
    <child t='167' id='56' V167='21' inheritsFromIncarnation='8' inheritsFromTimestamp='0x14f16e550db' inheritsInThisStruct='true' V283='1' occurMinTimes='1' occurMaxTimes='1' minSize='-1' maxSize='10' inheritsFromCopyRule='20' dataType='2' repHandlerStruct='' visible='true' inheritsFrom='Structures/SSU/Types/ns/String10Type.xml' namespaceIndex='1' V281='13' V1='4' name='polType'>
      <structNode t='150' idref='1'/>
      <savedDerivedCopy t='167' id='57' V167='21' needInheritInit='true' inheritsInThisStruct='true' V283='1' occurMinTimes='1' occurMaxTimes='1' minSize='-1' maxSize='10' inheritsFromCopyRule='20' dataType='2' repHandlerStruct='' visible='true' inheritsFrom='Structures/SSU/Types/ns/String10Type.xml' namespaceIndex='1' V281='13' V1='4' name='polType'>
      </savedDerivedCopy>
      <savedOrigCopyAtInheritsFrom t='167' id='58' V167='21' V283='1' occurMaxTimes='1' minSize='-1' maxSize='10' dataType='2' repHandlerStruct='' inheritsFrom='' namespaceIndex='1' V281='13' V1='4' name='String10Type'>
      </savedOrigCopyAtInheritsFrom>
    </child>
    <child t='167' id='59' V167='21' inheritsFromIncarnation='8' inheritsFromTimestamp='0x14f16e550dc' inheritsInThisStruct='true' V283='1' occurMaxTimes='1' minSize='-1' maxSize='60' inheritsFromCopyRule='20' dataType='2' repHandlerStruct='' visible='true' inheritsFrom='Structures/SSU/Types/ns/String60Type.xml' namespaceIndex='1' V281='13' V1='4' name='applType'>
      <structNode t='150' idref='1'/>
      <savedDerivedCopy t='167' id='60' V167='21' needInheritInit='true' inheritsInThisStruct='true' V283='1' occurMaxTimes='1' minSize='-1' maxSize='60' inheritsFromCopyRule='20' dataType='2' repHandlerStruct='' visible='true' inheritsFrom='Structures/SSU/Types/ns/String60Type.xml' namespaceIndex='1' V281='13' V1='4' name='applType'>
      </savedDerivedCopy>
      <savedOrigCopyAtInheritsFrom t='167' id='61' V167='21' V283='1' occurMaxTimes='1' minSize='-1' maxSize='60' dataType='2' repHandlerStruct='' inheritsFrom='' namespaceIndex='1' V281='13' V1='4' name='String60Type'>
      </savedOrigCopyAtInheritsFrom>
    </child>
    <child t='167' id='62' V167='21' V283='1' occurMaxTimes='1' minSize='-1' maxSize='-1' dataType='12' repHandlerStruct='' visible='true' inheritsFrom='' namespaceIndex='1' V281='13' V1='4' name='applRef'>
      <structNode t='150' idref='1'/>
    </child>
    <child t='167' id='63' V167='21' inheritsFromIncarnation='8' inheritsFromTimestamp='0x14f16e550dc' inheritsInThisStruct='true' V283='1' occurMaxTimes='1' minSize='-1' maxSize='60' inheritsFromCopyRule='20' dataType='2' repHandlerStruct='' visible='true' inheritsFrom='Structures/SSU/Types/ns/String60Type.xml' namespaceIndex='1' V281='13' V1='4' name='make'>
      <structNode t='150' idref='1'/>
      <savedDerivedCopy t='167' id='64' V167='21' needInheritInit='true' inheritsInThisStruct='true' V283='1' occurMaxTimes='1' minSize='-1' maxSize='60' inheritsFromCopyRule='20' dataType='2' repHandlerStruct='' visible='true' inheritsFrom='Structures/SSU/Types/ns/String60Type.xml' namespaceIndex='1' V281='13' V1='4' name='make'>
      </savedDerivedCopy>
      <savedOrigCopyAtInheritsFrom t='167' id='65' V167='21' V283='1' occurMaxTimes='1' minSize='-1' maxSize='60' dataType='2' repHandlerStruct='' inheritsFrom='' namespaceIndex='1' V281='13' V1='4' name='String60Type'>
      </savedOrigCopyAtInheritsFrom>
    </child>
    <child t='167' id='66' V167='21' inheritsFromIncarnation='8' inheritsFromTimestamp='0x14f16e550dc' inheritsInThisStruct='true' V283='1' occurMaxTimes='1' minSize='-1' maxSize='60' inheritsFromCopyRule='20' dataType='2' repHandlerStruct='' visible='true' inheritsFrom='Structures/SSU/Types/ns/String60Type.xml' namespaceIndex='1' V281='13' V1='4' name='model'>
      <structNode t='150' idref='1'/>
      <savedDerivedCopy t='167' id='67' V167='21' needInheritInit='true' inheritsInThisStruct='true' V283='1' occurMaxTimes='1' minSize='-1' maxSize='60' inheritsFromCopyRule='20' dataType='2' repHandlerStruct='' visible='true' inheritsFrom='Structures/SSU/Types/ns/String60Type.xml' namespaceIndex='1' V281='13' V1='4' name='model'>
      </savedDerivedCopy>
      <savedOrigCopyAtInheritsFrom t='167' id='68' V167='21' V283='1' occurMaxTimes='1' minSize='-1' maxSize='60' dataType='2' repHandlerStruct='' inheritsFrom='' namespaceIndex='1' V281='13' V1='4' name='String60Type'>
      </savedOrigCopyAtInheritsFrom>
    </child>
    <child t='167' id='69' V167='21' inheritsFromIncarnation='8' inheritsFromTimestamp='0x14f16e550dc' inheritsInThisStruct='true' V283='1' occurMaxTimes='1' minSize='-1' maxSize='60' inheritsFromCopyRule='20' dataType='2' repHandlerStruct='' visible='true' inheritsFrom='Structures/SSU/Types/ns/String60Type.xml' namespaceIndex='1' V281='13' V1='4' name='serialNo'>
      <structNode t='150' idref='1'/>
      <savedDerivedCopy t='167' id='70' V167='21' needInheritInit='true' inheritsInThisStruct='true' V283='1' occurMaxTimes='1' minSize='-1' maxSize='60' inheritsFromCopyRule='20' dataType='2' repHandlerStruct='' visible='true' inheritsFrom='Structures/SSU/Types/ns/String60Type.xml' namespaceIndex='1' V281='13' V1='4' name='serialNo'>
      </savedDerivedCopy>
      <savedOrigCopyAtInheritsFrom t='167' id='71' V167='21' V283='1' occurMaxTimes='1' minSize='-1' maxSize='60' dataType='2' repHandlerStruct='' inheritsFrom='' namespaceIndex='1' V281='13' V1='4' name='String60Type'>
      </savedOrigCopyAtInheritsFrom>
    </child>
    <child t='167' id='72' V167='21' V283='1' occurMaxTimes='1' minSize='-1' maxSize='-1' dataType='12' repHandlerStruct='' visible='true' inheritsFrom='' namespaceIndex='1' V281='13' V1='4' name='age'>
      <structNode t='150' idref='1'/>
    </child>
    <child t='167' id='73' V167='21' inheritsFromIncarnation='8' inheritsFromTimestamp='0x14f16e550db' inheritsInThisStruct='true' V283='1' occurMaxTimes='1' minSize='-1' maxSize='10' inheritsFromCopyRule='20' dataType='2' repHandlerStruct='' visible='true' inheritsFrom='Structures/SSU/Types/ns/String10Type.xml' namespaceIndex='1' V281='13' V1='4' name='servRef'>
      <structNode t='150' idref='1'/>
      <savedDerivedCopy t='167' id='74' V167='21' needInheritInit='true' inheritsInThisStruct='true' V283='1' occurMaxTimes='1' minSize='-1' maxSize='10' inheritsFromCopyRule='20' dataType='2' repHandlerStruct='' visible='true' inheritsFrom='Structures/SSU/Types/ns/String10Type.xml' namespaceIndex='1' V281='13' V1='4' name='servRef'>
      </savedDerivedCopy>
      <savedOrigCopyAtInheritsFrom t='167' id='75' V167='21' V283='1' occurMaxTimes='1' minSize='-1' maxSize='10' dataType='2' repHandlerStruct='' inheritsFrom='' namespaceIndex='1' V281='13' V1='4' name='String10Type'>
      </savedOrigCopyAtInheritsFrom>
    </child>
    <child t='167' id='76' V167='21' inheritsFromIncarnation='8' inheritsFromTimestamp='0x14f16e550db' inheritsInThisStruct='true' V283='1' occurMaxTimes='1' minSize='-1' maxSize='-1' inheritsFromCopyRule='20' dataType='2' repHandlerStruct='' visible='true' inheritsFrom='Structures/SSU/Types/ns/ServTypeType.xml' namespaceIndex='1' V281='13' V1='4' name='servType'>
      <structNode t='150' idref='1'/>
      <savedDerivedCopy t='167' id='77' V167='21' needInheritInit='true' inheritsInThisStruct='true' V283='1' occurMaxTimes='1' minSize='-1' maxSize='-1' inheritsFromCopyRule='20' dataType='2' repHandlerStruct='' visible='true' inheritsFrom='Structures/SSU/Types/ns/ServTypeType.xml' namespaceIndex='1' V281='13' V1='4' name='servType'>
      </savedDerivedCopy>
      <savedOrigCopyAtInheritsFrom t='167' id='78' V167='21' V283='1' occurMaxTimes='1' minSize='-1' maxSize='-1' dataType='2' repHandlerStruct='' inheritsFrom='' namespaceIndex='1' V281='13' V1='4' name='ServTypeType'>
      </savedOrigCopyAtInheritsFrom>
    </child>
    <child t='167' id='79' V167='21' V283='1' occurMaxTimes='1' minSize='-1' maxSize='-1' dataType='30' repHandlerStruct='' visible='true' inheritsFrom='' namespaceIndex='1' V281='13' V1='4' name='logDate'>
      <structNode t='150' idref='1'/>
    </child>
    <child t='167' id='80' V167='21' V283='1' occurMaxTimes='1' minSize='-1' maxSize='-1' dataType='30' repHandlerStruct='' visible='true' inheritsFrom='' namespaceIndex='1' V281='13' V1='4' name='statDate'>
      <structNode t='150' idref='1'/>
    </child>
    <child t='167' id='81' V167='21' inheritsFromIncarnation='8' inheritsFromTimestamp='0x14f16e550da' inheritsInThisStruct='true' V283='1' occurMinTimes='1' occurMaxTimes='1' minSize='-1' maxSize='-1' inheritsFromCopyRule='20' dataType='2' repHandlerStruct='' visible='true' inheritsFrom='Structures/SSU/Types/ns/ServStatusType.xml' namespaceIndex='1' V281='13' V1='4' name='servStatus'>
      <structNode t='150' idref='1'/>
      <savedDerivedCopy t='167' id='82' V167='21' needInheritInit='true' inheritsInThisStruct='true' V283='1' occurMinTimes='1' occurMaxTimes='1' minSize='-1' maxSize='-1' inheritsFromCopyRule='20' dataType='2' repHandlerStruct='' visible='true' inheritsFrom='Structures/SSU/Types/ns/ServStatusType.xml' namespaceIndex='1' V281='13' V1='4' name='servStatus'>
      </savedDerivedCopy>
      <savedOrigCopyAtInheritsFrom t='167' id='83' V167='21' V283='1' occurMaxTimes='1' minSize='-1' maxSize='-1' dataType='2' repHandlerStruct='' inheritsFrom='' namespaceIndex='1' V281='13' V1='4' name='ServStatusType'>
      </savedOrigCopyAtInheritsFrom>
    </child>
    <child t='167' id='84' V167='21' inheritsFromIncarnation='8' inheritsFromTimestamp='0x14f16e550dc' inheritsInThisStruct='true' V283='1' occurMinTimes='1' occurMaxTimes='1' minSize='-1' maxSize='30' inheritsFromCopyRule='20' dataType='2' repHandlerStruct='' visible='true' inheritsFrom='Structures/SSU/Types/ns/String30Type.xml' namespaceIndex='1' V281='13' V1='4' name='sourceSystem'>
      <structNode t='150' idref='1'/>
      <savedDerivedCopy t='167' id='85' V167='21' needInheritInit='true' inheritsInThisStruct='true' V283='1' occurMinTimes='1' occurMaxTimes='1' minSize='-1' maxSize='30' inheritsFromCopyRule='20' dataType='2' repHandlerStruct='' visible='true' inheritsFrom='Structures/SSU/Types/ns/String30Type.xml' namespaceIndex='1' V281='13' V1='4' name='sourceSystem'>
      </savedDerivedCopy>
      <savedOrigCopyAtInheritsFrom t='167' id='86' V167='21' V283='1' occurMaxTimes='1' minSize='-1' maxSize='30' dataType='2' repHandlerStruct='' inheritsFrom='' namespaceIndex='1' V281='13' V1='4' name='String30Type'>
      </savedOrigCopyAtInheritsFrom>
    </child>
    <child t='167' id='87' V167='21' V283='1' occurMaxTimes='1' minSize='-1' maxSize='-1' dataType='30' repHandlerStruct='' visible='true' inheritsFrom='' namespaceIndex='1' V281='13' V1='4' name='dueDate'>
      <structNode t='150' idref='1'/>
    </child>
    <child t='167' id='88' V167='21' V283='1' occurMaxTimes='1' minSize='-1' maxSize='-1' dataType='30' repHandlerStruct='' visible='true' inheritsFrom='' namespaceIndex='1' V281='13' V1='4' name='installDate'>
      <structNode t='150' idref='1'/>
    </child>
  </rootElem>
  <defaultRep t='172' id='89' V172='6' autoFixNamespaceMismatch='true' V170='10' V692='1' unnamedElemsNamespace='1' V690='1' ignoreExcluded='true' fixInvalidCharacters='true' V1='4' name='XML'>
    <namespaceContainers t='220' ref='Namespace Containers/SSU.xml'/>
  </defaultRep>
  <namespaceList t='161' id='90' V161='1' namespaceUri='___osdtDummy___' V1='4'>
  </namespaceList>
  <namespaceList t='161' id='91' V161='1' namespaceUri='http://service.servicescheduler.homeserve.com' namespacePrefix='ns' V1='4'>
  </namespaceList>
  <child t='162' id='92' V1='4' name='Representations'>
    <child t='172' idref='89'/>
  </child>
  <child t='165' id='93' V1='4' name='Document Bindings'>
    <child t='166' id='94' V166='5' docType='1' V1='4' name='/ns:ScheduledJobsRequest'>
      <elemNode t='167' idref='2'/>
    </child>
  </child>
</root>
