<?xml version="1.0" encoding="UTF-8"?>
<root t='190' id='1' V190='11' inStruct='Structures/ClaimsAdapter/17Dec2015/ClaimsAdapter/Elements/elm/getPolicySummariesRequest.xml' outStruct='Structures/ContractsService/17Dec2015/ContractsService/Elements/hscds/GetContractsRequest.xml' inputRep='172' outputRep='172' nextMap='' inputStructUserName='getPolicySummariesRequest' outputStructUserName='GetContractsRequest' V1='4' name='Request' incarnation='417'>
  <inputMapElem t='200' id='2' V200='7' input='true' shown='5' structElemExists='true' V283='1' occurMinTimes='1' occurMaxTimes='1' minSize='-1' maxSize='-1' groupType='1' repHandlerStruct='' visible='true' inheritsFrom='' namespaceIndex='1' V281='13' V1='4' name='getPolicySummariesRequest'>
    <mapNode t='190' idref='1'/>
    <child t='200' id='3' V200='7' input='true' shown='5' structElemExists='true' V283='1' occurMinTimes='1' occurMaxTimes='1' minSize='-1' maxSize='-1' inheritsFromCopyRule='20' groupType='1' repHandlerStruct='' visible='true' inheritsFrom='Structures/ClaimsAdapter/17Dec2015/ClaimsAdapter/Types/elm/PolicySearchCriteriaDto.xml' namespaceIndex='1' V281='13' V1='4' name='policySearchCriteriaDto' checksumValid='true' checksum='BhLOd/jGj5/Sm8DIlPuSPg1+2q4='>
      <mapNode t='190' idref='1'/>
      <child t='200' id='4' V200='7' input='true' shown='5' structElemExists='true' V283='1' occurMaxTimes='1' minSize='-1' maxSize='-1' dataType='2' repHandlerStruct='' visible='true' inheritsFrom='' namespaceIndex='1' V281='13' V1='4' name='sourceSystem'>
        <mapNode t='190' idref='1'/>
      </child>
      <child t='200' id='5' V200='7' input='true' shown='5' structElemExists='true' V283='1' occurMinTimes='1' occurMaxTimes='1' minSize='-1' maxSize='-1' dataType='12' repHandlerStruct='' visible='true' inheritsFrom='' namespaceIndex='1' V281='13' V1='4' name='maxResults'>
        <mapNode t='190' idref='1'/>
      </child>
      <child t='200' id='6' V200='7' input='true' shown='5' structElemExists='true' valueSetIndex='1' V283='1' occurMinTimes='1' occurMaxTimes='1' minSize='-1' maxSize='-1' dataType='1' repHandlerStruct='' visible='true' inheritsFrom='' namespaceIndex='1' V281='13' V1='4' name='performSupplementarySearch'>
        <mapNode t='190' idref='1'/>
      </child>
      <child t='200' id='7' V200='7' input='true' shown='5' structElemExists='true' V283='1' occurMaxTimes='1' minSize='-1' maxSize='-1' dataType='2' repHandlerStruct='' visible='true' inheritsFrom='' namespaceIndex='1' V281='13' V1='4' name='firstName'>
        <mapNode t='190' idref='1'/>
      </child>
      <child t='200' id='8' V200='7' input='true' shown='5' structElemExists='true' V283='1' occurMaxTimes='1' minSize='-1' maxSize='-1' dataType='2' repHandlerStruct='' visible='true' inheritsFrom='' namespaceIndex='1' V281='13' V1='4' name='lastName'>
        <mapNode t='190' idref='1'/>
      </child>
      <child t='200' id='9' V200='7' input='true' shown='5' structElemExists='true' V283='1' occurMaxTimes='1' minSize='-1' maxSize='-1' dataType='2' repHandlerStruct='' visible='true' inheritsFrom='' namespaceIndex='1' V281='13' V1='4' name='addressline1'>
        <mapNode t='190' idref='1'/>
      </child>
      <child t='200' id='10' V200='7' input='true' shown='5' structElemExists='true' V283='1' occurMaxTimes='1' minSize='-1' maxSize='-1' inheritsFromCopyRule='20' dataType='2' repHandlerStruct='' visible='true' inheritsFrom='Structures/ClaimsAdapter/17Dec2015/ClaimsAdapter/Types/elm/PartialPostcode.xml' namespaceIndex='1' V281='13' V1='4' name='postcode'>
        <mapNode t='190' idref='1'/>
      </child>
      <child t='200' id='11' V200='7' input='true' shown='5' structElemExists='true' V283='1' occurMaxTimes='1' minSize='-1' maxSize='-1' dataType='2' repHandlerStruct='' visible='true' inheritsFrom='' namespaceIndex='1' V281='13' V1='4' name='policyNumber'>
        <mapNode t='190' idref='1'/>
      </child>
      <child t='200' id='12' V200='7' input='true' shown='5' structElemExists='true' V283='1' occurMaxTimes='1' minSize='-1' maxSize='-1' dataType='2' repHandlerStruct='' visible='true' inheritsFrom='' namespaceIndex='1' V281='13' V1='4' name='customerId'>
        <mapNode t='190' idref='1'/>
      </child>
    </child>
  </inputMapElem>
  <outputMapElem t='200' id='13' V200='7' shown='5' structElemExists='true' V283='1' occurMinTimes='1' occurMaxTimes='1' minSize='-1' maxSize='-1' inheritsFromCopyRule='20' groupType='1' repHandlerStruct='' visible='true' inheritsFrom='Structures/ContractsService/17Dec2015/ContractsService/Types/hsegcccdo/GetContractsRequestType.xml' namespaceIndex='1' V281='13' modifiedFromParent_loop='true' V1='4' name='GetContractsRequest'>
    <mapNode t='190' idref='1'/>
    <loop>SimpleLoop([autoAdded="true"],in$/elm:getPolicySummariesRequest,{Filter},{Sort Keys},{Contexts})</loop>
    <child t='200' id='14' V200='7' shown='5' unrolled='true' structElemExists='true' V283='1' occurMaxTimes='-1' minSize='-1' maxSize='-1' dataType='2' repHandlerStruct='' visible='true' inheritsFrom='' namespaceIndex='2' V281='13' modifiedFromParent_value='true' V1='4' name='ContractID'>
      <mapNode t='190' idref='1'/>
      <value>in$/elm:getPolicySummariesRequest/elm:policySearchCriteriaDto/elm:policyNumber</value>
    </child>
    <child t='200' id='15' V200='7' shown='5' structElemExists='true' V283='1' occurMaxTimes='-1' minSize='-1' maxSize='-1' dataType='2' repHandlerStruct='' visible='true' inheritsFrom='' namespaceIndex='2' V281='13' V1='4' name='ContractID'>
      <mapNode t='190' idref='1'/>
    </child>
    <child t='200' id='16' V200='7' shown='5' structElemExists='true' V283='1' occurMaxTimes='1' minSize='-1' maxSize='-1' dataType='2' repHandlerStruct='' visible='true' inheritsFrom='' namespaceIndex='2' V281='13' modifiedFromParent_value='true' V1='4' name='CustomerAccountNumber'>
      <mapNode t='190' idref='1'/>
      <value>in$/elm:getPolicySummariesRequest/elm:policySearchCriteriaDto/elm:customerId</value>
    </child>
    <child t='200' id='17' V200='7' shown='5' structElemExists='true' V283='1' occurMaxTimes='1' minSize='-1' maxSize='-1' inheritsFromCopyRule='20' groupType='1' repHandlerStruct='' visible='true' inheritsFrom='Structures/ContractsService/17Dec2015/ContractsService/Types/hsgc/CustomerNameType.xml' namespaceIndex='2' V281='13' modifiedFromParent_emit='true' V1='4' name='CustomerName'>
      <mapNode t='190' idref='1'/>
      <emit>IsPresent(in$/elm:getPolicySummariesRequest/elm:policySearchCriteriaDto)</emit>
      <child t='200' id='18' V200='7' shown='5' structElemExists='true' V283='1' occurMaxTimes='1' minSize='-1' maxSize='-1' dataType='2' repHandlerStruct='' visible='true' inheritsFrom='' namespaceIndex='3' V281='13' V1='4' name='Title'>
        <mapNode t='190' idref='1'/>
      </child>
      <child t='200' id='19' V200='7' shown='5' structElemExists='true' V283='1' occurMaxTimes='1' minSize='-1' maxSize='-1' dataType='2' repHandlerStruct='' visible='true' inheritsFrom='' namespaceIndex='3' V281='13' modifiedFromParent_value='true' V1='4' name='FirstName'>
        <mapNode t='190' idref='1'/>
        <value>in$/elm:getPolicySummariesRequest/elm:policySearchCriteriaDto/elm:firstName</value>
      </child>
      <child t='200' id='20' V200='7' shown='5' structElemExists='true' V283='1' occurMaxTimes='1' minSize='-1' maxSize='-1' dataType='2' repHandlerStruct='' visible='true' inheritsFrom='' namespaceIndex='3' V281='13' V1='4' name='MiddleName'>
        <mapNode t='190' idref='1'/>
      </child>
      <child t='200' id='21' V200='7' shown='5' structElemExists='true' V283='1' occurMaxTimes='1' minSize='-1' maxSize='-1' dataType='2' repHandlerStruct='' visible='true' inheritsFrom='' namespaceIndex='3' V281='13' modifiedFromParent_value='true' V1='4' name='LastName'>
        <mapNode t='190' idref='1'/>
        <value>in$/elm:getPolicySummariesRequest/elm:policySearchCriteriaDto/elm:lastName</value>
      </child>
      <child t='200' id='22' V200='7' shown='5' structElemExists='true' V283='1' occurMaxTimes='1' minSize='-1' maxSize='-1' dataType='2' repHandlerStruct='' visible='true' inheritsFrom='' namespaceIndex='3' V281='13' V1='4' name='Suffix'>
        <mapNode t='190' idref='1'/>
      </child>
    </child>
    <child t='200' id='23' V200='7' shown='5' structElemExists='true' V283='1' occurMaxTimes='1' minSize='-1' maxSize='-1' inheritsFromCopyRule='20' groupType='1' repHandlerStruct='' visible='true' inheritsFrom='Structures/ContractsService/17Dec2015/ContractsService/Types/hsgcd/ContactDetailsType.xml' namespaceIndex='2' V281='13' V1='4' name='ContactDetails'>
      <mapNode t='190' idref='1'/>
      <child t='200' id='24' V200='7' shown='5' structElemExists='true' V283='1' occurMaxTimes='-1' minSize='-1' maxSize='-1' inheritsFromCopyRule='20' groupType='1' repHandlerStruct='' visible='true' inheritsFrom='Structures/ContractsService/17Dec2015/ContractsService/Types/hsgcd/ContactDetailsEmailType.xml' namespaceIndex='4' V281='13' V1='4' name='Email'>
        <mapNode t='190' idref='1'/>
        <child t='200' id='25' V200='7' shown='5' structElemExists='true' V283='1' occurMinTimes='1' occurMaxTimes='1' minSize='-1' maxSize='-1' dataType='2' repHandlerStruct='' visible='true' inheritsFrom='' namespaceIndex='4' V281='13' V1='4' name='EmailAddress'>
          <mapNode t='190' idref='1'/>
        </child>
        <child t='200' id='26' V200='7' shown='5' structElemExists='true' valueSetIndex='4' V283='1' occurMinTimes='1' occurMaxTimes='1' minSize='-1' maxSize='-1' inheritsFromCopyRule='20' dataType='2' repHandlerStruct='' visible='true' inheritsFrom='Structures/ContractsService/17Dec2015/ContractsService/Types/hsgcd/EmailTypeEnum.xml' namespaceIndex='4' V281='13' V1='4' name='Type'>
          <mapNode t='190' idref='1'/>
        </child>
      </child>
      <child t='200' id='27' V200='7' shown='5' structElemExists='true' V283='1' occurMaxTimes='-1' minSize='-1' maxSize='-1' inheritsFromCopyRule='20' groupType='1' repHandlerStruct='' visible='true' inheritsFrom='Structures/ContractsService/17Dec2015/ContractsService/Types/hsgcd/ContactDetailsPhoneType.xml' namespaceIndex='4' V281='13' V1='4' name='Phone'>
        <mapNode t='190' idref='1'/>
        <child t='200' id='28' V200='7' shown='5' structElemExists='true' V283='1' occurMinTimes='1' occurMaxTimes='1' minSize='-1' maxSize='-1' dataType='2' repHandlerStruct='' visible='true' inheritsFrom='' namespaceIndex='4' V281='13' V1='4' name='Number'>
          <mapNode t='190' idref='1'/>
        </child>
        <child t='200' id='29' V200='7' shown='5' structElemExists='true' valueSetIndex='5' V283='1' occurMinTimes='1' occurMaxTimes='1' minSize='-1' maxSize='-1' inheritsFromCopyRule='20' dataType='2' repHandlerStruct='' visible='true' inheritsFrom='Structures/ContractsService/17Dec2015/ContractsService/Types/hsgcd/PhoneTypeEnum.xml' namespaceIndex='4' V281='13' V1='4' name='Type'>
          <mapNode t='190' idref='1'/>
        </child>
      </child>
    </child>
    <child t='200' id='30' V200='7' shown='5' structElemExists='true' V283='1' occurMaxTimes='1' minSize='-1' maxSize='-1' inheritsFromCopyRule='20' groupType='1' repHandlerStruct='' visible='true' inheritsFrom='Structures/ContractsService/17Dec2015/ContractsService/Types/hsega/AddressType.xml' namespaceIndex='2' V281='13' modifiedFromParent_emit='true' V1='4' name='Address' checksumValid='true' checksum='aKO4FC5F3NfruaGDjirCl7KZvpI='>
      <mapNode t='190' idref='1'/>
      <emit>IsPresent(in$/elm:getPolicySummariesRequest/elm:policySearchCriteriaDto)</emit>
      <child t='200' id='31' V200='7' shown='5' structElemExists='true' valueSetIndex='2' V283='1' occurMinTimes='1' occurMaxTimes='1' minSize='-1' maxSize='-1' inheritsFromCopyRule='20' dataType='2' repHandlerStruct='' visible='true' inheritsFrom='Structures/ContractsService/17Dec2015/ContractsService/Types/hsega/AddressTypeEnum.xml' namespaceIndex='5' V281='13' V1='4' name='AddressType'>
        <mapNode t='190' idref='1'/>
      </child>
      <child t='200' id='32' V200='7' shown='5' structElemExists='true' V283='1' occurMaxTimes='1' minSize='-1' maxSize='-1' dataType='2' repHandlerStruct='' visible='true' inheritsFrom='' namespaceIndex='5' V281='13' V1='4' name='FlatNumber'>
        <mapNode t='190' idref='1'/>
      </child>
      <child t='200' id='33' V200='7' shown='5' structElemExists='true' V283='1' occurMaxTimes='1' minSize='-1' maxSize='-1' dataType='2' repHandlerStruct='' visible='true' inheritsFrom='' namespaceIndex='5' V281='13' V1='4' name='BuildingName'>
        <mapNode t='190' idref='1'/>
      </child>
      <child t='200' id='34' V200='7' shown='5' structElemExists='true' V283='1' occurMaxTimes='1' minSize='-1' maxSize='-1' dataType='2' repHandlerStruct='' visible='true' inheritsFrom='' namespaceIndex='5' V281='13' modifiedFromParent_value='true' V1='4' name='BuildingNumber'>
        <mapNode t='190' idref='1'/>
        <value>Constant([value="12",dataType="2"],)</value>
      </child>
      <child t='200' id='35' V200='7' shown='5' structElemExists='true' V283='1' occurMaxTimes='1' minSize='-1' maxSize='-1' dataType='2' repHandlerStruct='' visible='true' inheritsFrom='' namespaceIndex='5' V281='13' V1='4' name='SubStreet'>
        <mapNode t='190' idref='1'/>
      </child>
      <child t='200' id='36' V200='7' shown='5' structElemExists='true' V283='1' occurMaxTimes='1' minSize='-1' maxSize='-1' dataType='2' repHandlerStruct='' visible='true' inheritsFrom='' namespaceIndex='5' V281='13' modifiedFromParent_value='true' V1='4' name='Street'>
        <mapNode t='190' idref='1'/>
        <value>in$/elm:getPolicySummariesRequest/elm:policySearchCriteriaDto/elm:addressline1</value>
      </child>
      <child t='200' id='37' V200='7' shown='5' structElemExists='true' V283='1' occurMaxTimes='1' minSize='-1' maxSize='-1' dataType='2' repHandlerStruct='' visible='true' inheritsFrom='' namespaceIndex='5' V281='13' V1='4' name='City'>
        <mapNode t='190' idref='1'/>
      </child>
      <child t='200' id='38' V200='7' shown='5' structElemExists='true' V283='1' occurMaxTimes='1' minSize='-1' maxSize='-1' dataType='2' repHandlerStruct='' visible='true' inheritsFrom='' namespaceIndex='5' V281='13' V1='4' name='County'>
        <mapNode t='190' idref='1'/>
      </child>
      <child t='200' id='39' V200='7' shown='5' structElemExists='true' valueSetIndex='3' V283='1' occurMaxTimes='1' minSize='-1' maxSize='-1' inheritsFromCopyRule='20' dataType='2' repHandlerStruct='' visible='true' inheritsFrom='Structures/ContractsService/17Dec2015/ContractsService/Types/hsgcm/CountryCodeEnum.xml' namespaceIndex='5' V281='13' V1='4' name='Country'>
        <mapNode t='190' idref='1'/>
      </child>
      <child t='200' id='40' V200='7' shown='5' structElemExists='true' V283='1' occurMaxTimes='1' minSize='-1' maxSize='-1' dataType='2' repHandlerStruct='' visible='true' inheritsFrom='' namespaceIndex='5' V281='13' V1='4' name='POBox'>
        <mapNode t='190' idref='1'/>
      </child>
      <child t='200' id='41' V200='7' shown='5' structElemExists='true' V283='1' occurMinTimes='1' occurMaxTimes='1' minSize='-1' maxSize='-1' dataType='2' repHandlerStruct='' visible='true' inheritsFrom='' namespaceIndex='5' V281='13' modifiedFromParent_value='true' V1='4' name='Postcode'>
        <mapNode t='190' idref='1'/>
        <value>in$/elm:getPolicySummariesRequest/elm:policySearchCriteriaDto/elm:postcode</value>
      </child>
      <child t='200' id='42' V200='7' shown='5' structElemExists='true' V283='1' occurMaxTimes='1' minSize='-1' maxSize='-1' dataType='2' repHandlerStruct='' visible='true' inheritsFrom='' namespaceIndex='5' V281='13' V1='4' name='DPS'>
        <mapNode t='190' idref='1'/>
      </child>
      <child t='200' id='43' V200='7' shown='5' structElemExists='true' V283='1' occurMaxTimes='1' minSize='-1' maxSize='-1' dataType='2' repHandlerStruct='' visible='true' inheritsFrom='' namespaceIndex='5' V281='13' V1='4' name='ExtAddressKey'>
        <mapNode t='190' idref='1'/>
      </child>
    </child>
  </outputMapElem>
  <inputNsList t='161' id='44' V161='1' namespaceUri='___osdtDummy___' V1='4'>
  </inputNsList>
  <inputNsList t='161' id='45' V161='1' namespaceUri='http://www.homeserve.com/Global/Customer/Claim/ClaimsAdapter/v1' namespacePrefix='elm' V1='4'>
  </inputNsList>
  <outputNsList t='161' id='46' V161='1' namespaceUri='___osdtDummy___' V1='4'>
  </outputNsList>
  <outputNsList t='161' id='47' V161='1' namespaceUri='http://www.homeserve.com/Europe/GB/Customer/Contract/ContractService/v1' namespacePrefix='hscds' V1='4'>
  </outputNsList>
  <outputNsList t='161' id='48' V161='1' namespaceUri='http://www.homeserve.com/Europe/GB/Customer/Contract/ContractServiceOperations/v1' namespacePrefix='hsegcccdo' V1='4'>
  </outputNsList>
  <outputNsList t='161' id='49' V161='1' namespaceUri='http://www.homeserve.com/Global/Customer/v1' namespacePrefix='hsgc' V1='4'>
  </outputNsList>
  <outputNsList t='161' id='50' V161='1' namespaceUri='http://www.homeserve.com/Global/Customer/ContactDetails/v1' namespacePrefix='hsgcd' V1='4'>
  </outputNsList>
  <outputNsList t='161' id='51' V161='1' namespaceUri='http://www.homeserve.com/Europe/GB/Address/v1' namespacePrefix='hsega' V1='4'>
  </outputNsList>
  <inputRepRuntime t='692' id='52' V692='1' unnamedElemsNamespace='1' V690='1'>
    <namespaceContainers t='220' ref='Namespace Containers/ClaimsAdapter_17Dec2015_ClaimsAdapter.xml'/>
  </inputRepRuntime>
  <outputRepRuntime t='692' id='53' V692='1' V690='1'>
    <namespaceContainers t='220' ref='Namespace Containers/ContractsService_17Dec2015_ContractsService.xml'/>
  </outputRepRuntime>
  <valueSets></valueSets>
  <valueSets>true|false</valueSets>
  <valueSets>Billing|Service|Correspondence</valueSets>
  <valueSets>GB</valueSets>
  <valueSets>Home|Work|Other</valueSets>
  <valueSets>Home|Work|Mobile|Other</valueSets>
  <valueSetKeys>Structures/ContractsService/17Dec2015/ContractsService/Types/hsgcd/PhoneTypeEnum.xml</valueSetKeys>
  <valueSetKeys>5</valueSetKeys>
  <inputXmlRepRuntime t='692' idref='52'/>
  <outputXmlRepRuntime t='692' idref='53'/>
  <child t='165' id='54' V1='4' name='Document Bindings'>
    <child t='166' id='55' V166='5' docType='1' V1='4' name='in$/elm:getPolicySummariesRequest'>
      <elemNode t='200' idref='2'/>
    </child>
    <child t='166' id='56' V166='5' docType='2' V1='4' name='out$/hscds:GetContractsRequest'>
      <elemNode t='200' idref='13'/>
    </child>
  </child>
  <child t='201' id='57' V1='4' name='Inherits From'>
  </child>
</root>
