<?xml version="1.0" encoding="UTF-8"?>
<root t='220' id='1' V220='3' V1='4' name='ProductMapping_V2_ProductMapping_V2_0.1' incarnation='30'>
  <namespaceRoot t='221' id='2' V222='3' V1='4'>
    <namespaceContainer t='220' idref='1'/>
    <child t='222' id='3' V222='3' namespaceUri='http://www.w3.org/2001/XMLSchema' V1='4' name='xs'>
      <namespaceContainer t='220' idref='1'/>
    </child>
    <child t='222' id='4' V222='3' namespaceUri='http://www.w3.org/2001/XMLSchema-instance' V1='4' name='xsi'>
      <namespaceContainer t='220' idref='1'/>
    </child>
    <child t='222' id='5' V222='3' namespaceUri='http://www.homeserve.com/Global/Common/CommonService/v1' V1='4' name='hsgco'>
      <namespaceContainer t='220' idref='1'/>
    </child>
    <child t='222' id='6' V222='3' namespaceUri='http://www.homeserve.com/Global/ProductMapping/ProductMappingService/v1' V1='4' name='pm'>
      <namespaceContainer t='220' idref='1'/>
    </child>
    <child t='222' id='7' V222='3' namespaceUri='http://schemas.xmlsoap.org/wsdl/soap/' V1='4' name='soap'>
      <namespaceContainer t='220' idref='1'/>
    </child>
    <child t='222' id='8' V222='3' namespaceUri='http://schemas.xmlsoap.org/wsdl/' V1='4' name='wsdl'>
      <namespaceContainer t='220' idref='1'/>
    </child>
    <child t='222' id='9' V222='3' namespaceUri='http://www.homeserve.com/Global/Common/v1' V1='4' name='hsgcm'>
      <namespaceContainer t='220' idref='1'/>
    </child>
    <child t='222' id='10' V222='3' namespaceUri='http://www.homeserve.com/Global/ProductMapping/ProductMappingServiceOperations/v2' V1='4' name='hsgpd'>
      <namespaceContainer t='220' idref='1'/>
    </child>
    <child t='222' id='11' V222='3' namespaceUri='http://www.homeserve.com/Global/ProductMapping/v1' V1='4' name='hspm'>
      <namespaceContainer t='220' idref='1'/>
    </child>
  </namespaceRoot>
</root>
