<?xml version="1.0" encoding="UTF-8"?>
<root t='220' id='1' V220='3' V1='4' name='SSU' incarnation='46'>
  <namespaceRoot t='221' id='2' V222='3' V1='4'>
    <namespaceContainer t='220' idref='1'/>
    <child t='222' id='3' V222='3' namespaceUri='http://www.w3.org/2001/XMLSchema' V1='4' name='xs'>
      <namespaceContainer t='220' idref='1'/>
    </child>
    <child t='222' id='4' V222='3' namespaceUri='http://www.w3.org/2001/XMLSchema-instance' V1='4' name='xsi'>
      <namespaceContainer t='220' idref='1'/>
    </child>
    <child t='222' id='5' V222='3' namespaceUri='http://dao.springframework.org/xsd' V1='4' name='ax21'>
      <namespaceContainer t='220' idref='1'/>
    </child>
    <child t='222' id='6' V222='3' namespaceUri='http://core.springframework.org/xsd' V1='4' name='ax22'>
      <namespaceContainer t='220' idref='1'/>
    </child>
    <child t='222' id='7' V222='3' namespaceUri='http://exceptions.servicescheduler.homeserve.com/xsd' V1='4' name='ax25'>
      <namespaceContainer t='220' idref='1'/>
    </child>
    <child t='222' id='8' V222='3' namespaceUri='http://dto.service.servicescheduler.homeserve.com/xsd' V1='4' name='ax27'>
      <namespaceContainer t='220' idref='1'/>
    </child>
    <child t='222' id='9' V222='3' namespaceUri='http://schema.service.servicescheduler.homeserve.com/xsd' V1='4' name='cc'>
      <namespaceContainer t='220' idref='1'/>
    </child>
    <child t='222' id='10' V222='3' namespaceUri='http://schemas.xmlsoap.org/wsdl/http/' V1='4' name='http'>
      <namespaceContainer t='220' idref='1'/>
    </child>
    <child t='222' id='11' V222='3' namespaceUri='http://schemas.xmlsoap.org/wsdl/mime/' V1='4' name='mime'>
      <namespaceContainer t='220' idref='1'/>
    </child>
    <child t='222' id='12' V222='3' namespaceUri='http://service.servicescheduler.homeserve.com' V1='4' name='ns'>
      <namespaceContainer t='220' idref='1'/>
    </child>
    <child t='222' id='13' V222='3' namespaceUri='http://org.apache.axis2/xsd' V1='4' name='ns1'>
      <namespaceContainer t='220' idref='1'/>
    </child>
    <child t='222' id='14' V222='3' namespaceUri='http://schemas.xmlsoap.org/wsdl/soap/' V1='4' name='soap'>
      <namespaceContainer t='220' idref='1'/>
    </child>
    <child t='222' id='15' V222='3' namespaceUri='http://schemas.xmlsoap.org/wsdl/soap12/' V1='4' name='soap12'>
      <namespaceContainer t='220' idref='1'/>
    </child>
    <child t='222' id='16' V222='3' namespaceUri='http://www.w3.org/2006/05/addressing/wsdl' V1='4' name='wsaw'>
      <namespaceContainer t='220' idref='1'/>
    </child>
    <child t='222' id='17' V222='3' namespaceUri='http://schemas.xmlsoap.org/wsdl/' V1='4' name='wsdl'>
      <namespaceContainer t='220' idref='1'/>
    </child>
  </namespaceRoot>
</root>
