<?xml version="1.0" encoding="UTF-8"?>
<root t='150' id='1' V150='13' creationTimestamp='0x1611d4a2fac' V1='4' name='GetCustomerAccountDetailsFault' incarnation='9'>
  <rootElem t='167' id='2' V167='21' inheritsFromIncarnation='8' inheritsFromTimestamp='0x1611d4a2ed1' inheritsInThisStruct='true' V283='1' occurMinTimes='1' occurMaxTimes='1' minSize='-1' maxSize='-1' inheritsFromCopyRule='20' groupType='1' repHandlerStruct='' visible='true' inheritsFrom='Structures/WebIntegration_v2/AccountManagementService/6_4_1_V117/AccountManagementService_ESB_V117_0.1/Types/hsgcc/FaultType.xml' namespaceIndex='1' V281='13' V1='4' name='GetCustomerAccountDetailsFault'>
    <structNode t='150' idref='1'/>
    <savedDerivedCopy t='167' id='3' V167='21' needInheritInit='true' inheritsInThisStruct='true' V283='1' occurMinTimes='1' occurMaxTimes='1' minSize='-1' maxSize='-1' inheritsFromCopyRule='20' groupType='1' repHandlerStruct='' visible='true' inheritsFrom='Structures/WebIntegration_v2/AccountManagementService/6_4_1_V117/AccountManagementService_ESB_V117_0.1/Types/hsgcc/FaultType.xml' namespaceIndex='1' V281='13' V1='4' name='GetCustomerAccountDetailsFault'>
    </savedDerivedCopy>
    <savedOrigCopyAtInheritsFrom t='167' id='4' V167='21' V283='1' occurMaxTimes='1' minSize='-1' maxSize='-1' groupType='1' repHandlerStruct='' inheritsFrom='' namespaceIndex='1' V281='13' V1='4' name='FaultType'>
    </savedOrigCopyAtInheritsFrom>
  </rootElem>
  <defaultRep t='172' id='5' V172='6' autoFixNamespaceMismatch='true' V170='10' V692='1' V690='1' ignoreExcluded='true' fixInvalidCharacters='true' V1='4' name='XML'>
    <namespaceContainers t='220' ref='Namespace Containers/WebIntegration_v2_AccountManagementService_6_4_1_V117_AccountManagementService_ESB_V117_0.1.xml'/>
  </defaultRep>
  <namespaceList t='161' id='6' V161='1' namespaceUri='___osdtDummy___' V1='4'>
  </namespaceList>
  <namespaceList t='161' id='7' V161='1' namespaceUri='http://www.homeserve.com/Europe/GB/Customer/Account/AccountManagementService/v1' namespacePrefix='hscams' V1='4'>
  </namespaceList>
  <namespaceList t='161' id='8' V161='1' namespaceUri='http://www.homeserve.com/Global/Common/CommonService/v1' namespacePrefix='hsgcc' V1='4'>
  </namespaceList>
  <child t='162' id='9' V1='4' name='Representations'>
    <child t='172' idref='5'/>
  </child>
  <child t='165' id='10' V1='4' name='Document Bindings'>
    <child t='166' id='11' V166='5' docType='1' V1='4' name='/hscams:GetCustomerAccountDetailsFault'>
      <elemNode t='167' idref='2'/>
    </child>
  </child>
</root>
