<?xml version="1.0" encoding="UTF-8"?>
<root t='150' id='1' V150='13' creationTimestamp='0x157cda0c43c' V1='4' name='CustomerType' incarnation='14'>
  <rootElem t='167' id='2' V167='21' V283='1' occurMaxTimes='1' minSize='-1' maxSize='-1' groupType='1' repHandlerStruct='' inheritsFrom='' namespaceIndex='1' V281='13' V1='4' name='CustomerType'>
    <structNode t='150' idref='1'/>
    <child t='167' id='3' V167='21' V283='1' occurMaxTimes='1' minSize='-1' maxSize='-1' dataType='2' repHandlerStruct='' visible='true' inheritsFrom='' namespaceIndex='1' V281='13' V1='4' name='SourceCustomerID'>
      <structNode t='150' idref='1'/>
    </child>
    <child t='167' id='4' V167='21' V283='1' occurMinTimes='1' occurMaxTimes='1' minSize='-1' maxSize='-1' dataType='2' repHandlerStruct='' visible='true' inheritsFrom='' namespaceIndex='1' V281='13' V1='4' name='CustomerAccountNumber'>
      <structNode t='150' idref='1'/>
    </child>
    <child t='167' id='5' V167='21' inheritsFromIncarnation='8' inheritsFromTimestamp='0x157cda0c46b' inheritsInThisStruct='true' V283='1' occurMinTimes='1' occurMaxTimes='1' minSize='-1' maxSize='-1' inheritsFromCopyRule='20' groupType='1' repHandlerStruct='' visible='true' inheritsFrom='Structures/WebIntegration_v2/AccountManagementService/AccountManagementService_ESB_94/Types/Q1/PartyDetailsType.xml' namespaceIndex='1' V281='13' V1='4' name='PartyDetails'>
      <structNode t='150' idref='1'/>
      <savedDerivedCopy t='167' id='6' V167='21' needInheritInit='true' inheritsInThisStruct='true' V283='1' occurMinTimes='1' occurMaxTimes='1' minSize='-1' maxSize='-1' inheritsFromCopyRule='20' groupType='1' repHandlerStruct='' visible='true' inheritsFrom='Structures/WebIntegration_v2/AccountManagementService/AccountManagementService_ESB_94/Types/Q1/PartyDetailsType.xml' namespaceIndex='1' V281='13' V1='4' name='PartyDetails'>
      </savedDerivedCopy>
      <savedOrigCopyAtInheritsFrom t='167' id='7' V167='21' V283='1' occurMaxTimes='1' minSize='-1' maxSize='-1' groupType='1' repHandlerStruct='' inheritsFrom='' namespaceIndex='1' V281='13' V1='4' name='PartyDetailsType'>
      </savedOrigCopyAtInheritsFrom>
    </child>
    <child t='167' id='8' V167='21' V283='1' occurMinTimes='1' occurMaxTimes='1' minSize='-1' maxSize='-1' groupType='2' repHandlerStruct='' inheritsFrom='' V281='13' V1='4' name='Anonymous_choice'>
      <structNode t='150' idref='1'/>
      <child t='167' id='9' V167='21' inheritsFromIncarnation='11' inheritsFromTimestamp='0x157cda0c47b' inheritsInThisStruct='true' V283='1' occurMinTimes='1' occurMaxTimes='1' minSize='-1' maxSize='-1' inheritsFromCopyRule='20' groupType='1' repHandlerStruct='' visible='true' inheritsFrom='Structures/WebIntegration_v2/AccountManagementService/AccountManagementService_ESB_94/Types/Q1/PersonType.xml' namespaceIndex='1' V281='13' V1='4' name='Person'>
        <structNode t='150' idref='1'/>
        <savedDerivedCopy t='167' id='10' V167='21' needInheritInit='true' inheritsInThisStruct='true' V283='1' occurMinTimes='1' occurMaxTimes='1' minSize='-1' maxSize='-1' inheritsFromCopyRule='20' groupType='1' repHandlerStruct='' visible='true' inheritsFrom='Structures/WebIntegration_v2/AccountManagementService/AccountManagementService_ESB_94/Types/Q1/PersonType.xml' namespaceIndex='1' V281='13' V1='4' name='Person'>
        </savedDerivedCopy>
        <savedOrigCopyAtInheritsFrom t='167' id='11' V167='21' V283='1' occurMaxTimes='1' minSize='-1' maxSize='-1' groupType='1' repHandlerStruct='' inheritsFrom='' namespaceIndex='1' V281='13' V1='4' name='PersonType'>
        </savedOrigCopyAtInheritsFrom>
      </child>
      <child t='167' id='12' V167='21' inheritsFromIncarnation='9' inheritsFromTimestamp='0x157cda0c46b' inheritsInThisStruct='true' V283='1' occurMinTimes='1' occurMaxTimes='1' minSize='-1' maxSize='-1' inheritsFromCopyRule='20' groupType='1' repHandlerStruct='' visible='true' inheritsFrom='Structures/WebIntegration_v2/AccountManagementService/AccountManagementService_ESB_94/Types/Q1/OrganisationType.xml' namespaceIndex='1' V281='13' V1='4' name='Organisation'>
        <structNode t='150' idref='1'/>
        <savedDerivedCopy t='167' id='13' V167='21' needInheritInit='true' inheritsInThisStruct='true' V283='1' occurMinTimes='1' occurMaxTimes='1' minSize='-1' maxSize='-1' inheritsFromCopyRule='20' groupType='1' repHandlerStruct='' visible='true' inheritsFrom='Structures/WebIntegration_v2/AccountManagementService/AccountManagementService_ESB_94/Types/Q1/OrganisationType.xml' namespaceIndex='1' V281='13' V1='4' name='Organisation'>
        </savedDerivedCopy>
        <savedOrigCopyAtInheritsFrom t='167' id='14' V167='21' V283='1' occurMaxTimes='1' minSize='-1' maxSize='-1' groupType='1' repHandlerStruct='' inheritsFrom='' namespaceIndex='1' V281='13' V1='4' name='OrganisationType'>
        </savedOrigCopyAtInheritsFrom>
      </child>
    </child>
    <child t='167' id='15' V167='21' inheritsFromIncarnation='9' inheritsFromTimestamp='0x157cda0b0c8' inheritsInThisStruct='true' V283='1' occurMinTimes='1' occurMaxTimes='1' minSize='-1' maxSize='-1' inheritsFromCopyRule='20' groupType='1' repHandlerStruct='' visible='true' inheritsFrom='Structures/WebIntegration_v2/AccountManagementService/AccountManagementService_ESB_94/Types/hsega/AddressesType.xml' namespaceIndex='1' V281='13' V1='4' name='Addresses'>
      <structNode t='150' idref='1'/>
      <savedDerivedCopy t='167' id='16' V167='21' needInheritInit='true' inheritsInThisStruct='true' V283='1' occurMinTimes='1' occurMaxTimes='1' minSize='-1' maxSize='-1' inheritsFromCopyRule='20' groupType='1' repHandlerStruct='' visible='true' inheritsFrom='Structures/WebIntegration_v2/AccountManagementService/AccountManagementService_ESB_94/Types/hsega/AddressesType.xml' namespaceIndex='1' V281='13' V1='4' name='Addresses'>
      </savedDerivedCopy>
      <savedOrigCopyAtInheritsFrom t='167' id='17' V167='21' V283='1' occurMaxTimes='1' minSize='-1' maxSize='-1' groupType='1' repHandlerStruct='' inheritsFrom='' namespaceIndex='1' V281='13' V1='4' name='AddressesType'>
      </savedOrigCopyAtInheritsFrom>
    </child>
    <child t='167' id='18' V167='21' inheritsFromIncarnation='10' inheritsFromTimestamp='0x157cda0c11e' inheritsInThisStruct='true' V283='1' occurMaxTimes='1' minSize='-1' maxSize='-1' inheritsFromCopyRule='20' groupType='1' repHandlerStruct='' visible='true' inheritsFrom='Structures/WebIntegration_v2/AccountManagementService/AccountManagementService_ESB_94/Types/hsgcd/ContactDetailsType.xml' namespaceIndex='1' V281='13' V1='4' name='ContactDetails'>
      <structNode t='150' idref='1'/>
      <savedDerivedCopy t='167' id='19' V167='21' needInheritInit='true' inheritsInThisStruct='true' V283='1' occurMaxTimes='1' minSize='-1' maxSize='-1' inheritsFromCopyRule='20' groupType='1' repHandlerStruct='' visible='true' inheritsFrom='Structures/WebIntegration_v2/AccountManagementService/AccountManagementService_ESB_94/Types/hsgcd/ContactDetailsType.xml' namespaceIndex='1' V281='13' V1='4' name='ContactDetails'>
      </savedDerivedCopy>
      <savedOrigCopyAtInheritsFrom t='167' id='20' V167='21' V283='1' occurMaxTimes='1' minSize='-1' maxSize='-1' groupType='1' repHandlerStruct='' inheritsFrom='' namespaceIndex='1' V281='13' V1='4' name='ContactDetailsType'>
      </savedOrigCopyAtInheritsFrom>
    </child>
    <child t='167' id='21' V167='21' inheritsFromIncarnation='9' inheritsFromTimestamp='0x157cda0c47b' inheritsInThisStruct='true' V283='1' occurMaxTimes='1' minSize='-1' maxSize='-1' inheritsFromCopyRule='20' groupType='1' repHandlerStruct='' visible='true' inheritsFrom='Structures/WebIntegration_v2/AccountManagementService/AccountManagementService_ESB_94/Types/Q1/PreferencesDetailsType.xml' namespaceIndex='1' V281='13' V1='4' name='PreferencesDetails'>
      <structNode t='150' idref='1'/>
      <savedDerivedCopy t='167' id='22' V167='21' needInheritInit='true' inheritsInThisStruct='true' V283='1' occurMaxTimes='1' minSize='-1' maxSize='-1' inheritsFromCopyRule='20' groupType='1' repHandlerStruct='' visible='true' inheritsFrom='Structures/WebIntegration_v2/AccountManagementService/AccountManagementService_ESB_94/Types/Q1/PreferencesDetailsType.xml' namespaceIndex='1' V281='13' V1='4' name='PreferencesDetails'>
      </savedDerivedCopy>
      <savedOrigCopyAtInheritsFrom t='167' id='23' V167='21' V283='1' occurMaxTimes='1' minSize='-1' maxSize='-1' groupType='1' repHandlerStruct='' inheritsFrom='' namespaceIndex='1' V281='13' V1='4' name='PreferencesDetailsType'>
      </savedOrigCopyAtInheritsFrom>
    </child>
    <child t='167' id='24' V167='21' V283='1' occurMaxTimes='1' minSize='-1' maxSize='-1' dataType='31' repHandlerStruct='' visible='true' inheritsFrom='' namespaceIndex='1' V281='13' V1='4' name='VintageEffectiveDate'>
      <structNode t='150' idref='1'/>
    </child>
    <child t='167' id='25' V167='21' V283='1' occurMaxTimes='1' minSize='-1' maxSize='-1' dataType='31' repHandlerStruct='' visible='true' inheritsFrom='' namespaceIndex='1' V281='13' V1='4' name='VintageExpiryDate'>
      <structNode t='150' idref='1'/>
    </child>
  </rootElem>
  <defaultRep t='172' id='26' V172='6' autoFixNamespaceMismatch='true' V170='10' V692='1' unnamedElemsNamespace='1' V690='1' ignoreExcluded='true' fixInvalidCharacters='true' V1='4' name='XML'>
    <namespaceContainers t='220' ref='Namespace Containers/WebIntegration_v2_AccountManagementService_AccountManagementService_ESB_94.xml'/>
  </defaultRep>
  <namespaceList t='161' id='27' V161='1' namespaceUri='___osdtDummy___' V1='4'>
  </namespaceList>
  <namespaceList t='161' id='28' V161='1' namespaceUri='http://www.homeserve.com/Europe/GB/Customer/v1' namespacePrefix='Q1' V1='4'>
  </namespaceList>
  <namespaceList t='161' id='29' V161='1' namespaceUri='http://www.homeserve.com/Europe/GB/Address/v3' namespacePrefix='hsega' V1='4'>
  </namespaceList>
  <namespaceList t='161' id='30' V161='1' namespaceUri='http://www.homeserve.com/Global/Customer/ContactDetails/v1' namespacePrefix='hsgcd' V1='4'>
  </namespaceList>
  <child t='162' id='31' V1='4' name='Representations'>
    <child t='172' idref='26'/>
  </child>
  <child t='165' id='32' V1='4' name='Document Bindings'>
    <child t='166' id='33' V166='5' docType='1' V1='4' name='/Q1:CustomerType'>
      <elemNode t='167' idref='2'/>
    </child>
  </child>
</root>
