<?xml version="1.0" encoding="UTF-8"?>
<root t='150' id='1' V150='13' creationTimestamp='0x158f367e830' V1='4' name='PaymentInstructionType' incarnation='9'>
  <rootElem t='167' id='2' V167='21' V283='1' occurMaxTimes='1' minSize='-1' maxSize='-1' groupType='1' repHandlerStruct='' inheritsFrom='' namespaceIndex='1' V281='13' V1='4' name='PaymentInstructionType'>
    <structNode t='150' idref='1'/>
    <child t='167' id='3' V167='21' V283='1' occurMinTimes='1' occurMaxTimes='1' minSize='-1' maxSize='-1' dataType='2' repHandlerStruct='' visible='true' inheritsFrom='' namespaceIndex='1' V281='13' V1='4' name='PaymentInstructionID'>
      <structNode t='150' idref='1'/>
    </child>
    <child t='167' id='4' V167='21' V283='1' occurMinTimes='1' occurMaxTimes='1' minSize='-1' maxSize='-1' dataType='2' repHandlerStruct='' visible='true' inheritsFrom='' namespaceIndex='1' V281='13' V1='4' name='Status'>
      <structNode t='150' idref='1'/>
    </child>
    <child t='167' id='5' V167='21' V283='1' occurMaxTimes='1' minSize='-1' maxSize='-1' dataType='31' repHandlerStruct='' visible='true' inheritsFrom='' namespaceIndex='1' V281='13' V1='4' name='EffectiveTo'>
      <structNode t='150' idref='1'/>
    </child>
    <child t='167' id='6' V167='21' V283='1' occurMinTimes='1' occurMaxTimes='1' minSize='-1' maxSize='-1' dataType='31' repHandlerStruct='' visible='true' inheritsFrom='' namespaceIndex='1' V281='13' V1='4' name='EffectiveFrom'>
      <structNode t='150' idref='1'/>
    </child>
    <child t='167' id='7' V167='21' V283='1' occurMinTimes='1' occurMaxTimes='1' minSize='-1' maxSize='-1' dataType='2' repHandlerStruct='' visible='true' inheritsFrom='' namespaceIndex='1' V281='13' V1='4' name='PaymentSequenceNumber'>
      <structNode t='150' idref='1'/>
    </child>
    <child t='167' id='8' V167='21' V283='1' occurMinTimes='1' occurMaxTimes='1' minSize='-1' maxSize='-1' dataType='2' repHandlerStruct='' visible='true' inheritsFrom='' namespaceIndex='1' V281='13' V1='4' name='PaymentMethod'>
      <structNode t='150' idref='1'/>
    </child>
    <child t='167' id='9' V167='21' inheritsFromIncarnation='8' inheritsFromTimestamp='0x158f367e82d' inheritsInThisStruct='true' V283='1' occurMinTimes='1' occurMaxTimes='1' minSize='-1' maxSize='-1' inheritsFromCopyRule='20' dataType='2' repHandlerStruct='' visible='true' inheritsFrom='Structures/WebIntegration_v2/AccountManagementService/AccountManagementService_v106_0.1/Types/hsgfp/PaymentFrequencyEnum.xml' namespaceIndex='1' V281='13' V1='4' name='PaymentFrequency'>
      <structNode t='150' idref='1'/>
      <savedDerivedCopy t='167' id='10' V167='21' needInheritInit='true' inheritsInThisStruct='true' V283='1' occurMinTimes='1' occurMaxTimes='1' minSize='-1' maxSize='-1' inheritsFromCopyRule='20' dataType='2' repHandlerStruct='' visible='true' inheritsFrom='Structures/WebIntegration_v2/AccountManagementService/AccountManagementService_v106_0.1/Types/hsgfp/PaymentFrequencyEnum.xml' namespaceIndex='1' V281='13' V1='4' name='PaymentFrequency'>
      </savedDerivedCopy>
      <savedOrigCopyAtInheritsFrom t='167' id='11' V167='21' V283='1' occurMaxTimes='1' minSize='-1' maxSize='-1' dataType='2' repHandlerStruct='' inheritsFrom='' namespaceIndex='1' V281='13' V1='4' name='PaymentFrequencyEnum'>
      </savedOrigCopyAtInheritsFrom>
    </child>
    <child t='167' id='12' V167='21' inheritsFromIncarnation='8' inheritsFromTimestamp='0x158f367e83e' inheritsInThisStruct='true' V283='1' occurMinTimes='1' occurMaxTimes='1' minSize='-1' maxSize='-1' inheritsFromCopyRule='20' dataType='2' repHandlerStruct='' visible='true' inheritsFrom='Structures/WebIntegration_v2/AccountManagementService/AccountManagementService_v106_0.1/Types/hsgfp/PaymentTransactionTypeEnum.xml' namespaceIndex='1' V281='13' V1='4' name='TransactionType'>
      <structNode t='150' idref='1'/>
      <savedDerivedCopy t='167' id='13' V167='21' needInheritInit='true' inheritsInThisStruct='true' V283='1' occurMinTimes='1' occurMaxTimes='1' minSize='-1' maxSize='-1' inheritsFromCopyRule='20' dataType='2' repHandlerStruct='' visible='true' inheritsFrom='Structures/WebIntegration_v2/AccountManagementService/AccountManagementService_v106_0.1/Types/hsgfp/PaymentTransactionTypeEnum.xml' namespaceIndex='1' V281='13' V1='4' name='TransactionType'>
      </savedDerivedCopy>
      <savedOrigCopyAtInheritsFrom t='167' id='14' V167='21' V283='1' occurMaxTimes='1' minSize='-1' maxSize='-1' dataType='2' repHandlerStruct='' inheritsFrom='' namespaceIndex='1' V281='13' V1='4' name='PaymentTransactionTypeEnum'>
      </savedOrigCopyAtInheritsFrom>
    </child>
    <child t='167' id='15' V167='21' V283='1' occurMinTimes='1' occurMaxTimes='1' minSize='-1' maxSize='-1' dataType='22' repHandlerStruct='' visible='true' inheritsFrom='' namespaceIndex='1' V281='13' V1='4' name='AuthorisedAmount'>
      <structNode t='150' idref='1'/>
    </child>
    <child t='167' id='16' V167='21' inheritsFromIncarnation='9' inheritsFromTimestamp='0x158f367e843' inheritsInThisStruct='true' V283='1' occurMinTimes='1' occurMaxTimes='1' minSize='-1' maxSize='-1' inheritsFromCopyRule='20' groupType='1' repHandlerStruct='' visible='true' inheritsFrom='Structures/WebIntegration_v2/AccountManagementService/AccountManagementService_v106_0.1/Types/hsgft/TransactionsType.xml' namespaceIndex='1' V281='13' V1='4' name='Transactions'>
      <structNode t='150' idref='1'/>
      <savedDerivedCopy t='167' id='17' V167='21' needInheritInit='true' inheritsInThisStruct='true' V283='1' occurMinTimes='1' occurMaxTimes='1' minSize='-1' maxSize='-1' inheritsFromCopyRule='20' groupType='1' repHandlerStruct='' visible='true' inheritsFrom='Structures/WebIntegration_v2/AccountManagementService/AccountManagementService_v106_0.1/Types/hsgft/TransactionsType.xml' namespaceIndex='1' V281='13' V1='4' name='Transactions'>
      </savedDerivedCopy>
      <savedOrigCopyAtInheritsFrom t='167' id='18' V167='21' V283='1' occurMaxTimes='1' minSize='-1' maxSize='-1' groupType='1' repHandlerStruct='' inheritsFrom='' namespaceIndex='1' V281='13' V1='4' name='TransactionsType'>
      </savedOrigCopyAtInheritsFrom>
    </child>
  </rootElem>
  <defaultRep t='172' id='19' V172='6' autoFixNamespaceMismatch='true' V170='10' V692='1' unnamedElemsNamespace='1' V690='1' ignoreExcluded='true' fixInvalidCharacters='true' V1='4' name='XML'>
    <namespaceContainers t='220' ref='Namespace Containers/WebIntegration_v2_AccountManagementService_AccountManagementService_v106_0.1.xml'/>
  </defaultRep>
  <namespaceList t='161' id='20' V161='1' namespaceUri='___osdtDummy___' V1='4'>
  </namespaceList>
  <namespaceList t='161' id='21' V161='1' namespaceUri='http://www.homeserve.com/Global/Finance/Payment/v2' namespacePrefix='hsgfp' V1='4'>
  </namespaceList>
  <namespaceList t='161' id='22' V161='1' namespaceUri='http://www.homeserve.com/Global/Finance/Transaction/v1' namespacePrefix='hsgft' V1='4'>
  </namespaceList>
  <child t='162' id='23' V1='4' name='Representations'>
    <child t='172' idref='19'/>
  </child>
  <child t='165' id='24' V1='4' name='Document Bindings'>
    <child t='166' id='25' V166='5' docType='1' V1='4' name='/hsgfp:PaymentInstructionType'>
      <elemNode t='167' idref='2'/>
    </child>
  </child>
</root>
