<?xml version="1.0" encoding="UTF-8"?>
<root t='150' id='1' V150='13' creationTimestamp='0x1634091047d' V1='4' name='ProductBreakdownListType' incarnation='9'>
  <rootElem t='167' id='2' V167='21' V283='1' occurMaxTimes='1' minSize='-1' maxSize='-1' groupType='1' repHandlerStruct='' inheritsFrom='' V281='13' V1='4' name='ProductBreakdownListType'>
    <structNode t='150' idref='1'/>
    <child t='167' id='3' V167='21' inheritsFromIncarnation='8' inheritsFromTimestamp='0x1634091047d' inheritsInThisStruct='true' V283='1' occurMinTimes='1' occurMaxTimes='-1' minSize='-1' maxSize='-1' inheritsFromCopyRule='20' groupType='1' repHandlerStruct='' visible='true' inheritsFrom='Structures/R6.4.1/eServeDatablock_05May2018/Types/ProductBreakdownType.xml' V281='13' V1='4' name='ProductBreakdown' checksumValid='true' checksum='3XRaDC7Dk4VrrP+LbhZ07yPFQ2k='>
      <structNode t='150' idref='1'/>
      <savedDerivedCopy t='167' id='4' V167='21' needInheritInit='true' inheritsInThisStruct='true' V283='1' occurMinTimes='1' occurMaxTimes='-1' minSize='-1' maxSize='-1' inheritsFromCopyRule='20' groupType='1' repHandlerStruct='' visible='true' inheritsFrom='Structures/R6.4.1/eServeDatablock_05May2018/Types/ProductBreakdownType.xml' V281='13' V1='4' name='ProductBreakdown'>
      </savedDerivedCopy>
      <savedOrigCopyAtInheritsFrom t='167' id='5' V167='21' V283='1' occurMaxTimes='1' minSize='-1' maxSize='-1' groupType='1' repHandlerStruct='' inheritsFrom='' V281='13' V1='4' name='ProductBreakdownType'>
      </savedOrigCopyAtInheritsFrom>
    </child>
  </rootElem>
  <defaultRep t='172' id='6' V172='6' autoFixNamespaceMismatch='true' V170='10' V692='1' unnamedElemsNamespace='1' V690='1' ignoreExcluded='true' fixInvalidCharacters='true' V1='4' name='XML'>
    <namespaceContainers t='220' ref='Namespace Containers/R6.4.1_eServeDatablock_05May2018.xml'/>
  </defaultRep>
  <child t='162' id='7' V1='4' name='Representations'>
    <child t='172' idref='6'/>
  </child>
  <child t='165' id='8' V1='4' name='Document Bindings'>
    <child t='166' id='9' V166='5' docType='1' V1='4' name='/ProductBreakdownListType'>
      <elemNode t='167' idref='2'/>
    </child>
  </child>
</root>
