<?xml version="1.0" encoding="UTF-8"?>
<root t='150' id='1' V150='13' creationTimestamp='0x15cab93d81d' V1='4' name='PartnerOptionType' incarnation='11'>
  <rootElem t='167' id='2' V167='21' V283='1' occurMaxTimes='1' minSize='-1' maxSize='-1' groupType='1' repHandlerStruct='' inheritsFrom='' namespaceIndex='1' V281='13' V1='4' name='PartnerOptionType'>
    <structNode t='150' idref='1'/>
    <child t='167' id='3' V167='21' V283='1' occurMinTimes='1' occurMaxTimes='1' minSize='-1' maxSize='-1' dataType='2' repHandlerStruct='' visible='true' inheritsFrom='' namespaceIndex='1' V281='13' V1='4' name='PartnerOptionID'>
      <structNode t='150' idref='1'/>
    </child>
    <child t='167' id='4' V167='21' V283='1' occurMinTimes='1' occurMaxTimes='1' minSize='-1' maxSize='-1' dataType='2' repHandlerStruct='' visible='true' inheritsFrom='' namespaceIndex='1' V281='13' V1='4' name='PartnerOptionName'>
      <structNode t='150' idref='1'/>
    </child>
    <child t='167' id='5' V167='21' V283='1' occurMaxTimes='1' minSize='-1' maxSize='-1' dataType='2' repHandlerStruct='' visible='true' inheritsFrom='' namespaceIndex='1' V281='13' V1='4' name='PartnerOptionDefinition'>
      <structNode t='150' idref='1'/>
    </child>
    <child t='167' id='6' V167='21' V283='1' occurMinTimes='1' occurMaxTimes='1' minSize='-1' maxSize='-1' dataType='2' repHandlerStruct='' visible='true' inheritsFrom='' namespaceIndex='1' V281='13' V1='4' name='Status'>
      <structNode t='150' idref='1'/>
    </child>
    <child t='167' id='7' V167='21' V283='1' occurMinTimes='1' occurMaxTimes='1' minSize='-1' maxSize='-1' dataType='31' repHandlerStruct='' visible='true' inheritsFrom='' namespaceIndex='1' V281='13' V1='4' name='EffectiveDate'>
      <structNode t='150' idref='1'/>
    </child>
    <child t='167' id='8' V167='21' V283='1' occurMaxTimes='1' minSize='-1' maxSize='-1' dataType='31' repHandlerStruct='' visible='true' inheritsFrom='' namespaceIndex='1' V281='13' V1='4' name='ExpiryDate'>
      <structNode t='150' idref='1'/>
    </child>
    <child t='167' id='9' V167='21' V283='1' occurMinTimes='1' occurMaxTimes='1' minSize='-1' maxSize='-1' dataType='30' repHandlerStruct='' visible='true' inheritsFrom='' namespaceIndex='1' V281='13' V1='4' name='LastUpdated'>
      <structNode t='150' idref='1'/>
    </child>
    <child t='167' id='10' V167='21' inheritsFromIncarnation='8' inheritsFromTimestamp='0x15cab93d81e' inheritsInThisStruct='true' V283='1' occurMinTimes='1' occurMaxTimes='1' minSize='-1' maxSize='-1' inheritsFromCopyRule='20' groupType='1' repHandlerStruct='' visible='true' inheritsFrom='Structures/ContractsService/17Dec2015/ContractsService/Types/hsgpt/PartnerType.xml' namespaceIndex='1' V281='13' V1='4' name='Partner'>
      <structNode t='150' idref='1'/>
      <savedDerivedCopy t='167' id='11' V167='21' needInheritInit='true' inheritsInThisStruct='true' V283='1' occurMinTimes='1' occurMaxTimes='1' minSize='-1' maxSize='-1' inheritsFromCopyRule='20' groupType='1' repHandlerStruct='' visible='true' inheritsFrom='Structures/ContractsService/17Dec2015/ContractsService/Types/hsgpt/PartnerType.xml' namespaceIndex='1' V281='13' V1='4' name='Partner'>
      </savedDerivedCopy>
      <savedOrigCopyAtInheritsFrom t='167' id='12' V167='21' V283='1' occurMaxTimes='1' minSize='-1' maxSize='-1' groupType='1' repHandlerStruct='' inheritsFrom='' namespaceIndex='1' V281='13' V1='4' name='PartnerType'>
      </savedOrigCopyAtInheritsFrom>
    </child>
    <child t='167' id='13' V167='21' inheritsFromIncarnation='9' inheritsFromTimestamp='0x15cab93d81b' inheritsInThisStruct='true' V283='1' occurMinTimes='1' occurMaxTimes='1' minSize='-1' maxSize='-1' inheritsFromCopyRule='20' groupType='1' repHandlerStruct='' visible='true' inheritsFrom='Structures/ContractsService/17Dec2015/ContractsService/Types/hsgps/PackagesType.xml' namespaceIndex='1' V281='13' V1='4' name='Packages'>
      <structNode t='150' idref='1'/>
      <savedDerivedCopy t='167' id='14' V167='21' needInheritInit='true' inheritsInThisStruct='true' V283='1' occurMinTimes='1' occurMaxTimes='1' minSize='-1' maxSize='-1' inheritsFromCopyRule='20' groupType='1' repHandlerStruct='' visible='true' inheritsFrom='Structures/ContractsService/17Dec2015/ContractsService/Types/hsgps/PackagesType.xml' namespaceIndex='1' V281='13' V1='4' name='Packages'>
      </savedDerivedCopy>
      <savedOrigCopyAtInheritsFrom t='167' id='15' V167='21' V283='1' occurMaxTimes='1' minSize='-1' maxSize='-1' groupType='1' repHandlerStruct='' inheritsFrom='' namespaceIndex='1' V281='13' V1='4' name='PackagesType'>
      </savedOrigCopyAtInheritsFrom>
    </child>
    <child t='167' id='16' V167='21' inheritsFromIncarnation='9' inheritsFromTimestamp='0x15cab93d8c3' inheritsInThisStruct='true' V283='1' occurMaxTimes='1' minSize='-1' maxSize='-1' inheritsFromCopyRule='20' groupType='1' repHandlerStruct='' visible='true' inheritsFrom='Structures/ContractsService/17Dec2015/ContractsService/Types/hsgpstc/TermsAndConditionsDetailType.xml' namespaceIndex='1' V281='13' V1='4' name='TermsAndConditions'>
      <structNode t='150' idref='1'/>
      <savedDerivedCopy t='167' id='17' V167='21' needInheritInit='true' inheritsInThisStruct='true' V283='1' occurMaxTimes='1' minSize='-1' maxSize='-1' inheritsFromCopyRule='20' groupType='1' repHandlerStruct='' visible='true' inheritsFrom='Structures/ContractsService/17Dec2015/ContractsService/Types/hsgpstc/TermsAndConditionsDetailType.xml' namespaceIndex='1' V281='13' V1='4' name='TermsAndConditions'>
      </savedDerivedCopy>
      <savedOrigCopyAtInheritsFrom t='167' id='18' V167='21' V283='1' occurMaxTimes='1' minSize='-1' maxSize='-1' groupType='1' repHandlerStruct='' inheritsFrom='' namespaceIndex='1' V281='13' V1='4' name='TermsAndConditionsDetailType'>
      </savedOrigCopyAtInheritsFrom>
    </child>
  </rootElem>
  <defaultRep t='172' id='19' V172='6' autoFixNamespaceMismatch='true' V170='10' V692='1' unnamedElemsNamespace='1' V690='1' ignoreExcluded='true' fixInvalidCharacters='true' V1='4' name='XML'>
    <namespaceContainers t='220' ref='Namespace Containers/ContractsService_17Dec2015_ContractsService.xml'/>
  </defaultRep>
  <namespaceList t='161' id='20' V161='1' namespaceUri='___osdtDummy___' V1='4'>
  </namespaceList>
  <namespaceList t='161' id='21' V161='1' namespaceUri='http://www.homeserve.com/Global/ProductSpine/v1' namespacePrefix='hsgps' V1='4'>
  </namespaceList>
  <namespaceList t='161' id='22' V161='1' namespaceUri='http://www.homeserve.com/Global/Partner/v1' namespacePrefix='hsgpt' V1='4'>
  </namespaceList>
  <namespaceList t='161' id='23' V161='1' namespaceUri='http://www.homeserve.com/Global/ProductSpine/TermsAndConditions/v1' namespacePrefix='hsgpstc' V1='4'>
  </namespaceList>
  <child t='162' id='24' V1='4' name='Representations'>
    <child t='172' idref='19'/>
  </child>
  <child t='165' id='25' V1='4' name='Document Bindings'>
    <child t='166' id='26' V166='5' docType='1' V1='4' name='/hsgps:PartnerOptionType'>
      <elemNode t='167' idref='2'/>
    </child>
  </child>
</root>
