<?xml version="1.0" encoding="UTF-8"?>
<root t='150' id='1' V150='13' creationTimestamp='0x159cb90c997' V1='4' name='PaymentMethodType' incarnation='12'>
  <rootElem t='167' id='2' V167='21' V283='1' occurMaxTimes='1' minSize='-1' maxSize='-1' groupType='1' repHandlerStruct='' inheritsFrom='' namespaceIndex='1' V281='13' V1='4' name='PaymentMethodType'>
    <structNode t='150' idref='1'/>
    <child t='167' id='3' V167='21' V283='1' occurMinTimes='1' occurMaxTimes='1' minSize='-1' maxSize='-1' dataType='2' repHandlerStruct='' visible='true' inheritsFrom='' namespaceIndex='1' V281='13' V1='4' name='PaymentMethodID'>
      <structNode t='150' idref='1'/>
    </child>
    <child t='167' id='4' V167='21' inheritsFromIncarnation='8' inheritsFromTimestamp='0x159cb90c997' inheritsInThisStruct='true' V283='1' occurMinTimes='1' occurMaxTimes='1' minSize='-1' maxSize='-1' inheritsFromCopyRule='20' dataType='2' repHandlerStruct='' visible='true' inheritsFrom='Structures/WebIntegration_v2/AccountManagementService/AccountManagementService_ESB_v115/AccountManagementService_esb_v115_0.1/Types/Q11/PaymentMethodTypeEnum.xml' namespaceIndex='1' V281='13' V1='4' name='PaymentMethodType'>
      <structNode t='150' idref='1'/>
      <savedDerivedCopy t='167' id='5' V167='21' needInheritInit='true' inheritsInThisStruct='true' V283='1' occurMinTimes='1' occurMaxTimes='1' minSize='-1' maxSize='-1' inheritsFromCopyRule='20' dataType='2' repHandlerStruct='' visible='true' inheritsFrom='Structures/WebIntegration_v2/AccountManagementService/AccountManagementService_ESB_v115/AccountManagementService_esb_v115_0.1/Types/Q11/PaymentMethodTypeEnum.xml' namespaceIndex='1' V281='13' V1='4' name='PaymentMethodType'>
      </savedDerivedCopy>
      <savedOrigCopyAtInheritsFrom t='167' id='6' V167='21' V283='1' occurMaxTimes='1' minSize='-1' maxSize='-1' dataType='2' repHandlerStruct='' inheritsFrom='' namespaceIndex='1' V281='13' V1='4' name='PaymentMethodTypeEnum'>
      </savedOrigCopyAtInheritsFrom>
    </child>
    <child t='167' id='7' V167='21' inheritsFromIncarnation='8' inheritsFromTimestamp='0x159cb90c996' inheritsInThisStruct='true' V283='1' occurMinTimes='1' occurMaxTimes='1' minSize='-1' maxSize='-1' inheritsFromCopyRule='20' dataType='2' repHandlerStruct='' visible='true' inheritsFrom='Structures/WebIntegration_v2/AccountManagementService/AccountManagementService_ESB_v115/AccountManagementService_esb_v115_0.1/Types/Q11/PaymentMethodStatusEnum.xml' namespaceIndex='1' V281='13' V1='4' name='PaymentMethodStatus'>
      <structNode t='150' idref='1'/>
      <savedDerivedCopy t='167' id='8' V167='21' needInheritInit='true' inheritsInThisStruct='true' V283='1' occurMinTimes='1' occurMaxTimes='1' minSize='-1' maxSize='-1' inheritsFromCopyRule='20' dataType='2' repHandlerStruct='' visible='true' inheritsFrom='Structures/WebIntegration_v2/AccountManagementService/AccountManagementService_ESB_v115/AccountManagementService_esb_v115_0.1/Types/Q11/PaymentMethodStatusEnum.xml' namespaceIndex='1' V281='13' V1='4' name='PaymentMethodStatus'>
      </savedDerivedCopy>
      <savedOrigCopyAtInheritsFrom t='167' id='9' V167='21' V283='1' occurMaxTimes='1' minSize='-1' maxSize='-1' dataType='2' repHandlerStruct='' inheritsFrom='' namespaceIndex='1' V281='13' V1='4' name='PaymentMethodStatusEnum'>
      </savedOrigCopyAtInheritsFrom>
    </child>
    <child t='167' id='10' V167='21' inheritsFromIncarnation='8' inheritsFromTimestamp='0x159cb90c968' inheritsInThisStruct='true' V283='1' occurMaxTimes='1' minSize='-1' maxSize='-1' inheritsFromCopyRule='20' groupType='1' repHandlerStruct='' visible='true' inheritsFrom='Structures/WebIntegration_v2/AccountManagementService/AccountManagementService_ESB_v115/AccountManagementService_esb_v115_0.1/Types/Q1/CustomerNameType.xml' namespaceIndex='1' V281='13' V1='4' name='Payer' checksumValid='true' checksum='5bNOlrRFwBzt3YD1dOvagLNkNvY='>
      <structNode t='150' idref='1'/>
      <savedDerivedCopy t='167' id='11' V167='21' needInheritInit='true' inheritsInThisStruct='true' V283='1' occurMaxTimes='1' minSize='-1' maxSize='-1' inheritsFromCopyRule='20' groupType='1' repHandlerStruct='' visible='true' inheritsFrom='Structures/WebIntegration_v2/AccountManagementService/AccountManagementService_ESB_v115/AccountManagementService_esb_v115_0.1/Types/Q1/CustomerNameType.xml' namespaceIndex='1' V281='13' V1='4' name='Payer'>
      </savedDerivedCopy>
      <savedOrigCopyAtInheritsFrom t='167' id='12' V167='21' V283='1' occurMaxTimes='1' minSize='-1' maxSize='-1' groupType='1' repHandlerStruct='' inheritsFrom='' namespaceIndex='1' V281='13' V1='4' name='CustomerNameType'>
      </savedOrigCopyAtInheritsFrom>
    </child>
    <child t='167' id='13' V167='21' V283='1' occurMinTimes='1' occurMaxTimes='1' minSize='-1' maxSize='-1' groupType='2' repHandlerStruct='' inheritsFrom='' V281='13' V1='4' name='Anonymous_choice'>
      <structNode t='150' idref='1'/>
      <child t='167' id='14' V167='21' inheritsFromIncarnation='10' inheritsFromTimestamp='0x159cb90c879' inheritsInThisStruct='true' V283='1' occurMinTimes='1' occurMaxTimes='1' minSize='-1' maxSize='-1' inheritsFromCopyRule='20' groupType='1' repHandlerStruct='' visible='true' inheritsFrom='Structures/WebIntegration_v2/AccountManagementService/AccountManagementService_ESB_v115/AccountManagementService_esb_v115_0.1/Types/hsgbad/BankAccountType.xml' namespaceIndex='1' V281='13' V1='4' name='BankAccount' checksumValid='true' checksum='V0jPR7LkdvaCyxXusE/rRrYXRo4='>
        <structNode t='150' idref='1'/>
        <savedDerivedCopy t='167' id='15' V167='21' needInheritInit='true' inheritsInThisStruct='true' V283='1' occurMinTimes='1' occurMaxTimes='1' minSize='-1' maxSize='-1' inheritsFromCopyRule='20' groupType='1' repHandlerStruct='' visible='true' inheritsFrom='Structures/WebIntegration_v2/AccountManagementService/AccountManagementService_ESB_v115/AccountManagementService_esb_v115_0.1/Types/hsgbad/BankAccountType.xml' namespaceIndex='1' V281='13' V1='4' name='BankAccount'>
        </savedDerivedCopy>
        <savedOrigCopyAtInheritsFrom t='167' id='16' V167='21' V283='1' occurMaxTimes='1' minSize='-1' maxSize='-1' groupType='1' repHandlerStruct='' inheritsFrom='' namespaceIndex='1' V281='13' V1='4' name='BankAccountType'>
        </savedOrigCopyAtInheritsFrom>
      </child>
      <child t='167' id='17' V167='21' inheritsFromIncarnation='8' inheritsFromTimestamp='0x159cb90c8a7' inheritsInThisStruct='true' V283='1' occurMinTimes='1' occurMaxTimes='1' minSize='-1' maxSize='-1' inheritsFromCopyRule='20' groupType='1' repHandlerStruct='' visible='true' inheritsFrom='Structures/WebIntegration_v2/AccountManagementService/AccountManagementService_ESB_v115/AccountManagementService_esb_v115_0.1/Types/hsgbcd/CardType.xml' namespaceIndex='1' V281='13' V1='4' name='Card' checksumValid='true' checksum='65R8QAr2oDom75DHIlW/Dxdz4RU='>
        <structNode t='150' idref='1'/>
        <savedDerivedCopy t='167' id='18' V167='21' needInheritInit='true' inheritsInThisStruct='true' V283='1' occurMinTimes='1' occurMaxTimes='1' minSize='-1' maxSize='-1' inheritsFromCopyRule='20' groupType='1' repHandlerStruct='' visible='true' inheritsFrom='Structures/WebIntegration_v2/AccountManagementService/AccountManagementService_ESB_v115/AccountManagementService_esb_v115_0.1/Types/hsgbcd/CardType.xml' namespaceIndex='1' V281='13' V1='4' name='Card'>
        </savedDerivedCopy>
        <savedOrigCopyAtInheritsFrom t='167' id='19' V167='21' V283='1' occurMaxTimes='1' minSize='-1' maxSize='-1' groupType='1' repHandlerStruct='' inheritsFrom='' namespaceIndex='1' V281='13' V1='4' name='CardType'>
        </savedOrigCopyAtInheritsFrom>
      </child>
      <child t='167' id='20' V167='21' inheritsFromIncarnation='8' inheritsFromTimestamp='0x159cb90c8de' inheritsInThisStruct='true' V283='1' occurMinTimes='1' occurMaxTimes='1' minSize='-1' maxSize='-1' inheritsFromCopyRule='20' groupType='1' repHandlerStruct='' visible='true' inheritsFrom='Structures/WebIntegration_v2/AccountManagementService/AccountManagementService_ESB_v115/AccountManagementService_esb_v115_0.1/Types/hsgbacq/ChequeType.xml' namespaceIndex='1' V281='13' V1='4' name='Cheque' checksumValid='true' checksum='KlQb0cAhQfMdXGAMG5ZgY5D85Hk='>
        <structNode t='150' idref='1'/>
        <savedDerivedCopy t='167' id='21' V167='21' needInheritInit='true' inheritsInThisStruct='true' V283='1' occurMinTimes='1' occurMaxTimes='1' minSize='-1' maxSize='-1' inheritsFromCopyRule='20' groupType='1' repHandlerStruct='' visible='true' inheritsFrom='Structures/WebIntegration_v2/AccountManagementService/AccountManagementService_ESB_v115/AccountManagementService_esb_v115_0.1/Types/hsgbacq/ChequeType.xml' namespaceIndex='1' V281='13' V1='4' name='Cheque'>
        </savedDerivedCopy>
        <savedOrigCopyAtInheritsFrom t='167' id='22' V167='21' V283='1' occurMaxTimes='1' minSize='-1' maxSize='-1' groupType='1' repHandlerStruct='' inheritsFrom='' namespaceIndex='1' V281='13' V1='4' name='ChequeType'>
        </savedOrigCopyAtInheritsFrom>
      </child>
    </child>
  </rootElem>
  <defaultRep t='172' id='23' V172='6' autoFixNamespaceMismatch='true' V170='10' V692='1' unnamedElemsNamespace='1' V690='1' ignoreExcluded='true' fixInvalidCharacters='true' V1='4' name='XML'>
    <namespaceContainers t='220' ref='Namespace Containers/WebIntegration_v2_AccountManagementService_AccountManagementService_ESB_v115_AccountManagementService_esb_v115_0.1.xml'/>
  </defaultRep>
  <namespaceList t='161' id='24' V161='1' namespaceUri='___osdtDummy___' V1='4'>
  </namespaceList>
  <namespaceList t='161' id='25' V161='1' namespaceUri='http://www.homeserve.com/Global/Finance/Payment/v1' namespacePrefix='Q11' V1='4'>
  </namespaceList>
  <namespaceList t='161' id='26' V161='1' namespaceUri='http://www.homeserve.com/Europe/GB/Customer/v1' namespacePrefix='Q1' V1='4'>
  </namespaceList>
  <namespaceList t='161' id='27' V161='1' namespaceUri='http://www.homeserve.com/Global/Finance/BankAccount/v1' namespacePrefix='hsgbad' V1='4'>
  </namespaceList>
  <namespaceList t='161' id='28' V161='1' namespaceUri='http://www.homeserve.com/Global/Finance/Card/v1' namespacePrefix='hsgbcd' V1='4'>
  </namespaceList>
  <namespaceList t='161' id='29' V161='1' namespaceUri='http://www.homeserve.com/Global/Finance/Cheque/v1' namespacePrefix='hsgbacq' V1='4'>
  </namespaceList>
  <child t='162' id='30' V1='4' name='Representations'>
    <child t='172' idref='23'/>
  </child>
  <child t='165' id='31' V1='4' name='Document Bindings'>
    <child t='166' id='32' V166='5' docType='1' V1='4' name='/Q11:PaymentMethodType'>
      <elemNode t='167' idref='2'/>
    </child>
  </child>
</root>
