<?xml version="1.0" encoding="UTF-8"?>
<root t='150' id='1' V150='13' creationTimestamp='0x15a8e0fec92' V1='4' name='CompositionResponseType' incarnation='11'>
  <rootElem t='167' id='2' V167='21' V283='1' occurMaxTimes='1' minSize='-1' maxSize='-1' groupType='1' repHandlerStruct='' inheritsFrom='' namespaceIndex='1' V281='13' V1='4' name='CompositionResponseType'>
    <structNode t='150' idref='1'/>
    <child t='167' id='3' V167='21' inheritsFromIncarnation='9' inheritsFromTimestamp='0x15a8e0fec91' inheritsInThisStruct='true' V283='1' occurMinTimes='1' occurMaxTimes='1' minSize='-1' maxSize='-1' inheritsFromCopyRule='20' groupType='1' repHandlerStruct='' visible='true' inheritsFrom='Structures/R6.4/DocProcessingService/Types/hsgdcot/CompositionJobOutputType.xml' namespaceIndex='1' V281='13' V1='4' name='CompositionJobOutput'>
      <structNode t='150' idref='1'/>
      <savedDerivedCopy t='167' id='4' V167='21' needInheritInit='true' inheritsInThisStruct='true' V283='1' occurMinTimes='1' occurMaxTimes='1' minSize='-1' maxSize='-1' inheritsFromCopyRule='20' groupType='1' repHandlerStruct='' visible='true' inheritsFrom='Structures/R6.4/DocProcessingService/Types/hsgdcot/CompositionJobOutputType.xml' namespaceIndex='1' V281='13' V1='4' name='CompositionJobOutput'>
      </savedDerivedCopy>
      <savedOrigCopyAtInheritsFrom t='167' id='5' V167='21' V283='1' occurMaxTimes='1' minSize='-1' maxSize='-1' groupType='1' repHandlerStruct='' inheritsFrom='' namespaceIndex='1' V281='13' V1='4' name='CompositionJobOutputType'>
      </savedOrigCopyAtInheritsFrom>
    </child>
    <child t='167' id='6' V167='21' inheritsFromIncarnation='9' inheritsFromTimestamp='0x15a8e0fecd9' inheritsInThisStruct='true' V283='1' occurMinTimes='1' occurMaxTimes='1' minSize='-1' maxSize='-1' inheritsFromCopyRule='20' groupType='1' repHandlerStruct='' visible='true' inheritsFrom='Structures/R6.4/DocProcessingService/Types/hsgdo/PropertiesType.xml' namespaceIndex='1' V281='13' V1='4' name='Properties'>
      <structNode t='150' idref='1'/>
      <savedDerivedCopy t='167' id='7' V167='21' needInheritInit='true' inheritsInThisStruct='true' V283='1' occurMinTimes='1' occurMaxTimes='1' minSize='-1' maxSize='-1' inheritsFromCopyRule='20' groupType='1' repHandlerStruct='' visible='true' inheritsFrom='Structures/R6.4/DocProcessingService/Types/hsgdo/PropertiesType.xml' namespaceIndex='1' V281='13' V1='4' name='Properties'>
      </savedDerivedCopy>
      <savedOrigCopyAtInheritsFrom t='167' id='8' V167='21' V283='1' occurMaxTimes='1' minSize='-1' maxSize='-1' groupType='1' repHandlerStruct='' inheritsFrom='' namespaceIndex='1' V281='13' V1='4' name='PropertiesType'>
      </savedOrigCopyAtInheritsFrom>
    </child>
    <child t='167' id='9' V167='21' inheritsFromIncarnation='8' inheritsFromTimestamp='0x15a8e0fec92' inheritsInThisStruct='true' V283='1' occurMinTimes='1' occurMaxTimes='1' minSize='-1' maxSize='-1' inheritsFromCopyRule='20' groupType='1' repHandlerStruct='' visible='true' inheritsFrom='Structures/R6.4/DocProcessingService/Types/hsgdo/ContentStreamType.xml' namespaceIndex='1' V281='13' V1='4' name='ContentStream'>
      <structNode t='150' idref='1'/>
      <savedDerivedCopy t='167' id='10' V167='21' needInheritInit='true' inheritsInThisStruct='true' V283='1' occurMinTimes='1' occurMaxTimes='1' minSize='-1' maxSize='-1' inheritsFromCopyRule='20' groupType='1' repHandlerStruct='' visible='true' inheritsFrom='Structures/R6.4/DocProcessingService/Types/hsgdo/ContentStreamType.xml' namespaceIndex='1' V281='13' V1='4' name='ContentStream'>
      </savedDerivedCopy>
      <savedOrigCopyAtInheritsFrom t='167' id='11' V167='21' V283='1' occurMaxTimes='1' minSize='-1' maxSize='-1' groupType='1' repHandlerStruct='' inheritsFrom='' namespaceIndex='1' V281='13' V1='4' name='ContentStreamType'>
      </savedOrigCopyAtInheritsFrom>
    </child>
  </rootElem>
  <defaultRep t='172' id='12' V172='6' autoFixNamespaceMismatch='true' V170='10' V692='1' unnamedElemsNamespace='1' V690='1' ignoreExcluded='true' fixInvalidCharacters='true' V1='4' name='XML'>
    <namespaceContainers t='220' ref='Namespace Containers/R6.4_DocProcessingService.xml'/>
  </defaultRep>
  <namespaceList t='161' id='13' V161='1' namespaceUri='___osdtDummy___' V1='4'>
  </namespaceList>
  <namespaceList t='161' id='14' V161='1' namespaceUri='http://www.homeserve.com/Global/Document/Composition/DocComposition/v1' namespacePrefix='hsgdcot' V1='4'>
  </namespaceList>
  <namespaceList t='161' id='15' V161='1' namespaceUri='http://www.homeserve.com/Global/Document/v1' namespacePrefix='hsgdo' V1='4'>
  </namespaceList>
  <child t='162' id='16' V1='4' name='Representations'>
    <child t='172' idref='12'/>
  </child>
  <child t='165' id='17' V1='4' name='Document Bindings'>
    <child t='166' id='18' V166='5' docType='1' V1='4' name='/hsgdcot:CompositionResponseType'>
      <elemNode t='167' idref='2'/>
    </child>
  </child>
</root>
