<?xml version="1.0" encoding="UTF-8"?>
<root t='150' id='1' V150='13' creationTimestamp='0x1513f191568' V1='4' name='CustomerType' incarnation='12'>
  <rootElem t='167' id='2' V167='21' V283='1' occurMaxTimes='1' minSize='-1' maxSize='-1' groupType='1' repHandlerStruct='' inheritsFrom='' namespaceIndex='1' V281='13' V1='4' name='CustomerType'>
    <structNode t='150' idref='1'/>
    <child t='167' id='3' V167='21' V283='1' occurMinTimes='1' occurMaxTimes='1' minSize='-1' maxSize='-1' dataType='2' repHandlerStruct='' visible='true' inheritsFrom='' namespaceIndex='1' V281='13' V1='4' name='SystemReference'>
      <structNode t='150' idref='1'/>
    </child>
    <child t='167' id='4' V167='21' V283='1' occurMinTimes='1' occurMaxTimes='1' minSize='-1' maxSize='-1' dataType='2' repHandlerStruct='' visible='true' inheritsFrom='' namespaceIndex='1' V281='13' V1='4' name='AccountNumber'>
      <structNode t='150' idref='1'/>
    </child>
    <child t='167' id='5' V167='21' inheritsFromIncarnation='8' inheritsFromTimestamp='0x1513f191506' inheritsInThisStruct='true' V283='1' occurMinTimes='1' occurMaxTimes='1' minSize='-1' maxSize='-1' inheritsFromCopyRule='20' groupType='1' repHandlerStruct='' visible='true' inheritsFrom='Structures/ContractService/NEW/Contract_Service/Types/hsgc/CustomerNameType.xml' namespaceIndex='1' V281='13' V1='4' name='Name'>
      <structNode t='150' idref='1'/>
      <savedDerivedCopy t='167' id='6' V167='21' needInheritInit='true' inheritsInThisStruct='true' V283='1' occurMinTimes='1' occurMaxTimes='1' minSize='-1' maxSize='-1' inheritsFromCopyRule='20' groupType='1' repHandlerStruct='' visible='true' inheritsFrom='Structures/ContractService/NEW/Contract_Service/Types/hsgc/CustomerNameType.xml' namespaceIndex='1' V281='13' V1='4' name='Name'>
      </savedDerivedCopy>
      <savedOrigCopyAtInheritsFrom t='167' id='7' V167='21' V283='1' occurMaxTimes='1' minSize='-1' maxSize='-1' groupType='1' repHandlerStruct='' inheritsFrom='' namespaceIndex='1' V281='13' V1='4' name='CustomerNameType'>
      </savedOrigCopyAtInheritsFrom>
    </child>
    <child t='167' id='8' V167='21' V283='1' occurMaxTimes='1' minSize='-1' maxSize='-1' dataType='31' repHandlerStruct='' visible='true' inheritsFrom='' namespaceIndex='1' V281='13' V1='4' name='DateOfBirth'>
      <structNode t='150' idref='1'/>
    </child>
    <child t='167' id='9' V167='21' inheritsFromIncarnation='8' inheritsFromTimestamp='0x1513f1915c9' inheritsInThisStruct='true' V283='1' occurMaxTimes='1' minSize='-1' maxSize='-1' inheritsFromCopyRule='20' dataType='2' repHandlerStruct='' visible='true' inheritsFrom='Structures/ContractService/NEW/Contract_Service/Types/hsgc/GenderEnum.xml' namespaceIndex='1' V281='13' V1='4' name='Gender'>
      <structNode t='150' idref='1'/>
      <savedDerivedCopy t='167' id='10' V167='21' needInheritInit='true' inheritsInThisStruct='true' V283='1' occurMaxTimes='1' minSize='-1' maxSize='-1' inheritsFromCopyRule='20' dataType='2' repHandlerStruct='' visible='true' inheritsFrom='Structures/ContractService/NEW/Contract_Service/Types/hsgc/GenderEnum.xml' namespaceIndex='1' V281='13' V1='4' name='Gender'>
      </savedDerivedCopy>
      <savedOrigCopyAtInheritsFrom t='167' id='11' V167='21' V283='1' occurMaxTimes='1' minSize='-1' maxSize='-1' dataType='2' repHandlerStruct='' inheritsFrom='' namespaceIndex='1' V281='13' V1='4' name='GenderEnum'>
      </savedOrigCopyAtInheritsFrom>
    </child>
    <child t='167' id='12' V167='21' inheritsFromIncarnation='8' inheritsFromTimestamp='0x1513f191567' inheritsInThisStruct='true' V283='1' occurMaxTimes='1' minSize='-1' maxSize='-1' inheritsFromCopyRule='20' groupType='1' repHandlerStruct='' visible='true' inheritsFrom='Structures/ContractService/NEW/Contract_Service/Types/hsgc/CustomerNeedsType.xml' namespaceIndex='1' V281='13' V1='4' name='Needs' checksumValid='true' checksum='iwS8g+LWZQ+mlHW3TeHKmLqk6bM='>
      <structNode t='150' idref='1'/>
      <savedDerivedCopy t='167' id='13' V167='21' needInheritInit='true' inheritsInThisStruct='true' V283='1' occurMaxTimes='1' minSize='-1' maxSize='-1' inheritsFromCopyRule='20' groupType='1' repHandlerStruct='' visible='true' inheritsFrom='Structures/ContractService/NEW/Contract_Service/Types/hsgc/CustomerNeedsType.xml' namespaceIndex='1' V281='13' V1='4' name='Needs'>
      </savedDerivedCopy>
      <savedOrigCopyAtInheritsFrom t='167' id='14' V167='21' V283='1' occurMaxTimes='1' minSize='-1' maxSize='-1' groupType='1' repHandlerStruct='' inheritsFrom='' namespaceIndex='1' V281='13' V1='4' name='CustomerNeedsType'>
      </savedOrigCopyAtInheritsFrom>
    </child>
    <child t='167' id='15' V167='21' inheritsFromIncarnation='8' inheritsFromTimestamp='0x1513f191567' inheritsInThisStruct='true' V283='1' occurMaxTimes='1' minSize='-1' maxSize='-1' inheritsFromCopyRule='20' groupType='1' repHandlerStruct='' visible='true' inheritsFrom='Structures/ContractService/NEW/Contract_Service/Types/hsgc/CustomerStatusType.xml' namespaceIndex='1' V281='13' V1='4' name='Status'>
      <structNode t='150' idref='1'/>
      <savedDerivedCopy t='167' id='16' V167='21' needInheritInit='true' inheritsInThisStruct='true' V283='1' occurMaxTimes='1' minSize='-1' maxSize='-1' inheritsFromCopyRule='20' groupType='1' repHandlerStruct='' visible='true' inheritsFrom='Structures/ContractService/NEW/Contract_Service/Types/hsgc/CustomerStatusType.xml' namespaceIndex='1' V281='13' V1='4' name='Status'>
      </savedDerivedCopy>
      <savedOrigCopyAtInheritsFrom t='167' id='17' V167='21' V283='1' occurMaxTimes='1' minSize='-1' maxSize='-1' groupType='1' repHandlerStruct='' inheritsFrom='' namespaceIndex='1' V281='13' V1='4' name='CustomerStatusType'>
      </savedOrigCopyAtInheritsFrom>
    </child>
    <child t='167' id='18' V167='21' inheritsFromIncarnation='10' inheritsFromTimestamp='0x1513f19148e' inheritsInThisStruct='true' V283='1' occurMaxTimes='1' minSize='-1' maxSize='-1' inheritsFromCopyRule='20' groupType='1' repHandlerStruct='' visible='true' inheritsFrom='Structures/ContractService/NEW/Contract_Service/Types/hsgcd/ContactDetailsType.xml' namespaceIndex='1' V281='13' V1='4' name='ContactDetails'>
      <structNode t='150' idref='1'/>
      <savedDerivedCopy t='167' id='19' V167='21' needInheritInit='true' inheritsInThisStruct='true' V283='1' occurMaxTimes='1' minSize='-1' maxSize='-1' inheritsFromCopyRule='20' groupType='1' repHandlerStruct='' visible='true' inheritsFrom='Structures/ContractService/NEW/Contract_Service/Types/hsgcd/ContactDetailsType.xml' namespaceIndex='1' V281='13' V1='4' name='ContactDetails'>
      </savedDerivedCopy>
      <savedOrigCopyAtInheritsFrom t='167' id='20' V167='21' V283='1' occurMaxTimes='1' minSize='-1' maxSize='-1' groupType='1' repHandlerStruct='' inheritsFrom='' namespaceIndex='1' V281='13' V1='4' name='ContactDetailsType'>
      </savedOrigCopyAtInheritsFrom>
    </child>
  </rootElem>
  <defaultRep t='172' id='21' V172='6' autoFixNamespaceMismatch='true' V170='10' V692='1' unnamedElemsNamespace='1' V690='1' ignoreExcluded='true' fixInvalidCharacters='true' V1='4' name='XML'>
    <namespaceContainers t='220' ref='Namespace Containers/ContractService_NEW_Contract_Service.xml'/>
  </defaultRep>
  <namespaceList t='161' id='22' V161='1' namespaceUri='___osdtDummy___' V1='4'>
  </namespaceList>
  <namespaceList t='161' id='23' V161='1' namespaceUri='http://www.homeserve.com/Global/Customer/v1' namespacePrefix='hsgc' V1='4'>
  </namespaceList>
  <namespaceList t='161' id='24' V161='1' namespaceUri='http://www.homeserve.com/Global/Customer/ContactDetails/v1' namespacePrefix='hsgcd' V1='4'>
  </namespaceList>
  <child t='162' id='25' V1='4' name='Representations'>
    <child t='172' idref='21'/>
  </child>
  <child t='165' id='26' V1='4' name='Document Bindings'>
    <child t='166' id='27' V166='5' docType='1' V1='4' name='/hsgc:CustomerType'>
      <elemNode t='167' idref='2'/>
    </child>
  </child>
</root>
