<?xml version="1.0" encoding="UTF-8"?>
<root t='150' id='1' V150='13' creationTimestamp='0x15120232cfb' V1='4' name='Aggregation' incarnation='41'>
  <rootElem t='167' id='2' V167='21' V283='1' occurMinTimes='1' occurMaxTimes='1' minSize='-1' maxSize='-1' groupType='1' repHandlerStruct='' visible='true' inheritsFrom='' namespaceIndex='1' V281='13' V1='4' name='Notifications'>
    <structNode t='150' idref='1'/>
    <child t='167' id='3' V167='21' V283='1' occurMinTimes='1' occurMaxTimes='-1' minSize='-1' maxSize='-1' groupType='1' repHandlerStruct='' visible='true' inheritsFrom='' namespaceIndex='2' V281='13' V1='4' name='Notification' checksumValid='true' checksum='W4cGi9dkuJBsJLY1oqg0mBzmGVU='>
      <structNode t='150' idref='1'/>
      <child t='167' id='4' V167='21' V283='1' occurMinTimes='1' occurMaxTimes='1' minSize='-1' maxSize='-1' dataType='2' repHandlerStruct='' visible='true' inheritsFrom='' namespaceIndex='2' V281='13' V1='4' name='Source'>
        <structNode t='150' idref='1'/>
      </child>
      <child t='167' id='5' V167='21' V283='1' occurMinTimes='1' occurMaxTimes='1' minSize='-1' maxSize='-1' dataType='2' repHandlerStruct='' visible='true' inheritsFrom='' namespaceIndex='2' V281='13' V1='4' name='Domain'>
        <structNode t='150' idref='1'/>
      </child>
      <child t='167' id='6' V167='21' V283='1' occurMinTimes='1' occurMaxTimes='1' minSize='-1' maxSize='-1' groupType='1' repHandlerStruct='' visible='true' inheritsFrom='' namespaceIndex='2' V281='13' V1='4' name='NotificationIdentifier'>
        <structNode t='150' idref='1'/>
      </child>
      <child t='167' id='7' V167='21' V283='1' occurMinTimes='1' occurMaxTimes='1' minSize='-1' maxSize='-1' dataType='2' repHandlerStruct='' visible='true' inheritsFrom='' namespaceIndex='2' V281='13' V1='4' name='Action'>
        <structNode t='150' idref='1'/>
      </child>
      <child t='167' id='8' V167='21' V283='1' occurMinTimes='1' occurMaxTimes='1' minSize='-1' maxSize='-1' dataType='2' repHandlerStruct='' visible='true' inheritsFrom='' namespaceIndex='2' V281='13' V1='4' name='Timestamp'>
        <structNode t='150' idref='1'/>
      </child>
      <child t='167' id='9' V167='21' V283='1' occurMinTimes='1' occurMaxTimes='1' minSize='-1' maxSize='-1' dataType='2' repHandlerStruct='' visible='true' inheritsFrom='' namespaceIndex='2' V281='13' V1='4' name='Status'>
        <structNode t='150' idref='1'/>
      </child>
      <child t='167' id='10' V167='21' V283='1' occurMinTimes='1' occurMaxTimes='1' minSize='-1' maxSize='-1' groupType='1' repHandlerStruct='' visible='true' inheritsFrom='' namespaceIndex='2' V281='13' V1='4' name='RootEntity'>
        <structNode t='150' idref='1'/>
        <child t='167' id='11' V167='21' V283='1' occurMinTimes='1' occurMaxTimes='1' minSize='-1' maxSize='-1' dataType='2' repHandlerStruct='' visible='true' inheritsFrom='' namespaceIndex='2' V281='13' V1='4' name='Type'>
          <structNode t='150' idref='1'/>
        </child>
        <child t='167' id='12' V167='21' V283='1' occurMinTimes='1' occurMaxTimes='1' minSize='-1' maxSize='-1' dataType='2' repHandlerStruct='' visible='true' inheritsFrom='' namespaceIndex='2' V281='13' V1='4' name='Identifier'>
          <structNode t='150' idref='1'/>
        </child>
      </child>
      <child t='167' id='13' V167='21' V283='1' occurMinTimes='1' occurMaxTimes='1' minSize='-1' maxSize='-1' groupType='1' repHandlerStruct='' visible='true' inheritsFrom='' namespaceIndex='2' V281='13' V1='4' name='Entity'>
        <structNode t='150' idref='1'/>
        <child t='167' id='14' V167='21' V283='1' occurMinTimes='1' occurMaxTimes='1' minSize='-1' maxSize='-1' dataType='2' repHandlerStruct='' visible='true' inheritsFrom='' namespaceIndex='2' V281='13' V1='4' name='Type'>
          <structNode t='150' idref='1'/>
        </child>
        <child t='167' id='15' V167='21' V283='1' occurMinTimes='1' occurMaxTimes='1' minSize='-1' maxSize='-1' dataType='2' repHandlerStruct='' visible='true' inheritsFrom='' namespaceIndex='2' V281='13' V1='4' name='Identifier'>
          <structNode t='150' idref='1'/>
        </child>
        <child t='167' id='16' V167='21' V283='1' occurMinTimes='1' occurMaxTimes='1' minSize='-1' maxSize='-1' dataType='2' repHandlerStruct='' visible='true' inheritsFrom='' namespaceIndex='2' V281='13' V1='4' name='Code'>
          <structNode t='150' idref='1'/>
        </child>
        <child t='167' id='17' V167='21' V283='1' occurMinTimes='1' occurMaxTimes='1' minSize='-1' maxSize='-1' dataType='2' repHandlerStruct='' visible='true' inheritsFrom='' namespaceIndex='2' V281='13' V1='4' name='Name'>
          <structNode t='150' idref='1'/>
        </child>
      </child>
    </child>
  </rootElem>
  <defaultRep t='172' id='18' V172='6' autoFixNamespaceMismatch='true' V170='10' V692='1' unnamedElemsNamespace='1' V690='1' importDate='Thu Nov 19 19:55:56 IST 2015' importFile='file:/C:/Users/Praneeth.Venishetty/Desktop/Aggregation.xml' ignoreExcluded='true' fixInvalidCharacters='true' V1='4' name='XML'>
    <namespaceContainers t='220' ref='Namespace Containers/NotificationService.xml'/>
  </defaultRep>
  <namespaceList t='161' id='19' V161='1' namespaceUri='___osdtDummy___' V1='4'>
  </namespaceList>
  <namespaceList t='161' id='20' V161='1' namespaceUri='http://www.homeserve.com/Global/Notification/NotificationServiceOperations/v1' namespacePrefix='hsgnnso' V1='4'>
  </namespaceList>
  <namespaceList t='161' id='21' V161='1' namespaceUri='http://www.homeserve.com/Global/Notification/v1' namespacePrefix='hsgn' V1='4'>
  </namespaceList>
  <child t='162' id='22' V1='4' name='Representations'>
    <child t='172' idref='18'/>
  </child>
  <child t='165' id='23' V1='4' name='Document Bindings'>
    <child t='166' id='24' V166='5' docType='1' docReposPath='/HOMESERVE_ESB_T56/Sample Data/NotificationService/Aggregation/Aggregation' V1='4' name='/hsgnnso:Notifications'>
      <elemNode t='167' idref='2'/>
    </child>
  </child>
</root>
