<?xml version="1.0" encoding="UTF-8"?>
<root t='150' id='1' V150='13' creationTimestamp='0x16285bdd890' V1='4' name='GetContractDetailsResponseType' incarnation='8'>
  <rootElem t='167' id='2' V167='21' V283='1' occurMaxTimes='1' minSize='-1' maxSize='-1' groupType='1' repHandlerStruct='' inheritsFrom='' namespaceIndex='1' V281='13' V1='4' name='GetContractDetailsResponseType'>
    <structNode t='150' idref='1'/>
    <child t='167' id='3' V167='21' V283='1' occurMinTimes='1' occurMaxTimes='1' minSize='-1' maxSize='-1' groupType='1' repHandlerStruct='' visible='true' inheritsFrom='' V281='13' V1='4' name='Outcome'>
      <structNode t='150' idref='1'/>
      <child t='167' id='4' V167='21' V283='1' occurMinTimes='1' occurMaxTimes='1' minSize='-1' maxSize='-1' dataType='2' repHandlerStruct='' visible='true' inheritsFrom='' V281='13' V1='4' name='ResultCode'>
        <structNode t='150' idref='1'/>
      </child>
      <child t='167' id='5' V167='21' V283='1' occurMinTimes='1' occurMaxTimes='1' minSize='-1' maxSize='-1' dataType='2' repHandlerStruct='' visible='true' inheritsFrom='' V281='13' V1='4' name='ResultStatus'>
        <structNode t='150' idref='1'/>
      </child>
      <child t='167' id='6' V167='21' V283='1' occurMinTimes='1' occurMaxTimes='1' minSize='-1' maxSize='-1' dataType='2' repHandlerStruct='' visible='true' inheritsFrom='' V281='13' V1='4' name='ResultDescription'>
        <structNode t='150' idref='1'/>
      </child>
      <child t='167' id='7' V167='21' V283='1' occurMaxTimes='-1' minSize='-1' maxSize='-1' groupType='1' repHandlerStruct='' visible='true' inheritsFrom='' V281='13' V1='4' name='ProcessOutcome'>
        <structNode t='150' idref='1'/>
        <child t='167' id='8' V167='21' V283='1' occurMinTimes='1' occurMaxTimes='1' minSize='-1' maxSize='-1' dataType='2' repHandlerStruct='' visible='true' inheritsFrom='' V281='13' V1='4' name='Code'>
          <structNode t='150' idref='1'/>
        </child>
        <child t='167' id='9' V167='21' V283='1' occurMinTimes='1' occurMaxTimes='1' minSize='-1' maxSize='-1' dataType='2' repHandlerStruct='' visible='true' inheritsFrom='' V281='13' V1='4' name='InteractionID'>
          <structNode t='150' idref='1'/>
        </child>
        <child t='167' id='10' V167='21' V283='1' occurMinTimes='1' occurMaxTimes='1' minSize='-1' maxSize='-1' dataType='2' repHandlerStruct='' visible='true' inheritsFrom='' V281='13' V1='4' name='Description'>
          <structNode t='150' idref='1'/>
        </child>
        <child t='167' id='11' V167='21' V283='1' occurMinTimes='1' occurMaxTimes='-1' minSize='-1' maxSize='-1' groupType='1' repHandlerStruct='' visible='true' inheritsFrom='' V281='13' V1='4' name='ServiceIntentList'>
          <structNode t='150' idref='1'/>
          <child t='167' id='12' V167='21' V283='1' occurMinTimes='1' occurMaxTimes='1' minSize='-1' maxSize='-1' dataType='2' repHandlerStruct='' visible='true' inheritsFrom='' V281='13' V1='4' name='CaseID'>
            <structNode t='150' idref='1'/>
          </child>
        </child>
      </child>
    </child>
    <child t='167' id='13' V167='21' V283='1' occurMinTimes='1' occurMaxTimes='-1' minSize='-1' maxSize='-1' groupType='1' repHandlerStruct='' visible='true' inheritsFrom='' V281='13' V1='4' name='Contracts' checksumValid='true' checksum='cbQgmbenclWO1CXxWlcBg4BtqK0='>
      <structNode t='150' idref='1'/>
      <child t='167' id='14' V167='21' V283='1' occurMinTimes='1' occurMaxTimes='1' minSize='-1' maxSize='-1' dataType='2' repHandlerStruct='' visible='true' inheritsFrom='' V281='13' V1='4' name='ContractID'>
        <structNode t='150' idref='1'/>
      </child>
      <child t='167' id='15' V167='21' V283='1' occurMaxTimes='1' minSize='-1' maxSize='-1' dataType='2' repHandlerStruct='' visible='true' inheritsFrom='' V281='13' V1='4' name='SpinePricePlanID'>
        <structNode t='150' idref='1'/>
      </child>
      <child t='167' id='16' V167='21' V283='1' occurMaxTimes='1' minSize='-1' maxSize='-1' dataType='31' repHandlerStruct='' visible='true' inheritsFrom='' V281='13' V1='4' name='VintageEffectiveDate'>
        <structNode t='150' idref='1'/>
      </child>
      <child t='167' id='17' V167='21' V283='1' occurMaxTimes='1' minSize='-1' maxSize='-1' dataType='31' repHandlerStruct='' visible='true' inheritsFrom='' V281='13' V1='4' name='VintageExpiryDate'>
        <structNode t='150' idref='1'/>
      </child>
      <child t='167' id='18' V167='21' V283='1' occurMinTimes='1' occurMaxTimes='1' minSize='-1' maxSize='-1' dataType='12' repHandlerStruct='' visible='true' inheritsFrom='' V281='13' V1='4' name='MinorVersion'>
        <structNode t='150' idref='1'/>
      </child>
      <child t='167' id='19' V167='21' V283='1' occurMinTimes='1' occurMaxTimes='1' minSize='-1' maxSize='-1' dataType='12' repHandlerStruct='' visible='true' inheritsFrom='' V281='13' V1='4' name='MajorVersion'>
        <structNode t='150' idref='1'/>
      </child>
      <child t='167' id='20' V167='21' V283='1' occurMinTimes='1' occurMaxTimes='1' minSize='-1' maxSize='-1' dataType='31' repHandlerStruct='' visible='true' inheritsFrom='' V281='13' V1='4' name='StartDate'>
        <structNode t='150' idref='1'/>
      </child>
      <child t='167' id='21' V167='21' V283='1' occurMaxTimes='1' minSize='-1' maxSize='-1' dataType='31' repHandlerStruct='' visible='true' inheritsFrom='' V281='13' V1='4' name='EndDate'>
        <structNode t='150' idref='1'/>
      </child>
      <child t='167' id='22' V167='21' V283='1' occurMinTimes='1' occurMaxTimes='1' minSize='-1' maxSize='-1' dataType='2' repHandlerStruct='' visible='true' inheritsFrom='' V281='13' V1='4' name='Status'>
        <structNode t='150' idref='1'/>
      </child>
      <child t='167' id='23' V167='21' V283='1' occurMinTimes='1' occurMaxTimes='1' minSize='-1' maxSize='-1' dataType='31' repHandlerStruct='' visible='true' inheritsFrom='' V281='13' V1='4' name='EffectiveDate'>
        <structNode t='150' idref='1'/>
      </child>
      <child t='167' id='24' V167='21' V283='1' occurMaxTimes='1' minSize='-1' maxSize='-1' dataType='31' repHandlerStruct='' visible='true' inheritsFrom='' V281='13' V1='4' name='ExpiryDate'>
        <structNode t='150' idref='1'/>
      </child>
      <child t='167' id='25' V167='21' V283='1' occurMaxTimes='1' minSize='-1' maxSize='-1' groupType='1' repHandlerStruct='' visible='true' inheritsFrom='' V281='13' V1='4' name='PricingBreakdownList'>
        <structNode t='150' idref='1'/>
        <child t='167' id='26' V167='21' V283='1' occurMinTimes='1' occurMaxTimes='-1' minSize='-1' maxSize='-1' groupType='1' repHandlerStruct='' visible='true' inheritsFrom='' V281='13' V1='4' name='PricingBreakdown'>
          <structNode t='150' idref='1'/>
          <child t='167' id='27' V167='21' V283='1' occurMinTimes='1' occurMaxTimes='1' minSize='-1' maxSize='-1' dataType='2' repHandlerStruct='' visible='true' inheritsFrom='' V281='13' V1='4' name='ID'>
            <structNode t='150' idref='1'/>
          </child>
          <child t='167' id='28' V167='21' V283='1' occurMaxTimes='1' minSize='-1' maxSize='-1' dataType='2' repHandlerStruct='' visible='true' inheritsFrom='' V281='13' V1='4' name='ProductLine'>
            <structNode t='150' idref='1'/>
          </child>
          <child t='167' id='29' V167='21' V283='1' occurMinTimes='1' occurMaxTimes='1' minSize='-1' maxSize='-1' dataType='22' repHandlerStruct='' visible='true' inheritsFrom='' V281='13' V1='4' name='Amount'>
            <structNode t='150' idref='1'/>
          </child>
          <child t='167' id='30' V167='21' V283='1' occurMinTimes='1' occurMaxTimes='1' minSize='-1' maxSize='-1' dataType='2' repHandlerStruct='' visible='true' inheritsFrom='' V281='13' V1='4' name='OrderID'>
            <structNode t='150' idref='1'/>
          </child>
          <child t='167' id='31' V167='21' V283='1' occurMinTimes='1' occurMaxTimes='1' minSize='-1' maxSize='-1' dataType='2' repHandlerStruct='' visible='true' inheritsFrom='' V281='13' V1='4' name='Type'>
            <structNode t='150' idref='1'/>
          </child>
          <child t='167' id='32' V167='21' V283='1' occurMinTimes='1' occurMaxTimes='1' minSize='-1' maxSize='-1' dataType='2' repHandlerStruct='' visible='true' inheritsFrom='' V281='13' V1='4' name='Year'>
            <structNode t='150' idref='1'/>
          </child>
        </child>
      </child>
      <child t='167' id='33' V167='21' V283='1' occurMinTimes='1' occurMaxTimes='1' minSize='-1' maxSize='-1' dataType='30' repHandlerStruct='' visible='true' inheritsFrom='' V281='13' V1='4' name='LastUpdated'>
        <structNode t='150' idref='1'/>
      </child>
      <child t='167' id='34' V167='21' V283='1' occurMaxTimes='1' minSize='-1' maxSize='-1' dataType='31' repHandlerStruct='' visible='true' inheritsFrom='' V281='13' V1='4' name='CancellationDate'>
        <structNode t='150' idref='1'/>
      </child>
      <child t='167' id='35' V167='21' V283='1' occurMaxTimes='1' minSize='-1' maxSize='-1' dataType='31' repHandlerStruct='' visible='true' inheritsFrom='' V281='13' V1='4' name='ProcesssCancellationDate'>
        <structNode t='150' idref='1'/>
      </child>
      <child t='167' id='36' V167='21' V283='1' occurMaxTimes='1' minSize='-1' maxSize='-1' dataType='31' repHandlerStruct='' visible='true' inheritsFrom='' V281='13' V1='4' name='LastSuspensionDate'>
        <structNode t='150' idref='1'/>
      </child>
      <child t='167' id='37' V167='21' V283='1' occurMinTimes='1' occurMaxTimes='1' minSize='-1' maxSize='-1' dataType='22' repHandlerStruct='' visible='true' inheritsFrom='' V281='13' V1='4' name='TotalContractCharge'>
        <structNode t='150' idref='1'/>
      </child>
      <child t='167' id='38' V167='21' V283='1' occurMaxTimes='1' minSize='-1' maxSize='-1' dataType='22' repHandlerStruct='' visible='true' inheritsFrom='' V281='13' V1='4' name='QuarterlyContractCharge'>
        <structNode t='150' idref='1'/>
      </child>
      <child t='167' id='39' V167='21' V283='1' occurMaxTimes='1' minSize='-1' maxSize='-1' dataType='22' repHandlerStruct='' visible='true' inheritsFrom='' V281='13' V1='4' name='MonthlyContractCharge'>
        <structNode t='150' idref='1'/>
      </child>
      <child t='167' id='40' V167='21' V283='1' occurMinTimes='1' occurMaxTimes='1' minSize='-1' maxSize='-1' dataType='22' repHandlerStruct='' visible='true' inheritsFrom='' V281='13' V1='4' name='TotalAmountPaid'>
        <structNode t='150' idref='1'/>
      </child>
      <child t='167' id='41' V167='21' V283='1' occurMinTimes='1' occurMaxTimes='1' minSize='-1' maxSize='-1' dataType='22' repHandlerStruct='' visible='true' inheritsFrom='' V281='13' V1='4' name='TotalAmountOutstanding'>
        <structNode t='150' idref='1'/>
      </child>
      <child t='167' id='42' V167='21' V283='1' occurMaxTimes='1' minSize='-1' maxSize='-1' dataType='22' repHandlerStruct='' visible='true' inheritsFrom='' V281='13' V1='4' name='ChargeForDuration'>
        <structNode t='150' idref='1'/>
      </child>
      <child t='167' id='43' V167='21' V283='1' occurMaxTimes='1' minSize='-1' maxSize='-1' dataType='1' repHandlerStruct='' visible='true' inheritsFrom='' V281='13' V1='4' name='GuardianCorrInd'>
        <structNode t='150' idref='1'/>
        <child t='167' id='44' V167='21' V283='1' occurMaxTimes='1' minSize='-1' maxSize='-1' dataType='2' elemType='5' repHandlerStruct='' visible='true' inheritsFrom='' V281='13' V1='4' name='true'>
          <structNode t='150' idref='1'/>
        </child>
        <child t='167' id='45' V167='21' V283='1' occurMaxTimes='1' minSize='-1' maxSize='-1' dataType='2' elemType='5' repHandlerStruct='' visible='true' inheritsFrom='' V281='13' V1='4' name='false'>
          <structNode t='150' idref='1'/>
        </child>
      </child>
      <child t='167' id='46' V167='21' V283='1' occurMinTimes='1' occurMaxTimes='1' minSize='-1' maxSize='-1' dataType='31' repHandlerStruct='' visible='true' inheritsFrom='' V281='13' V1='4' name='CoolingOffDate'>
        <structNode t='150' idref='1'/>
      </child>
      <child t='167' id='47' V167='21' V283='1' occurMaxTimes='1' minSize='-1' maxSize='-1' groupType='1' repHandlerStruct='' visible='true' inheritsFrom='' V281='13' V1='4' name='LastYearInformation' checksumValid='true' checksum='gr9VYlVnQnA3+u9JkgAZkFnxL3s='>
        <structNode t='150' idref='1'/>
        <child t='167' id='48' V167='21' V283='1' occurMaxTimes='1' minSize='-1' maxSize='-1' groupType='1' repHandlerStruct='' visible='true' inheritsFrom='' V281='13' V1='4' name='PricingBreakdownList'>
          <structNode t='150' idref='1'/>
          <child t='167' id='49' V167='21' V283='1' occurMinTimes='1' occurMaxTimes='-1' minSize='-1' maxSize='-1' groupType='1' repHandlerStruct='' visible='true' inheritsFrom='' V281='13' V1='4' name='PricingBreakdown'>
            <structNode t='150' idref='1'/>
            <child t='167' id='50' V167='21' V283='1' occurMinTimes='1' occurMaxTimes='1' minSize='-1' maxSize='-1' dataType='2' repHandlerStruct='' visible='true' inheritsFrom='' V281='13' V1='4' name='ID'>
              <structNode t='150' idref='1'/>
            </child>
            <child t='167' id='51' V167='21' V283='1' occurMaxTimes='1' minSize='-1' maxSize='-1' dataType='2' repHandlerStruct='' visible='true' inheritsFrom='' V281='13' V1='4' name='ProductLine'>
              <structNode t='150' idref='1'/>
            </child>
            <child t='167' id='52' V167='21' V283='1' occurMinTimes='1' occurMaxTimes='1' minSize='-1' maxSize='-1' dataType='22' repHandlerStruct='' visible='true' inheritsFrom='' V281='13' V1='4' name='Amount'>
              <structNode t='150' idref='1'/>
            </child>
            <child t='167' id='53' V167='21' V283='1' occurMinTimes='1' occurMaxTimes='1' minSize='-1' maxSize='-1' dataType='2' repHandlerStruct='' visible='true' inheritsFrom='' V281='13' V1='4' name='OrderID'>
              <structNode t='150' idref='1'/>
            </child>
            <child t='167' id='54' V167='21' V283='1' occurMinTimes='1' occurMaxTimes='1' minSize='-1' maxSize='-1' dataType='2' repHandlerStruct='' visible='true' inheritsFrom='' V281='13' V1='4' name='Type'>
              <structNode t='150' idref='1'/>
            </child>
            <child t='167' id='55' V167='21' V283='1' occurMinTimes='1' occurMaxTimes='1' minSize='-1' maxSize='-1' dataType='2' repHandlerStruct='' visible='true' inheritsFrom='' V281='13' V1='4' name='Year'>
              <structNode t='150' idref='1'/>
            </child>
          </child>
        </child>
        <child t='167' id='56' V167='21' V283='1' occurMaxTimes='1' minSize='-1' maxSize='-1' groupType='1' repHandlerStruct='' visible='true' inheritsFrom='' V281='13' V1='4' name='ProductBreakdownList'>
          <structNode t='150' idref='1'/>
          <child t='167' id='57' V167='21' V283='1' occurMinTimes='1' occurMaxTimes='-1' minSize='-1' maxSize='-1' groupType='1' repHandlerStruct='' visible='true' inheritsFrom='' V281='13' V1='4' name='ProductBreakdown' checksumValid='true' checksum='rhS8/P9qZkiJrnViW5JnSIYHLy8='>
            <structNode t='150' idref='1'/>
            <child t='167' id='58' V167='21' V283='1' occurMaxTimes='1' minSize='-1' maxSize='-1' dataType='2' repHandlerStruct='' visible='true' inheritsFrom='' V281='13' V1='4' name='ID'>
              <structNode t='150' idref='1'/>
            </child>
            <child t='167' id='59' V167='21' V283='1' occurMinTimes='1' occurMaxTimes='1' minSize='-1' maxSize='-1' dataType='2' repHandlerStruct='' visible='true' inheritsFrom='' V281='13' V1='4' name='Type'>
              <structNode t='150' idref='1'/>
            </child>
            <child t='167' id='60' V167='21' V283='1' occurMaxTimes='1' minSize='-1' maxSize='-1' dataType='22' repHandlerStruct='' visible='true' inheritsFrom='' V281='13' V1='4' name='AnnualPrice'>
              <structNode t='150' idref='1'/>
            </child>
            <child t='167' id='61' V167='21' V283='1' occurMinTimes='1' occurMaxTimes='1' minSize='-1' maxSize='-1' dataType='22' repHandlerStruct='' visible='true' inheritsFrom='' V281='13' V1='4' name='Amount'>
              <structNode t='150' idref='1'/>
            </child>
            <child t='167' id='62' V167='21' V283='1' occurMaxTimes='1' minSize='-1' maxSize='-1' dataType='2' repHandlerStruct='' visible='true' inheritsFrom='' V281='13' V1='4' name='PackageCode'>
              <structNode t='150' idref='1'/>
            </child>
            <child t='167' id='63' V167='21' V283='1' occurMaxTimes='1' minSize='-1' maxSize='-1' dataType='2' repHandlerStruct='' visible='true' inheritsFrom='' V281='13' V1='4' name='ProductCode'>
              <structNode t='150' idref='1'/>
            </child>
            <child t='167' id='64' V167='21' V283='1' occurMinTimes='1' occurMaxTimes='1' minSize='-1' maxSize='-1' dataType='2' repHandlerStruct='' visible='true' inheritsFrom='' V281='13' V1='4' name='OrderLineID'>
              <structNode t='150' idref='1'/>
            </child>
            <child t='167' id='65' V167='21' V283='1' occurMaxTimes='1' minSize='-1' maxSize='-1' dataType='2' repHandlerStruct='' visible='true' inheritsFrom='' V281='13' V1='4' name='Description'>
              <structNode t='150' idref='1'/>
            </child>
            <child t='167' id='66' V167='21' V283='1' occurMinTimes='1' occurMaxTimes='1' minSize='-1' maxSize='-1' dataType='2' repHandlerStruct='' visible='true' inheritsFrom='' V281='13' V1='4' name='SaleAmount'>
              <structNode t='150' idref='1'/>
            </child>
            <child t='167' id='67' V167='21' V283='1' occurMaxTimes='1' minSize='-1' maxSize='-1' dataType='2' repHandlerStruct='' visible='true' inheritsFrom='' V281='13' V1='4' name='PackageDescription'>
              <structNode t='150' idref='1'/>
            </child>
          </child>
        </child>
        <child t='167' id='68' V167='21' V283='1' occurMinTimes='1' occurMaxTimes='1' minSize='-1' maxSize='-1' dataType='2' repHandlerStruct='' visible='true' inheritsFrom='' V281='13' V1='4' name='ContractID'>
          <structNode t='150' idref='1'/>
        </child>
        <child t='167' id='69' V167='21' V283='1' occurMinTimes='1' occurMaxTimes='1' minSize='-1' maxSize='-1' dataType='12' repHandlerStruct='' visible='true' inheritsFrom='' V281='13' V1='4' name='MajorVersion'>
          <structNode t='150' idref='1'/>
        </child>
        <child t='167' id='70' V167='21' V283='1' occurMinTimes='1' occurMaxTimes='1' minSize='-1' maxSize='-1' dataType='12' repHandlerStruct='' visible='true' inheritsFrom='' V281='13' V1='4' name='MinorVersion'>
          <structNode t='150' idref='1'/>
        </child>
        <child t='167' id='71' V167='21' V283='1' occurMinTimes='1' occurMaxTimes='1' minSize='-1' maxSize='-1' dataType='31' repHandlerStruct='' visible='true' inheritsFrom='' V281='13' V1='4' name='StartDate'>
          <structNode t='150' idref='1'/>
        </child>
        <child t='167' id='72' V167='21' V283='1' occurMaxTimes='1' minSize='-1' maxSize='-1' dataType='31' repHandlerStruct='' visible='true' inheritsFrom='' V281='13' V1='4' name='EndDate'>
          <structNode t='150' idref='1'/>
        </child>
        <child t='167' id='73' V167='21' V283='1' occurMaxTimes='1' minSize='-1' maxSize='-1' dataType='2' repHandlerStruct='' visible='true' inheritsFrom='' V281='13' V1='4' name='Status'>
          <structNode t='150' idref='1'/>
        </child>
        <child t='167' id='74' V167='21' V283='1' occurMinTimes='1' occurMaxTimes='1' minSize='-1' maxSize='-1' dataType='22' repHandlerStruct='' visible='true' inheritsFrom='' V281='13' V1='4' name='TotalContractCharge'>
          <structNode t='150' idref='1'/>
        </child>
        <child t='167' id='75' V167='21' V283='1' occurMaxTimes='1' minSize='-1' maxSize='-1' groupType='1' repHandlerStruct='' visible='true' inheritsFrom='' V281='13' V1='4' name='UniquePremiumChangeReasonList'>
          <structNode t='150' idref='1'/>
          <child t='167' id='76' V167='21' V283='1' occurMaxTimes='-1' minSize='-1' maxSize='-1' groupType='1' repHandlerStruct='' visible='true' inheritsFrom='' V281='13' V1='4' name='UniquePremiumChangeReason'>
            <structNode t='150' idref='1'/>
            <child t='167' id='77' V167='21' V283='1' occurMinTimes='1' occurMaxTimes='1' minSize='-1' maxSize='-1' dataType='2' repHandlerStruct='' visible='true' inheritsFrom='' V281='13' V1='4' name='Key'>
              <structNode t='150' idref='1'/>
            </child>
            <child t='167' id='78' V167='21' V283='1' occurMinTimes='1' occurMaxTimes='1' minSize='-1' maxSize='-1' dataType='2' repHandlerStruct='' visible='true' inheritsFrom='' V281='13' V1='4' name='Value'>
              <structNode t='150' idref='1'/>
            </child>
          </child>
        </child>
      </child>
      <child t='167' id='79' V167='21' V283='1' occurMinTimes='1' occurMaxTimes='1' minSize='-1' maxSize='-1' groupType='1' repHandlerStruct='' visible='true' inheritsFrom='' V281='13' V1='4' name='RenewalOption'>
        <structNode t='150' idref='1'/>
        <child t='167' id='80' V167='21' V283='1' occurMinTimes='1' occurMaxTimes='1' minSize='-1' maxSize='-1' dataType='2' repHandlerStruct='' visible='true' inheritsFrom='' V281='13' V1='4' name='Key'>
          <structNode t='150' idref='1'/>
        </child>
        <child t='167' id='81' V167='21' V283='1' occurMinTimes='1' occurMaxTimes='1' minSize='-1' maxSize='-1' dataType='2' repHandlerStruct='' visible='true' inheritsFrom='' V281='13' V1='4' name='Value'>
          <structNode t='150' idref='1'/>
        </child>
      </child>
      <child t='167' id='82' V167='21' V283='1' occurMaxTimes='1' minSize='-1' maxSize='-1' dataType='2' repHandlerStruct='' visible='true' inheritsFrom='' V281='13' V1='4' name='ServiceUsed'>
        <structNode t='150' idref='1'/>
      </child>
      <child t='167' id='83' V167='21' V283='1' occurMaxTimes='1' minSize='-1' maxSize='-1' dataType='2' repHandlerStruct='' visible='true' inheritsFrom='' V281='13' V1='4' name='ServiceIndicator'>
        <structNode t='150' idref='1'/>
      </child>
      <child t='167' id='84' V167='21' V283='1' occurMaxTimes='1' minSize='-1' maxSize='-1' groupType='1' repHandlerStruct='' visible='true' inheritsFrom='' V281='13' V1='4' name='ProductBreakdownList'>
        <structNode t='150' idref='1'/>
        <child t='167' id='85' V167='21' V283='1' occurMinTimes='1' occurMaxTimes='-1' minSize='-1' maxSize='-1' groupType='1' repHandlerStruct='' visible='true' inheritsFrom='' V281='13' V1='4' name='ProductBreakdown' checksumValid='true' checksum='DlmvLIPDfJHOe3TFbCwluWBpyzw='>
          <structNode t='150' idref='1'/>
          <child t='167' id='86' V167='21' V283='1' occurMaxTimes='1' minSize='-1' maxSize='-1' dataType='2' repHandlerStruct='' visible='true' inheritsFrom='' V281='13' V1='4' name='ID'>
            <structNode t='150' idref='1'/>
          </child>
          <child t='167' id='87' V167='21' V283='1' occurMinTimes='1' occurMaxTimes='1' minSize='-1' maxSize='-1' dataType='2' repHandlerStruct='' visible='true' inheritsFrom='' V281='13' V1='4' name='Type'>
            <structNode t='150' idref='1'/>
          </child>
          <child t='167' id='88' V167='21' V283='1' occurMinTimes='1' occurMaxTimes='1' minSize='-1' maxSize='-1' dataType='22' repHandlerStruct='' visible='true' inheritsFrom='' V281='13' V1='4' name='AnnualPrice'>
            <structNode t='150' idref='1'/>
          </child>
          <child t='167' id='89' V167='21' V283='1' occurMaxTimes='1' minSize='-1' maxSize='-1' dataType='22' repHandlerStruct='' visible='true' inheritsFrom='' V281='13' V1='4' name='Amount'>
            <structNode t='150' idref='1'/>
          </child>
          <child t='167' id='90' V167='21' V283='1' occurMaxTimes='1' minSize='-1' maxSize='-1' dataType='2' repHandlerStruct='' visible='true' inheritsFrom='' V281='13' V1='4' name='PackageCode'>
            <structNode t='150' idref='1'/>
          </child>
          <child t='167' id='91' V167='21' V283='1' occurMaxTimes='1' minSize='-1' maxSize='-1' dataType='2' repHandlerStruct='' visible='true' inheritsFrom='' V281='13' V1='4' name='ProductCode'>
            <structNode t='150' idref='1'/>
          </child>
          <child t='167' id='92' V167='21' V283='1' occurMinTimes='1' occurMaxTimes='1' minSize='-1' maxSize='-1' dataType='2' repHandlerStruct='' visible='true' inheritsFrom='' V281='13' V1='4' name='OrderLineID'>
            <structNode t='150' idref='1'/>
          </child>
          <child t='167' id='93' V167='21' V283='1' occurMaxTimes='1' minSize='-1' maxSize='-1' dataType='2' repHandlerStruct='' visible='true' inheritsFrom='' V281='13' V1='4' name='Description'>
            <structNode t='150' idref='1'/>
          </child>
          <child t='167' id='94' V167='21' V283='1' occurMinTimes='1' occurMaxTimes='1' minSize='-1' maxSize='-1' dataType='22' repHandlerStruct='' visible='true' inheritsFrom='' V281='13' V1='4' name='SaleAmount'>
            <structNode t='150' idref='1'/>
          </child>
          <child t='167' id='95' V167='21' V283='1' occurMaxTimes='1' minSize='-1' maxSize='-1' dataType='2' repHandlerStruct='' visible='true' inheritsFrom='' V281='13' V1='4' name='PackageDescription'>
            <structNode t='150' idref='1'/>
          </child>
        </child>
      </child>
      <child t='167' id='96' V167='21' V283='1' occurMinTimes='1' occurMaxTimes='-1' minSize='-1' maxSize='-1' groupType='1' repHandlerStruct='' visible='true' inheritsFrom='' V281='13' V1='4' name='OrderLines' checksumValid='true' checksum='7w05wd9m+HsocE7VXzPqe99dXu0='>
        <structNode t='150' idref='1'/>
        <child t='167' id='97' V167='21' V283='1' occurMinTimes='1' occurMaxTimes='1' minSize='-1' maxSize='-1' dataType='2' repHandlerStruct='' visible='true' inheritsFrom='' V281='13' V1='4' name='OrderLineID'>
          <structNode t='150' idref='1'/>
        </child>
        <child t='167' id='98' V167='21' V283='1' occurMinTimes='1' occurMaxTimes='1' minSize='-1' maxSize='-1' dataType='2' repHandlerStruct='' visible='true' inheritsFrom='' V281='13' V1='4' name='LevelID'>
          <structNode t='150' idref='1'/>
        </child>
        <child t='167' id='99' V167='21' V283='1' occurMaxTimes='1' minSize='-1' maxSize='-1' dataType='2' repHandlerStruct='' visible='true' inheritsFrom='' V281='13' V1='4' name='ParentOrderLineID'>
          <structNode t='150' idref='1'/>
        </child>
        <child t='167' id='100' V167='21' V283='1' occurMinTimes='1' occurMaxTimes='1' minSize='-1' maxSize='-1' dataType='2' repHandlerStruct='' visible='true' inheritsFrom='' V281='13' V1='4' name='LevelType'>
          <structNode t='150' idref='1'/>
        </child>
        <child t='167' id='101' V167='21' V283='1' occurMinTimes='1' occurMaxTimes='1' minSize='-1' maxSize='-1' dataType='2' repHandlerStruct='' visible='true' inheritsFrom='' V281='13' V1='4' name='LevelReferenceID'>
          <structNode t='150' idref='1'/>
        </child>
        <child t='167' id='102' V167='21' V283='1' occurMaxTimes='1' minSize='-1' maxSize='-1' dataType='22' repHandlerStruct='' visible='true' inheritsFrom='' V281='13' V1='4' name='Price'>
          <structNode t='150' idref='1'/>
        </child>
        <child t='167' id='103' V167='21' V283='1' occurMaxTimes='1' minSize='-1' maxSize='-1' dataType='2' repHandlerStruct='' visible='true' inheritsFrom='' V281='13' V1='4' name='QuoteID'>
          <structNode t='150' idref='1'/>
        </child>
        <child t='167' id='104' V167='21' V283='1' occurMaxTimes='1' minSize='-1' maxSize='-1' dataType='2' repHandlerStruct='' visible='true' inheritsFrom='' V281='13' V1='4' name='AssetID'>
          <structNode t='150' idref='1'/>
        </child>
        <child t='167' id='105' V167='21' V283='1' occurMinTimes='1' occurMaxTimes='1' minSize='-1' maxSize='-1' dataType='2' repHandlerStruct='' visible='true' inheritsFrom='' V281='13' V1='4' name='ContractID'>
          <structNode t='150' idref='1'/>
        </child>
        <child t='167' id='106' V167='21' V283='1' occurMaxTimes='1' minSize='-1' maxSize='-1' dataType='2' repHandlerStruct='' visible='true' inheritsFrom='' V281='13' V1='4' name='ProductLineID'>
          <structNode t='150' idref='1'/>
        </child>
        <child t='167' id='107' V167='21' V283='1' occurMaxTimes='1' minSize='-1' maxSize='-1' dataType='2' repHandlerStruct='' visible='true' inheritsFrom='' V281='13' V1='4' name='ProductLineName'>
          <structNode t='150' idref='1'/>
        </child>
        <child t='167' id='108' V167='21' V283='1' occurMaxTimes='1' minSize='-1' maxSize='-1' dataType='2' repHandlerStruct='' visible='true' inheritsFrom='' V281='13' V1='4' name='OrderSubType'>
          <structNode t='150' idref='1'/>
        </child>
        <child t='167' id='109' V167='21' V283='1' occurMaxTimes='1' minSize='-1' maxSize='-1' dataType='2' repHandlerStruct='' visible='true' inheritsFrom='' V281='13' V1='4' name='CampaignID'>
          <structNode t='150' idref='1'/>
        </child>
        <child t='167' id='110' V167='21' V283='1' occurMaxTimes='1' minSize='-1' maxSize='-1' dataType='2' repHandlerStruct='' visible='true' inheritsFrom='' V281='13' V1='4' name='SpinePricePlanID'>
          <structNode t='150' idref='1'/>
        </child>
        <child t='167' id='111' V167='21' V283='1' occurMinTimes='1' occurMaxTimes='1' minSize='-1' maxSize='-1' dataType='12' repHandlerStruct='' visible='true' inheritsFrom='' V281='13' V1='4' name='MinorVersion'>
          <structNode t='150' idref='1'/>
        </child>
        <child t='167' id='112' V167='21' V283='1' occurMinTimes='1' occurMaxTimes='1' minSize='-1' maxSize='-1' dataType='12' repHandlerStruct='' visible='true' inheritsFrom='' V281='13' V1='4' name='MajorVersion'>
          <structNode t='150' idref='1'/>
        </child>
        <child t='167' id='113' V167='21' V283='1' occurMinTimes='1' occurMaxTimes='1' minSize='-1' maxSize='-1' dataType='2' repHandlerStruct='' visible='true' inheritsFrom='' V281='13' V1='4' name='AcquiredMajorVersion'>
          <structNode t='150' idref='1'/>
        </child>
        <child t='167' id='114' V167='21' V283='1' occurMinTimes='1' occurMaxTimes='1' minSize='-1' maxSize='-1' dataType='2' repHandlerStruct='' visible='true' inheritsFrom='' V281='13' V1='4' name='AcquiredMinorVersion'>
          <structNode t='150' idref='1'/>
        </child>
        <child t='167' id='115' V167='21' V283='1' occurMinTimes='1' occurMaxTimes='1' minSize='-1' maxSize='-1' dataType='2' repHandlerStruct='' visible='true' inheritsFrom='' V281='13' V1='4' name='Name'>
          <structNode t='150' idref='1'/>
        </child>
        <child t='167' id='116' V167='21' V283='1' occurMaxTimes='1' minSize='-1' maxSize='-1' dataType='2' repHandlerStruct='' visible='true' inheritsFrom='' V281='13' V1='4' name='Description'>
          <structNode t='150' idref='1'/>
        </child>
        <child t='167' id='117' V167='21' V283='1' occurMaxTimes='1' minSize='-1' maxSize='-1' dataType='2' repHandlerStruct='' visible='true' inheritsFrom='' V281='13' V1='4' name='Status'>
          <structNode t='150' idref='1'/>
        </child>
        <child t='167' id='118' V167='21' V283='1' occurMinTimes='1' occurMaxTimes='1' minSize='-1' maxSize='-1' dataType='31' repHandlerStruct='' visible='true' inheritsFrom='' V281='13' V1='4' name='EffectiveDate'>
          <structNode t='150' idref='1'/>
        </child>
        <child t='167' id='119' V167='21' V283='1' occurMaxTimes='1' minSize='-1' maxSize='-1' dataType='31' repHandlerStruct='' visible='true' inheritsFrom='' V281='13' V1='4' name='ExpiryDate'>
          <structNode t='150' idref='1'/>
        </child>
        <child t='167' id='120' V167='21' V283='1' occurMinTimes='1' occurMaxTimes='1' minSize='-1' maxSize='-1' dataType='30' repHandlerStruct='' visible='true' inheritsFrom='' V281='13' V1='4' name='LastUpdated'>
          <structNode t='150' idref='1'/>
        </child>
        <child t='167' id='121' V167='21' V283='1' occurMaxTimes='1' minSize='-1' maxSize='-1' dataType='12' repHandlerStruct='' visible='true' inheritsFrom='' V281='13' V1='4' name='PriceVintage'>
          <structNode t='150' idref='1'/>
        </child>
        <child t='167' id='122' V167='21' V283='1' occurMaxTimes='1' minSize='-1' maxSize='-1' dataType='12' repHandlerStruct='' visible='true' inheritsFrom='' V281='13' V1='4' name='PackageVintage'>
          <structNode t='150' idref='1'/>
        </child>
        <child t='167' id='123' V167='21' V283='1' occurMaxTimes='-1' minSize='-1' maxSize='-1' groupType='1' repHandlerStruct='' visible='true' inheritsFrom='' V281='13' V1='4' name='ContractTermsAndConditions'>
          <structNode t='150' idref='1'/>
          <child t='167' id='124' V167='21' V283='1' occurMinTimes='1' occurMaxTimes='1' minSize='-1' maxSize='-1' dataType='2' repHandlerStruct='' visible='true' inheritsFrom='' V281='13' V1='4' name='ID'>
            <structNode t='150' idref='1'/>
          </child>
          <child t='167' id='125' V167='21' V283='1' occurMaxTimes='1' minSize='-1' maxSize='-1' dataType='2' repHandlerStruct='' visible='true' inheritsFrom='' V281='13' V1='4' name='CTID'>
            <structNode t='150' idref='1'/>
          </child>
          <child t='167' id='126' V167='21' V283='1' occurMinTimes='1' occurMaxTimes='1' minSize='-1' maxSize='-1' groupType='1' repHandlerStruct='' visible='true' inheritsFrom='' V281='13' V1='4' name='NameValue' checksumValid='true' checksum='3sPhYR3K4te6pie8bdaZhoXELk8='>
            <structNode t='150' idref='1'/>
            <child t='167' id='127' V167='21' V283='1' occurMinTimes='1' occurMaxTimes='1' minSize='-1' maxSize='-1' dataType='2' repHandlerStruct='' visible='true' inheritsFrom='' V281='13' V1='4' name='Name'>
              <structNode t='150' idref='1'/>
            </child>
            <child t='167' id='128' V167='21' V283='1' occurMinTimes='1' occurMaxTimes='1' minSize='-1' maxSize='-1' dataType='2' repHandlerStruct='' visible='true' inheritsFrom='' V281='13' V1='4' name='ValueType'>
              <structNode t='150' idref='1'/>
            </child>
            <child t='167' id='129' V167='21' V283='1' occurMaxTimes='1' minSize='-1' maxSize='-1' dataType='31' repHandlerStruct='' visible='true' inheritsFrom='' V281='13' V1='4' name='DateValue'>
              <structNode t='150' idref='1'/>
            </child>
            <child t='167' id='130' V167='21' V283='1' occurMaxTimes='1' minSize='-1' maxSize='-1' dataType='21' repHandlerStruct='' visible='true' inheritsFrom='' V281='13' V1='4' name='NumericValue'>
              <structNode t='150' idref='1'/>
            </child>
            <child t='167' id='131' V167='21' V283='1' occurMaxTimes='1' minSize='-1' maxSize='-1' dataType='12' repHandlerStruct='' visible='true' inheritsFrom='' V281='13' V1='4' name='IntegerValue'>
              <structNode t='150' idref='1'/>
            </child>
            <child t='167' id='132' V167='21' V283='1' occurMaxTimes='1' minSize='-1' maxSize='-1' dataType='2' repHandlerStruct='' visible='true' inheritsFrom='' V281='13' V1='4' name='StringValue'>
              <structNode t='150' idref='1'/>
            </child>
            <child t='167' id='133' V167='21' V283='1' occurMaxTimes='1' minSize='-1' maxSize='-1' dataType='1' repHandlerStruct='' visible='true' inheritsFrom='' V281='13' V1='4' name='BooleanValue'>
              <structNode t='150' idref='1'/>
              <child t='167' id='134' V167='21' V283='1' occurMaxTimes='1' minSize='-1' maxSize='-1' dataType='2' elemType='5' repHandlerStruct='' visible='true' inheritsFrom='' V281='13' V1='4' name='true'>
                <structNode t='150' idref='1'/>
              </child>
              <child t='167' id='135' V167='21' V283='1' occurMaxTimes='1' minSize='-1' maxSize='-1' dataType='2' elemType='5' repHandlerStruct='' visible='true' inheritsFrom='' V281='13' V1='4' name='false'>
                <structNode t='150' idref='1'/>
              </child>
            </child>
            <child t='167' id='136' V167='21' V283='1' occurMaxTimes='1' minSize='-1' maxSize='-1' dataType='2' repHandlerStruct='' visible='true' inheritsFrom='' V281='13' V1='4' name='BlobValue'>
              <structNode t='150' idref='1'/>
            </child>
          </child>
        </child>
        <child t='167' id='137' V167='21' V283='1' occurMinTimes='1' occurMaxTimes='1' minSize='-1' maxSize='-1' dataType='1' repHandlerStruct='' visible='true' inheritsFrom='' V281='13' V1='4' name='IsExclusion'>
          <structNode t='150' idref='1'/>
          <child t='167' id='138' V167='21' V283='1' occurMaxTimes='1' minSize='-1' maxSize='-1' dataType='2' elemType='5' repHandlerStruct='' visible='true' inheritsFrom='' V281='13' V1='4' name='true'>
            <structNode t='150' idref='1'/>
          </child>
          <child t='167' id='139' V167='21' V283='1' occurMaxTimes='1' minSize='-1' maxSize='-1' dataType='2' elemType='5' repHandlerStruct='' visible='true' inheritsFrom='' V281='13' V1='4' name='false'>
            <structNode t='150' idref='1'/>
          </child>
        </child>
        <child t='167' id='140' V167='21' V283='1' occurMinTimes='1' occurMaxTimes='1' minSize='-1' maxSize='-1' dataType='1' repHandlerStruct='' visible='true' inheritsFrom='' V281='13' V1='4' name='IsMaterialized'>
          <structNode t='150' idref='1'/>
          <child t='167' id='141' V167='21' V283='1' occurMaxTimes='1' minSize='-1' maxSize='-1' dataType='2' elemType='5' repHandlerStruct='' visible='true' inheritsFrom='' V281='13' V1='4' name='true'>
            <structNode t='150' idref='1'/>
          </child>
          <child t='167' id='142' V167='21' V283='1' occurMaxTimes='1' minSize='-1' maxSize='-1' dataType='2' elemType='5' repHandlerStruct='' visible='true' inheritsFrom='' V281='13' V1='4' name='false'>
            <structNode t='150' idref='1'/>
          </child>
        </child>
        <child t='167' id='143' V167='21' V283='1' occurMaxTimes='1' minSize='-1' maxSize='-1' dataType='12' repHandlerStruct='' visible='true' inheritsFrom='' V281='13' V1='4' name='SpineVintage'>
          <structNode t='150' idref='1'/>
        </child>
      </child>
      <child t='167' id='144' V167='21' V283='1' occurMinTimes='1' occurMaxTimes='-1' minSize='-1' maxSize='-1' groupType='1' repHandlerStruct='' visible='true' inheritsFrom='' V281='13' V1='4' name='Partner'>
        <structNode t='150' idref='1'/>
        <child t='167' id='145' V167='21' V283='1' occurMinTimes='1' occurMaxTimes='1' minSize='-1' maxSize='-1' dataType='2' repHandlerStruct='' visible='true' inheritsFrom='' V281='13' V1='4' name='PartnerID'>
          <structNode t='150' idref='1'/>
        </child>
        <child t='167' id='146' V167='21' V283='1' occurMinTimes='1' occurMaxTimes='1' minSize='-1' maxSize='-1' dataType='2' repHandlerStruct='' visible='true' inheritsFrom='' V281='13' V1='4' name='PartnerCode'>
          <structNode t='150' idref='1'/>
        </child>
        <child t='167' id='147' V167='21' V283='1' occurMinTimes='1' occurMaxTimes='1' minSize='-1' maxSize='-1' dataType='2' repHandlerStruct='' visible='true' inheritsFrom='' V281='13' V1='4' name='PartnerName'>
          <structNode t='150' idref='1'/>
        </child>
        <child t='167' id='148' V167='21' V283='1' occurMinTimes='1' occurMaxTimes='1' minSize='-1' maxSize='-1' dataType='2' repHandlerStruct='' visible='true' inheritsFrom='' V281='13' V1='4' name='PartnerType'>
          <structNode t='150' idref='1'/>
        </child>
        <child t='167' id='149' V167='21' V283='1' occurMinTimes='1' occurMaxTimes='1' minSize='-1' maxSize='-1' dataType='2' repHandlerStruct='' visible='true' inheritsFrom='' V281='13' V1='4' name='LevelID'>
          <structNode t='150' idref='1'/>
        </child>
        <child t='167' id='150' V167='21' V283='1' occurMaxTimes='1' minSize='-1' maxSize='-1' dataType='2' repHandlerStruct='' visible='true' inheritsFrom='' V281='13' V1='4' name='LevelReferenceID'>
          <structNode t='150' idref='1'/>
        </child>
        <child t='167' id='151' V167='21' V283='1' occurMinTimes='1' occurMaxTimes='1' minSize='-1' maxSize='-1' dataType='2' repHandlerStruct='' visible='true' inheritsFrom='' V281='13' V1='4' name='OrderLineID'>
          <structNode t='150' idref='1'/>
        </child>
      </child>
      <child t='167' id='152' V167='21' V283='1' occurMaxTimes='-1' minSize='-1' maxSize='-1' groupType='1' repHandlerStruct='' visible='true' inheritsFrom='' V281='13' V1='4' name='DocumentDetails' checksumValid='true' checksum='KwnVef0dPRkV6zkT70Ujsc1aATw='>
        <structNode t='150' idref='1'/>
        <child t='167' id='153' V167='21' V283='1' occurMaxTimes='1' minSize='-1' maxSize='-1' dataType='2' repHandlerStruct='' visible='true' inheritsFrom='' V281='13' V1='4' name='UUID'>
          <structNode t='150' idref='1'/>
        </child>
        <child t='167' id='154' V167='21' V283='1' occurMinTimes='1' occurMaxTimes='1' minSize='-1' maxSize='-1' dataType='2' repHandlerStruct='' visible='true' inheritsFrom='' V281='13' V1='4' name='PartyID'>
          <structNode t='150' idref='1'/>
        </child>
        <child t='167' id='155' V167='21' V283='1' occurMinTimes='1' occurMaxTimes='1' minSize='-1' maxSize='-1' dataType='2' repHandlerStruct='' visible='true' inheritsFrom='' V281='13' V1='4' name='InstructionID'>
          <structNode t='150' idref='1'/>
        </child>
        <child t='167' id='156' V167='21' V283='1' occurMaxTimes='1' minSize='-1' maxSize='-1' dataType='2' repHandlerStruct='' visible='true' inheritsFrom='' V281='13' V1='4' name='CustomerAccountNumber'>
          <structNode t='150' idref='1'/>
        </child>
        <child t='167' id='157' V167='21' V283='1' occurMaxTimes='1' minSize='-1' maxSize='-1' dataType='2' repHandlerStruct='' visible='true' inheritsFrom='' V281='13' V1='4' name='ContractID'>
          <structNode t='150' idref='1'/>
        </child>
        <child t='167' id='158' V167='21' V283='1' occurMaxTimes='1' minSize='-1' maxSize='-1' dataType='12' repHandlerStruct='' visible='true' inheritsFrom='' V281='13' V1='4' name='MinorVersion'>
          <structNode t='150' idref='1'/>
        </child>
        <child t='167' id='159' V167='21' V283='1' occurMaxTimes='1' minSize='-1' maxSize='-1' dataType='12' repHandlerStruct='' visible='true' inheritsFrom='' V281='13' V1='4' name='MajorVersion'>
          <structNode t='150' idref='1'/>
        </child>
        <child t='167' id='160' V167='21' V283='1' occurMinTimes='1' occurMaxTimes='1' minSize='-1' maxSize='-1' dataType='2' repHandlerStruct='' visible='true' inheritsFrom='' V281='13' V1='4' name='CorrespondenceType'>
          <structNode t='150' idref='1'/>
        </child>
        <child t='167' id='161' V167='21' V283='1' occurMinTimes='1' occurMaxTimes='1' minSize='-1' maxSize='-1' dataType='2' repHandlerStruct='' visible='true' inheritsFrom='' V281='13' V1='4' name='DocumentType'>
          <structNode t='150' idref='1'/>
        </child>
        <child t='167' id='162' V167='21' V283='1' occurMinTimes='1' occurMaxTimes='1' minSize='-1' maxSize='-1' dataType='2' repHandlerStruct='' visible='true' inheritsFrom='' V281='13' V1='4' name='DocumentName'>
          <structNode t='150' idref='1'/>
        </child>
        <child t='167' id='163' V167='21' V283='1' occurMinTimes='1' occurMaxTimes='1' minSize='-1' maxSize='-1' dataType='31' repHandlerStruct='' visible='true' inheritsFrom='' V281='13' V1='4' name='CreationDate'>
          <structNode t='150' idref='1'/>
        </child>
        <child t='167' id='164' V167='21' V283='1' occurMinTimes='1' occurMaxTimes='1' minSize='-1' maxSize='-1' dataType='31' repHandlerStruct='' visible='true' inheritsFrom='' V281='13' V1='4' name='LastUpdated'>
          <structNode t='150' idref='1'/>
        </child>
        <child t='167' id='165' V167='21' V283='1' occurMinTimes='1' occurMaxTimes='1' minSize='-1' maxSize='-1' dataType='1' repHandlerStruct='' visible='true' inheritsFrom='' V281='13' V1='4' name='Reprint'>
          <structNode t='150' idref='1'/>
          <child t='167' id='166' V167='21' V283='1' occurMaxTimes='1' minSize='-1' maxSize='-1' dataType='2' elemType='5' repHandlerStruct='' visible='true' inheritsFrom='' V281='13' V1='4' name='true'>
            <structNode t='150' idref='1'/>
          </child>
          <child t='167' id='167' V167='21' V283='1' occurMaxTimes='1' minSize='-1' maxSize='-1' dataType='2' elemType='5' repHandlerStruct='' visible='true' inheritsFrom='' V281='13' V1='4' name='false'>
            <structNode t='150' idref='1'/>
          </child>
        </child>
        <child t='167' id='168' V167='21' V283='1' occurMinTimes='1' occurMaxTimes='-1' minSize='-1' maxSize='-1' groupType='1' repHandlerStruct='' visible='true' inheritsFrom='' V281='13' V1='4' name='StatusOfDocument' checksumValid='true' checksum='8jDpSiuQ7RFDpTPHoorhV77pw9Y='>
          <structNode t='150' idref='1'/>
          <child t='167' id='169' V167='21' V283='1' occurMinTimes='1' occurMaxTimes='1' minSize='-1' maxSize='-1' dataType='2' repHandlerStruct='' visible='true' inheritsFrom='' V281='13' V1='4' name='Name'>
            <structNode t='150' idref='1'/>
          </child>
          <child t='167' id='170' V167='21' V283='1' occurMinTimes='1' occurMaxTimes='1' minSize='-1' maxSize='-1' dataType='2' repHandlerStruct='' visible='true' inheritsFrom='' V281='13' V1='4' name='ValueType'>
            <structNode t='150' idref='1'/>
          </child>
          <child t='167' id='171' V167='21' V283='1' occurMaxTimes='1' minSize='-1' maxSize='-1' dataType='2' repHandlerStruct='' visible='true' inheritsFrom='' V281='13' V1='4' name='StringValue'>
            <structNode t='150' idref='1'/>
          </child>
          <child t='167' id='172' V167='21' V283='1' occurMaxTimes='1' minSize='-1' maxSize='-1' dataType='12' repHandlerStruct='' visible='true' inheritsFrom='' V281='13' V1='4' name='IntegerValue'>
            <structNode t='150' idref='1'/>
          </child>
          <child t='167' id='173' V167='21' V283='1' occurMaxTimes='1' minSize='-1' maxSize='-1' dataType='22' repHandlerStruct='' visible='true' inheritsFrom='' V281='13' V1='4' name='NumericValue'>
            <structNode t='150' idref='1'/>
          </child>
          <child t='167' id='174' V167='21' V283='1' occurMaxTimes='1' minSize='-1' maxSize='-1' dataType='31' repHandlerStruct='' visible='true' inheritsFrom='' V281='13' V1='4' name='DateValue'>
            <structNode t='150' idref='1'/>
          </child>
          <child t='167' id='175' V167='21' V283='1' occurMaxTimes='1' minSize='-1' maxSize='-1' dataType='2' repHandlerStruct='' visible='true' inheritsFrom='' V281='13' V1='4' name='BlobValue'>
            <structNode t='150' idref='1'/>
          </child>
          <child t='167' id='176' V167='21' V283='1' occurMaxTimes='1' minSize='-1' maxSize='-1' dataType='1' repHandlerStruct='' visible='true' inheritsFrom='' V281='13' V1='4' name='BooleanValue'>
            <structNode t='150' idref='1'/>
            <child t='167' id='177' V167='21' V283='1' occurMaxTimes='1' minSize='-1' maxSize='-1' dataType='2' elemType='5' repHandlerStruct='' visible='true' inheritsFrom='' V281='13' V1='4' name='true'>
              <structNode t='150' idref='1'/>
            </child>
            <child t='167' id='178' V167='21' V283='1' occurMaxTimes='1' minSize='-1' maxSize='-1' dataType='2' elemType='5' repHandlerStruct='' visible='true' inheritsFrom='' V281='13' V1='4' name='false'>
              <structNode t='150' idref='1'/>
            </child>
          </child>
        </child>
      </child>
      <child t='167' id='179' V167='21' V283='1' occurMaxTimes='-1' minSize='-1' maxSize='-1' groupType='1' repHandlerStruct='' visible='true' inheritsFrom='' V281='13' V1='4' name='Assets'>
        <structNode t='150' idref='1'/>
        <child t='167' id='180' V167='21' V283='1' occurMinTimes='1' occurMaxTimes='1' minSize='-1' maxSize='-1' dataType='2' repHandlerStruct='' visible='true' inheritsFrom='' V281='13' V1='4' name='AssetID'>
          <structNode t='150' idref='1'/>
        </child>
        <child t='167' id='181' V167='21' V283='1' occurMinTimes='1' occurMaxTimes='1' minSize='-1' maxSize='-1' dataType='31' repHandlerStruct='' visible='true' inheritsFrom='' V281='13' V1='4' name='EffectiveDate'>
          <structNode t='150' idref='1'/>
        </child>
        <child t='167' id='182' V167='21' V283='1' occurMaxTimes='1' minSize='-1' maxSize='-1' dataType='31' repHandlerStruct='' visible='true' inheritsFrom='' V281='13' V1='4' name='ExpiryDate'>
          <structNode t='150' idref='1'/>
        </child>
        <child t='167' id='183' V167='21' V283='1' occurMinTimes='1' occurMaxTimes='1' minSize='-1' maxSize='-1' groupType='1' repHandlerStruct='' visible='true' inheritsFrom='' V281='13' V1='4' name='AssetType'>
          <structNode t='150' idref='1'/>
          <child t='167' id='184' V167='21' V283='1' occurMinTimes='1' occurMaxTimes='1' minSize='-1' maxSize='-1' dataType='2' repHandlerStruct='' visible='true' inheritsFrom='' V281='13' V1='4' name='AssetTypeID'>
            <structNode t='150' idref='1'/>
          </child>
          <child t='167' id='185' V167='21' V283='1' occurMinTimes='1' occurMaxTimes='1' minSize='-1' maxSize='-1' dataType='2' repHandlerStruct='' visible='true' inheritsFrom='' V281='13' V1='4' name='AssetTypeName'>
            <structNode t='150' idref='1'/>
          </child>
        </child>
        <child t='167' id='186' V167='21' V283='1' occurMinTimes='1' occurMaxTimes='-1' minSize='-1' maxSize='-1' groupType='1' repHandlerStruct='' visible='true' inheritsFrom='' V281='13' V1='4' name='AssetDetails'>
          <structNode t='150' idref='1'/>
          <child t='167' id='187' V167='21' V283='1' occurMinTimes='1' occurMaxTimes='1' minSize='-1' maxSize='-1' dataType='2' repHandlerStruct='' visible='true' inheritsFrom='' V281='13' V1='4' name='AssetDetailID'>
            <structNode t='150' idref='1'/>
          </child>
          <child t='167' id='188' V167='21' V283='1' occurMinTimes='1' occurMaxTimes='1' minSize='-1' maxSize='-1' groupType='1' repHandlerStruct='' visible='true' inheritsFrom='' V281='13' V1='4' name='AssetNameValuePair' checksumValid='true' checksum='8mrf3kuKvLfoZ7c5svzodgsuyCo='>
            <structNode t='150' idref='1'/>
            <child t='167' id='189' V167='21' V283='1' occurMinTimes='1' occurMaxTimes='1' minSize='-1' maxSize='-1' dataType='2' repHandlerStruct='' visible='true' inheritsFrom='' V281='13' V1='4' name='Name'>
              <structNode t='150' idref='1'/>
            </child>
            <child t='167' id='190' V167='21' V283='1' occurMinTimes='1' occurMaxTimes='1' minSize='-1' maxSize='-1' dataType='2' repHandlerStruct='' visible='true' inheritsFrom='' V281='13' V1='4' name='ValueType'>
              <structNode t='150' idref='1'/>
            </child>
            <child t='167' id='191' V167='21' V283='1' occurMaxTimes='1' minSize='-1' maxSize='-1' dataType='31' repHandlerStruct='' visible='true' inheritsFrom='' V281='13' V1='4' name='DateValue'>
              <structNode t='150' idref='1'/>
            </child>
            <child t='167' id='192' V167='21' V283='1' occurMaxTimes='1' minSize='-1' maxSize='-1' dataType='21' repHandlerStruct='' visible='true' inheritsFrom='' V281='13' V1='4' name='NumericValue'>
              <structNode t='150' idref='1'/>
            </child>
            <child t='167' id='193' V167='21' V283='1' occurMaxTimes='1' minSize='-1' maxSize='-1' dataType='12' repHandlerStruct='' visible='true' inheritsFrom='' V281='13' V1='4' name='IntegerValue'>
              <structNode t='150' idref='1'/>
            </child>
            <child t='167' id='194' V167='21' V283='1' occurMaxTimes='1' minSize='-1' maxSize='-1' dataType='2' repHandlerStruct='' visible='true' inheritsFrom='' V281='13' V1='4' name='StringValue'>
              <structNode t='150' idref='1'/>
            </child>
            <child t='167' id='195' V167='21' V283='1' occurMaxTimes='1' minSize='-1' maxSize='-1' dataType='1' repHandlerStruct='' visible='true' inheritsFrom='' V281='13' V1='4' name='BooleanValue'>
              <structNode t='150' idref='1'/>
              <child t='167' id='196' V167='21' V283='1' occurMaxTimes='1' minSize='-1' maxSize='-1' dataType='2' elemType='5' repHandlerStruct='' visible='true' inheritsFrom='' V281='13' V1='4' name='true'>
                <structNode t='150' idref='1'/>
              </child>
              <child t='167' id='197' V167='21' V283='1' occurMaxTimes='1' minSize='-1' maxSize='-1' dataType='2' elemType='5' repHandlerStruct='' visible='true' inheritsFrom='' V281='13' V1='4' name='false'>
                <structNode t='150' idref='1'/>
              </child>
            </child>
            <child t='167' id='198' V167='21' V283='1' occurMaxTimes='1' minSize='-1' maxSize='-1' dataType='2' repHandlerStruct='' visible='true' inheritsFrom='' V281='13' V1='4' name='BlobValue'>
              <structNode t='150' idref='1'/>
            </child>
          </child>
          <child t='167' id='199' V167='21' V283='1' occurMaxTimes='1' minSize='-1' maxSize='-1' dataType='2' repHandlerStruct='' visible='true' inheritsFrom='' V281='13' V1='4' name='RegEx'>
            <structNode t='150' idref='1'/>
          </child>
        </child>
      </child>
      <child t='167' id='200' V167='21' V283='1' occurMinTimes='1' occurMaxTimes='1' minSize='-1' maxSize='-1' groupType='1' repHandlerStruct='' visible='true' inheritsFrom='' V281='13' V1='4' name='ServiceAddress' checksumValid='true' checksum='iABzEna0pEE2hSu8DGF5pTDH5ns='>
        <structNode t='150' idref='1'/>
        <child t='167' id='201' V167='21' V283='1' occurMaxTimes='1' minSize='-1' maxSize='-1' dataType='2' repHandlerStruct='' visible='true' inheritsFrom='' V281='13' V1='4' name='AddressID'>
          <structNode t='150' idref='1'/>
        </child>
        <child t='167' id='202' V167='21' V283='1' occurMinTimes='1' occurMaxTimes='1' minSize='-1' maxSize='-1' dataType='2' repHandlerStruct='' visible='true' inheritsFrom='' V281='13' V1='4' name='AddressType'>
          <structNode t='150' idref='1'/>
        </child>
        <child t='167' id='203' V167='21' V283='1' occurMaxTimes='1' minSize='-1' maxSize='-1' dataType='2' repHandlerStruct='' visible='true' inheritsFrom='' V281='13' V1='4' name='FlatNumber'>
          <structNode t='150' idref='1'/>
        </child>
        <child t='167' id='204' V167='21' V283='1' occurMaxTimes='1' minSize='-1' maxSize='-1' dataType='2' repHandlerStruct='' visible='true' inheritsFrom='' V281='13' V1='4' name='VanityName'>
          <structNode t='150' idref='1'/>
        </child>
        <child t='167' id='205' V167='21' V283='1' occurMaxTimes='1' minSize='-1' maxSize='-1' dataType='2' repHandlerStruct='' visible='true' inheritsFrom='' V281='13' V1='4' name='BuildingName'>
          <structNode t='150' idref='1'/>
        </child>
        <child t='167' id='206' V167='21' V283='1' occurMaxTimes='1' minSize='-1' maxSize='-1' dataType='2' repHandlerStruct='' visible='true' inheritsFrom='' V281='13' V1='4' name='BuildingNumber'>
          <structNode t='150' idref='1'/>
        </child>
        <child t='167' id='207' V167='21' V283='1' occurMaxTimes='1' minSize='-1' maxSize='-1' dataType='2' repHandlerStruct='' visible='true' inheritsFrom='' V281='13' V1='4' name='PropertyType'>
          <structNode t='150' idref='1'/>
        </child>
        <child t='167' id='208' V167='21' V283='1' occurMaxTimes='1' minSize='-1' maxSize='-1' dataType='2' repHandlerStruct='' visible='true' inheritsFrom='' V281='13' V1='4' name='SubStreet'>
          <structNode t='150' idref='1'/>
        </child>
        <child t='167' id='209' V167='21' V283='1' occurMaxTimes='1' minSize='-1' maxSize='-1' dataType='2' repHandlerStruct='' visible='true' inheritsFrom='' V281='13' V1='4' name='Street'>
          <structNode t='150' idref='1'/>
        </child>
        <child t='167' id='210' V167='21' V283='1' occurMaxTimes='1' minSize='-1' maxSize='-1' dataType='2' repHandlerStruct='' visible='true' inheritsFrom='' V281='13' V1='4' name='City'>
          <structNode t='150' idref='1'/>
        </child>
        <child t='167' id='211' V167='21' V283='1' occurMaxTimes='1' minSize='-1' maxSize='-1' dataType='2' repHandlerStruct='' visible='true' inheritsFrom='' V281='13' V1='4' name='County'>
          <structNode t='150' idref='1'/>
        </child>
        <child t='167' id='212' V167='21' V283='1' occurMinTimes='1' occurMaxTimes='1' minSize='-1' maxSize='-1' groupType='1' repHandlerStruct='' visible='true' inheritsFrom='' V281='13' V1='4' name='CountryType'>
          <structNode t='150' idref='1'/>
          <child t='167' id='213' V167='21' V283='1' occurMinTimes='1' occurMaxTimes='1' minSize='-1' maxSize='-1' dataType='2' repHandlerStruct='' visible='true' inheritsFrom='' V281='13' V1='4' name='Key'>
            <structNode t='150' idref='1'/>
          </child>
          <child t='167' id='214' V167='21' V283='1' occurMinTimes='1' occurMaxTimes='1' minSize='-1' maxSize='-1' dataType='2' repHandlerStruct='' visible='true' inheritsFrom='' V281='13' V1='4' name='Value'>
            <structNode t='150' idref='1'/>
          </child>
        </child>
        <child t='167' id='215' V167='21' V283='1' occurMaxTimes='1' minSize='-1' maxSize='-1' dataType='2' repHandlerStruct='' visible='true' inheritsFrom='' V281='13' V1='4' name='POBox'>
          <structNode t='150' idref='1'/>
        </child>
        <child t='167' id='216' V167='21' V283='1' occurMinTimes='1' occurMaxTimes='1' minSize='-1' maxSize='-1' dataType='2' repHandlerStruct='' visible='true' inheritsFrom='' V281='13' V1='4' name='Postcode'>
          <structNode t='150' idref='1'/>
        </child>
        <child t='167' id='217' V167='21' V283='1' occurMaxTimes='1' minSize='-1' maxSize='-1' dataType='2' repHandlerStruct='' visible='true' inheritsFrom='' V281='13' V1='4' name='DPS'>
          <structNode t='150' idref='1'/>
        </child>
        <child t='167' id='218' V167='21' V283='1' occurMaxTimes='1' minSize='-1' maxSize='-1' dataType='2' repHandlerStruct='' visible='true' inheritsFrom='' V281='13' V1='4' name='ExtAddressKey'>
          <structNode t='150' idref='1'/>
        </child>
        <child t='167' id='219' V167='21' V283='1' occurMaxTimes='1' minSize='-1' maxSize='-1' dataType='31' repHandlerStruct='' visible='true' inheritsFrom='' V281='13' V1='4' name='VintageEffectiveDate'>
          <structNode t='150' idref='1'/>
        </child>
        <child t='167' id='220' V167='21' V283='1' occurMaxTimes='1' minSize='-1' maxSize='-1' dataType='31' repHandlerStruct='' visible='true' inheritsFrom='' V281='13' V1='4' name='VintageExpiryDate'>
          <structNode t='150' idref='1'/>
        </child>
      </child>
      <child t='167' id='221' V167='21' V283='1' occurMaxTimes='1' minSize='-1' maxSize='-1' groupType='1' repHandlerStruct='' visible='true' inheritsFrom='' V281='13' V1='4' name='NextPaymentInstruction'>
        <structNode t='150' idref='1'/>
        <child t='167' id='222' V167='21' V283='1' occurMaxTimes='1' minSize='-1' maxSize='-1' dataType='31' repHandlerStruct='' visible='true' inheritsFrom='' V281='13' V1='4' name='NextPaymentDate'>
          <structNode t='150' idref='1'/>
        </child>
        <child t='167' id='223' V167='21' V283='1' occurMaxTimes='1' minSize='-1' maxSize='-1' dataType='22' repHandlerStruct='' visible='true' inheritsFrom='' V281='13' V1='4' name='NextPaymentAmount'>
          <structNode t='150' idref='1'/>
        </child>
        <child t='167' id='224' V167='21' V283='1' occurMinTimes='1' occurMaxTimes='1' minSize='-1' maxSize='-1' dataType='2' repHandlerStruct='' visible='true' inheritsFrom='' V281='13' V1='4' name='PaymentFrequency'>
          <structNode t='150' idref='1'/>
        </child>
        <child t='167' id='225' V167='21' V283='1' occurMinTimes='1' occurMaxTimes='1' minSize='-1' maxSize='-1' groupType='1' repHandlerStruct='' visible='true' inheritsFrom='' V281='13' V1='4' name='PaymentMethod'>
          <structNode t='150' idref='1'/>
          <child t='167' id='226' V167='21' V283='1' occurMinTimes='1' occurMaxTimes='1' minSize='-1' maxSize='-1' dataType='2' repHandlerStruct='' visible='true' inheritsFrom='' V281='13' V1='4' name='PaymentMethodID'>
            <structNode t='150' idref='1'/>
          </child>
          <child t='167' id='227' V167='21' V283='1' occurMinTimes='1' occurMaxTimes='1' minSize='-1' maxSize='-1' groupType='1' repHandlerStruct='' visible='true' inheritsFrom='' V281='13' V1='4' name='PaymentMethodType'>
            <structNode t='150' idref='1'/>
            <child t='167' id='228' V167='21' V283='1' occurMinTimes='1' occurMaxTimes='1' minSize='-1' maxSize='-1' dataType='2' repHandlerStruct='' visible='true' inheritsFrom='' V281='13' V1='4' name='Key'>
              <structNode t='150' idref='1'/>
            </child>
            <child t='167' id='229' V167='21' V283='1' occurMinTimes='1' occurMaxTimes='1' minSize='-1' maxSize='-1' dataType='2' repHandlerStruct='' visible='true' inheritsFrom='' V281='13' V1='4' name='Value'>
              <structNode t='150' idref='1'/>
            </child>
          </child>
          <child t='167' id='230' V167='21' V283='1' occurMinTimes='1' occurMaxTimes='1' minSize='-1' maxSize='-1' dataType='2' repHandlerStruct='' visible='true' inheritsFrom='' V281='13' V1='4' name='PaymentMethodStatus'>
            <structNode t='150' idref='1'/>
          </child>
          <child t='167' id='231' V167='21' V283='1' occurMaxTimes='1' minSize='-1' maxSize='-1' groupType='1' repHandlerStruct='' visible='true' inheritsFrom='' V281='13' V1='4' name='BankAccountInformation'>
            <structNode t='150' idref='1'/>
            <child t='167' id='232' V167='21' V283='1' occurMinTimes='1' occurMaxTimes='1' minSize='-1' maxSize='-1' dataType='2' repHandlerStruct='' visible='true' inheritsFrom='' V281='13' V1='4' name='AccountNumber'>
              <structNode t='150' idref='1'/>
            </child>
            <child t='167' id='233' V167='21' V283='1' occurMinTimes='1' occurMaxTimes='1' minSize='-1' maxSize='-1' dataType='2' repHandlerStruct='' visible='true' inheritsFrom='' V281='13' V1='4' name='AccountHolderName'>
              <structNode t='150' idref='1'/>
            </child>
            <child t='167' id='234' V167='21' V283='1' occurMinTimes='1' occurMaxTimes='1' minSize='-1' maxSize='-1' dataType='2' repHandlerStruct='' visible='true' inheritsFrom='' V281='13' V1='4' name='SortCode'>
              <structNode t='150' idref='1'/>
            </child>
            <child t='167' id='235' V167='21' V283='1' occurMaxTimes='1' minSize='-1' maxSize='-1' dataType='2' repHandlerStruct='' visible='true' inheritsFrom='' V281='13' V1='4' name='RollNumber'>
              <structNode t='150' idref='1'/>
            </child>
            <child t='167' id='236' V167='21' V283='1' occurMaxTimes='1' minSize='-1' maxSize='-1' dataType='2' repHandlerStruct='' visible='true' inheritsFrom='' V281='13' V1='4' name='CheckContext'>
              <structNode t='150' idref='1'/>
            </child>
            <child t='167' id='237' V167='21' V283='1' occurMaxTimes='1' minSize='-1' maxSize='-1' groupType='1' repHandlerStruct='' visible='true' inheritsFrom='' V281='13' V1='4' name='AccountInformation'>
              <structNode t='150' idref='1'/>
              <child t='167' id='238' V167='21' V283='1' occurMinTimes='1' occurMaxTimes='1' minSize='-1' maxSize='-1' dataType='2' repHandlerStruct='' visible='true' inheritsFrom='' V281='13' V1='4' name='AccountType'>
                <structNode t='150' idref='1'/>
              </child>
              <child t='167' id='239' V167='21' V283='1' occurMinTimes='1' occurMaxTimes='1' minSize='-1' maxSize='-1' dataType='2' repHandlerStruct='' visible='true' inheritsFrom='' V281='13' V1='4' name='CustomerAccountType'>
                <structNode t='150' idref='1'/>
              </child>
            </child>
          </child>
          <child t='167' id='240' V167='21' V283='1' occurMaxTimes='1' minSize='-1' maxSize='-1' groupType='1' repHandlerStruct='' visible='true' inheritsFrom='' V281='13' V1='4' name='CardInformation' checksumValid='true' checksum='yYyt9JGZyNRevzV6gHaa33yBYeU='>
            <structNode t='150' idref='1'/>
            <child t='167' id='241' V167='21' V283='1' occurMinTimes='1' occurMaxTimes='1' minSize='-1' maxSize='-1' dataType='2' repHandlerStruct='' visible='true' inheritsFrom='' V281='13' V1='4' name='CardAuthorisationToken'>
              <structNode t='150' idref='1'/>
            </child>
            <child t='167' id='242' V167='21' V283='1' occurMinTimes='1' occurMaxTimes='1' minSize='-1' maxSize='-1' dataType='2' repHandlerStruct='' visible='true' inheritsFrom='' V281='13' V1='4' name='CardNumberLast4Digits'>
              <structNode t='150' idref='1'/>
            </child>
            <child t='167' id='243' V167='21' V283='1' occurMinTimes='1' occurMaxTimes='1' minSize='-1' maxSize='-1' dataType='2' repHandlerStruct='' visible='true' inheritsFrom='' V281='13' V1='4' name='CardType'>
              <structNode t='150' idref='1'/>
            </child>
            <child t='167' id='244' V167='21' V283='1' occurMinTimes='1' occurMaxTimes='1' minSize='-1' maxSize='-1' dataType='2' repHandlerStruct='' visible='true' inheritsFrom='' V281='13' V1='4' name='NameOnCard'>
              <structNode t='150' idref='1'/>
            </child>
            <child t='167' id='245' V167='21' V283='1' occurMaxTimes='1' minSize='-1' maxSize='-1' dataType='2' repHandlerStruct='' visible='true' inheritsFrom='' V281='13' V1='4' name='NonStandardAccountNumber'>
              <structNode t='150' idref='1'/>
            </child>
            <child t='167' id='246' V167='21' V283='1' occurMaxTimes='1' minSize='-1' maxSize='-1' dataType='2' repHandlerStruct='' visible='true' inheritsFrom='' V281='13' V1='4' name='ValidFrom'>
              <structNode t='150' idref='1'/>
            </child>
            <child t='167' id='247' V167='21' V283='1' occurMinTimes='1' occurMaxTimes='1' minSize='-1' maxSize='-1' dataType='2' repHandlerStruct='' visible='true' inheritsFrom='' V281='13' V1='4' name='ExpiryDate'>
              <structNode t='150' idref='1'/>
            </child>
            <child t='167' id='248' V167='21' V283='1' occurMinTimes='1' occurMaxTimes='1' minSize='-1' maxSize='-1' dataType='2' repHandlerStruct='' visible='true' inheritsFrom='' V281='13' V1='4' name='TxnReference'>
              <structNode t='150' idref='1'/>
            </child>
            <child t='167' id='249' V167='21' V283='1' occurMinTimes='1' occurMaxTimes='1' minSize='-1' maxSize='-1' dataType='2' repHandlerStruct='' visible='true' inheritsFrom='' V281='13' V1='4' name='MerchantReference'>
              <structNode t='150' idref='1'/>
            </child>
            <child t='167' id='250' V167='21' V283='1' occurMaxTimes='1' minSize='-1' maxSize='-1' dataType='2' repHandlerStruct='' visible='true' inheritsFrom='' V281='13' V1='4' name='AuthorisationCode'>
              <structNode t='150' idref='1'/>
            </child>
          </child>
          <child t='167' id='251' V167='21' V283='1' occurMaxTimes='1' minSize='-1' maxSize='-1' groupType='1' repHandlerStruct='' visible='true' inheritsFrom='' V281='13' V1='4' name='ChequeInformation'>
            <structNode t='150' idref='1'/>
            <child t='167' id='252' V167='21' V283='1' occurMinTimes='1' occurMaxTimes='1' minSize='-1' maxSize='-1' dataType='2' repHandlerStruct='' visible='true' inheritsFrom='' V281='13' V1='4' name='ChequeNumber'>
              <structNode t='150' idref='1'/>
            </child>
            <child t='167' id='253' V167='21' V283='1' occurMinTimes='1' occurMaxTimes='1' minSize='-1' maxSize='-1' dataType='2' repHandlerStruct='' visible='true' inheritsFrom='' V281='13' V1='4' name='ChequeType'>
              <structNode t='150' idref='1'/>
            </child>
            <child t='167' id='254' V167='21' V283='1' occurMinTimes='1' occurMaxTimes='1' minSize='-1' maxSize='-1' dataType='31' repHandlerStruct='' visible='true' inheritsFrom='' V281='13' V1='4' name='IssueDate'>
              <structNode t='150' idref='1'/>
            </child>
            <child t='167' id='255' V167='21' V283='1' occurMinTimes='1' occurMaxTimes='1' minSize='-1' maxSize='-1' dataType='2' repHandlerStruct='' visible='true' inheritsFrom='' V281='13' V1='4' name='AccountNumber'>
              <structNode t='150' idref='1'/>
            </child>
            <child t='167' id='256' V167='21' V283='1' occurMaxTimes='1' minSize='-1' maxSize='-1' dataType='2' repHandlerStruct='' visible='true' inheritsFrom='' V281='13' V1='4' name='SortCode'>
              <structNode t='150' idref='1'/>
            </child>
            <child t='167' id='257' V167='21' V283='1' occurMinTimes='1' occurMaxTimes='1' minSize='-1' maxSize='-1' dataType='22' repHandlerStruct='' visible='true' inheritsFrom='' V281='13' V1='4' name='Amount'>
              <structNode t='150' idref='1'/>
            </child>
          </child>
        </child>
      </child>
      <child t='167' id='258' V167='21' V283='1' occurMinTimes='1' occurMaxTimes='-1' minSize='-1' maxSize='-1' groupType='1' repHandlerStruct='' visible='true' inheritsFrom='' V281='13' V1='4' name='Contacts' checksumValid='true' checksum='zTH+QxIOsrV1EsvTb0dfjhYac1A='>
        <structNode t='150' idref='1'/>
        <child t='167' id='259' V167='21' V283='1' occurMaxTimes='1' minSize='-1' maxSize='-1' dataType='2' repHandlerStruct='' visible='true' inheritsFrom='' V281='13' V1='4' name='SourceCustomerID'>
          <structNode t='150' idref='1'/>
        </child>
        <child t='167' id='260' V167='21' V283='1' occurMinTimes='1' occurMaxTimes='1' minSize='-1' maxSize='-1' dataType='2' repHandlerStruct='' visible='true' inheritsFrom='' V281='13' V1='4' name='CustomerAccountNumber'>
          <structNode t='150' idref='1'/>
        </child>
        <child t='167' id='261' V167='21' V283='1' occurMaxTimes='1' minSize='-1' maxSize='-1' dataType='31' repHandlerStruct='' visible='true' inheritsFrom='' V281='13' V1='4' name='VintageEffectiveDate'>
          <structNode t='150' idref='1'/>
        </child>
        <child t='167' id='262' V167='21' V283='1' occurMaxTimes='1' minSize='-1' maxSize='-1' dataType='31' repHandlerStruct='' visible='true' inheritsFrom='' V281='13' V1='4' name='VintageExpiryDate'>
          <structNode t='150' idref='1'/>
        </child>
        <child t='167' id='263' V167='21' V283='1' occurMinTimes='1' occurMaxTimes='-1' minSize='-1' maxSize='-1' groupType='1' repHandlerStruct='' visible='true' inheritsFrom='' V281='13' V1='4' name='Addresses' checksumValid='true' checksum='ivJKOy5YGvOiS7qJNTCrPKayHZU='>
          <structNode t='150' idref='1'/>
          <child t='167' id='264' V167='21' V283='1' occurMaxTimes='1' minSize='-1' maxSize='-1' dataType='2' repHandlerStruct='' visible='true' inheritsFrom='' V281='13' V1='4' name='AddressID'>
            <structNode t='150' idref='1'/>
          </child>
          <child t='167' id='265' V167='21' V283='1' occurMinTimes='1' occurMaxTimes='1' minSize='-1' maxSize='-1' dataType='2' repHandlerStruct='' visible='true' inheritsFrom='' V281='13' V1='4' name='AddressType'>
            <structNode t='150' idref='1'/>
          </child>
          <child t='167' id='266' V167='21' V283='1' occurMaxTimes='1' minSize='-1' maxSize='-1' dataType='2' repHandlerStruct='' visible='true' inheritsFrom='' V281='13' V1='4' name='FlatNumber'>
            <structNode t='150' idref='1'/>
          </child>
          <child t='167' id='267' V167='21' V283='1' occurMaxTimes='1' minSize='-1' maxSize='-1' dataType='2' repHandlerStruct='' visible='true' inheritsFrom='' V281='13' V1='4' name='VanityName'>
            <structNode t='150' idref='1'/>
          </child>
          <child t='167' id='268' V167='21' V283='1' occurMaxTimes='1' minSize='-1' maxSize='-1' dataType='2' repHandlerStruct='' visible='true' inheritsFrom='' V281='13' V1='4' name='BuildingName'>
            <structNode t='150' idref='1'/>
          </child>
          <child t='167' id='269' V167='21' V283='1' occurMaxTimes='1' minSize='-1' maxSize='-1' dataType='2' repHandlerStruct='' visible='true' inheritsFrom='' V281='13' V1='4' name='BuildingNumber'>
            <structNode t='150' idref='1'/>
          </child>
          <child t='167' id='270' V167='21' V283='1' occurMaxTimes='1' minSize='-1' maxSize='-1' dataType='2' repHandlerStruct='' visible='true' inheritsFrom='' V281='13' V1='4' name='PropertyType'>
            <structNode t='150' idref='1'/>
          </child>
          <child t='167' id='271' V167='21' V283='1' occurMaxTimes='1' minSize='-1' maxSize='-1' dataType='2' repHandlerStruct='' visible='true' inheritsFrom='' V281='13' V1='4' name='Substreet'>
            <structNode t='150' idref='1'/>
          </child>
          <child t='167' id='272' V167='21' V283='1' occurMaxTimes='1' minSize='-1' maxSize='-1' dataType='2' repHandlerStruct='' visible='true' inheritsFrom='' V281='13' V1='4' name='Street'>
            <structNode t='150' idref='1'/>
          </child>
          <child t='167' id='273' V167='21' V283='1' occurMaxTimes='1' minSize='-1' maxSize='-1' dataType='2' repHandlerStruct='' visible='true' inheritsFrom='' V281='13' V1='4' name='City'>
            <structNode t='150' idref='1'/>
          </child>
          <child t='167' id='274' V167='21' V283='1' occurMaxTimes='1' minSize='-1' maxSize='-1' dataType='2' repHandlerStruct='' visible='true' inheritsFrom='' V281='13' V1='4' name='County'>
            <structNode t='150' idref='1'/>
          </child>
          <child t='167' id='275' V167='21' V283='1' occurMinTimes='1' occurMaxTimes='1' minSize='-1' maxSize='-1' groupType='1' repHandlerStruct='' visible='true' inheritsFrom='' V281='13' V1='4' name='CountryType'>
            <structNode t='150' idref='1'/>
            <child t='167' id='276' V167='21' V283='1' occurMinTimes='1' occurMaxTimes='1' minSize='-1' maxSize='-1' dataType='2' repHandlerStruct='' visible='true' inheritsFrom='' V281='13' V1='4' name='Key'>
              <structNode t='150' idref='1'/>
            </child>
            <child t='167' id='277' V167='21' V283='1' occurMinTimes='1' occurMaxTimes='1' minSize='-1' maxSize='-1' dataType='2' repHandlerStruct='' visible='true' inheritsFrom='' V281='13' V1='4' name='Value'>
              <structNode t='150' idref='1'/>
            </child>
          </child>
          <child t='167' id='278' V167='21' V283='1' occurMaxTimes='1' minSize='-1' maxSize='-1' dataType='2' repHandlerStruct='' visible='true' inheritsFrom='' V281='13' V1='4' name='POBox'>
            <structNode t='150' idref='1'/>
          </child>
          <child t='167' id='279' V167='21' V283='1' occurMinTimes='1' occurMaxTimes='1' minSize='-1' maxSize='-1' dataType='2' repHandlerStruct='' visible='true' inheritsFrom='' V281='13' V1='4' name='Postcode'>
            <structNode t='150' idref='1'/>
          </child>
          <child t='167' id='280' V167='21' V283='1' occurMaxTimes='1' minSize='-1' maxSize='-1' dataType='2' repHandlerStruct='' visible='true' inheritsFrom='' V281='13' V1='4' name='DPS'>
            <structNode t='150' idref='1'/>
          </child>
          <child t='167' id='281' V167='21' V283='1' occurMaxTimes='1' minSize='-1' maxSize='-1' dataType='2' repHandlerStruct='' visible='true' inheritsFrom='' V281='13' V1='4' name='ExtAddressKey'>
            <structNode t='150' idref='1'/>
          </child>
          <child t='167' id='282' V167='21' V283='1' occurMaxTimes='1' minSize='-1' maxSize='-1' dataType='31' repHandlerStruct='' visible='true' inheritsFrom='' V281='13' V1='4' name='VintageEffectiveDate'>
            <structNode t='150' idref='1'/>
          </child>
          <child t='167' id='283' V167='21' V283='1' occurMaxTimes='1' minSize='-1' maxSize='-1' dataType='31' repHandlerStruct='' visible='true' inheritsFrom='' V281='13' V1='4' name='VintageExpiryDate'>
            <structNode t='150' idref='1'/>
          </child>
        </child>
        <child t='167' id='284' V167='21' V283='1' occurMinTimes='1' occurMaxTimes='1' minSize='-1' maxSize='-1' groupType='1' repHandlerStruct='' visible='true' inheritsFrom='' V281='13' V1='4' name='PartyDetails'>
          <structNode t='150' idref='1'/>
          <child t='167' id='285' V167='21' V283='1' occurMinTimes='1' occurMaxTimes='1' minSize='-1' maxSize='-1' dataType='2' repHandlerStruct='' visible='true' inheritsFrom='' V281='13' V1='4' name='PartyID'>
            <structNode t='150' idref='1'/>
          </child>
          <child t='167' id='286' V167='21' V283='1' occurMaxTimes='1' minSize='-1' maxSize='-1' dataType='2' repHandlerStruct='' visible='true' inheritsFrom='' V281='13' V1='4' name='PartyRole'>
            <structNode t='150' idref='1'/>
          </child>
          <child t='167' id='287' V167='21' V283='1' occurMinTimes='1' occurMaxTimes='1' minSize='-1' maxSize='-1' dataType='2' repHandlerStruct='' visible='true' inheritsFrom='' V281='13' V1='4' name='PartyType'>
            <structNode t='150' idref='1'/>
          </child>
          <child t='167' id='288' V167='21' V283='1' occurMaxTimes='1' minSize='-1' maxSize='-1' dataType='2' repHandlerStruct='' visible='true' inheritsFrom='' V281='13' V1='4' name='PartyRelationship'>
            <structNode t='150' idref='1'/>
          </child>
        </child>
        <child t='167' id='289' V167='21' V283='1' occurMaxTimes='1' minSize='-1' maxSize='-1' groupType='1' repHandlerStruct='' visible='true' inheritsFrom='' V281='13' V1='4' name='PersonDetails'>
          <structNode t='150' idref='1'/>
          <child t='167' id='290' V167='21' V283='1' occurMinTimes='1' occurMaxTimes='1' minSize='-1' maxSize='-1' groupType='1' repHandlerStruct='' visible='true' inheritsFrom='' V281='13' V1='4' name='PersonName' checksumValid='true' checksum='iajKE4M3Ypi44Z1/c59DF5z+84M='>
            <structNode t='150' idref='1'/>
            <child t='167' id='291' V167='21' V283='1' occurMinTimes='1' occurMaxTimes='1' minSize='-1' maxSize='-1' groupType='1' repHandlerStruct='' visible='true' inheritsFrom='' V281='13' V1='4' name='Title'>
              <structNode t='150' idref='1'/>
              <child t='167' id='292' V167='21' V283='1' occurMinTimes='1' occurMaxTimes='1' minSize='-1' maxSize='-1' dataType='2' repHandlerStruct='' visible='true' inheritsFrom='' V281='13' V1='4' name='Key'>
                <structNode t='150' idref='1'/>
              </child>
              <child t='167' id='293' V167='21' V283='1' occurMinTimes='1' occurMaxTimes='1' minSize='-1' maxSize='-1' dataType='2' repHandlerStruct='' visible='true' inheritsFrom='' V281='13' V1='4' name='Value'>
                <structNode t='150' idref='1'/>
              </child>
            </child>
            <child t='167' id='294' V167='21' V283='1' occurMinTimes='1' occurMaxTimes='1' minSize='-1' maxSize='-1' dataType='2' repHandlerStruct='' visible='true' inheritsFrom='' V281='13' V1='4' name='FirstName'>
              <structNode t='150' idref='1'/>
            </child>
            <child t='167' id='295' V167='21' V283='1' occurMaxTimes='1' minSize='-1' maxSize='-1' dataType='2' repHandlerStruct='' visible='true' inheritsFrom='' V281='13' V1='4' name='FirstInitial'>
              <structNode t='150' idref='1'/>
            </child>
            <child t='167' id='296' V167='21' V283='1' occurMaxTimes='1' minSize='-1' maxSize='-1' dataType='2' repHandlerStruct='' visible='true' inheritsFrom='' V281='13' V1='4' name='MiddleName'>
              <structNode t='150' idref='1'/>
            </child>
            <child t='167' id='297' V167='21' V283='1' occurMinTimes='1' occurMaxTimes='1' minSize='-1' maxSize='-1' dataType='2' repHandlerStruct='' visible='true' inheritsFrom='' V281='13' V1='4' name='LastName'>
              <structNode t='150' idref='1'/>
            </child>
            <child t='167' id='298' V167='21' V283='1' occurMaxTimes='1' minSize='-1' maxSize='-1' dataType='31' repHandlerStruct='' visible='true' inheritsFrom='' V281='13' V1='4' name='VintageEffectiveDate'>
              <structNode t='150' idref='1'/>
            </child>
            <child t='167' id='299' V167='21' V283='1' occurMaxTimes='1' minSize='-1' maxSize='-1' dataType='31' repHandlerStruct='' visible='true' inheritsFrom='' V281='13' V1='4' name='VintageExpiryDate'>
              <structNode t='150' idref='1'/>
            </child>
            <child t='167' id='300' V167='21' V283='1' occurMaxTimes='1' minSize='-1' maxSize='-1' groupType='1' repHandlerStruct='' visible='true' inheritsFrom='' V281='13' V1='4' name='SuffixType'>
              <structNode t='150' idref='1'/>
              <child t='167' id='301' V167='21' V283='1' occurMinTimes='1' occurMaxTimes='1' minSize='-1' maxSize='-1' dataType='2' repHandlerStruct='' visible='true' inheritsFrom='' V281='13' V1='4' name='Key'>
                <structNode t='150' idref='1'/>
              </child>
              <child t='167' id='302' V167='21' V283='1' occurMinTimes='1' occurMaxTimes='1' minSize='-1' maxSize='-1' dataType='2' repHandlerStruct='' visible='true' inheritsFrom='' V281='13' V1='4' name='Value'>
                <structNode t='150' idref='1'/>
              </child>
            </child>
          </child>
          <child t='167' id='303' V167='21' V283='1' occurMaxTimes='1' minSize='-1' maxSize='-1' dataType='31' repHandlerStruct='' visible='true' inheritsFrom='' V281='13' V1='4' name='DateOfBirth'>
            <structNode t='150' idref='1'/>
          </child>
        </child>
        <child t='167' id='304' V167='21' V283='1' occurMaxTimes='1' minSize='-1' maxSize='-1' groupType='1' repHandlerStruct='' visible='true' inheritsFrom='' V281='13' V1='4' name='OrganisationDetails'>
          <structNode t='150' idref='1'/>
          <child t='167' id='305' V167='21' V283='1' occurMinTimes='1' occurMaxTimes='1' minSize='-1' maxSize='-1' dataType='2' repHandlerStruct='' visible='true' inheritsFrom='' V281='13' V1='4' name='Name'>
            <structNode t='150' idref='1'/>
          </child>
          <child t='167' id='306' V167='21' V283='1' occurMaxTimes='1' minSize='-1' maxSize='-1' groupType='1' repHandlerStruct='' visible='true' inheritsFrom='' V281='13' V1='4' name='OrganisationContact'>
            <structNode t='150' idref='1'/>
            <child t='167' id='307' V167='21' V283='1' occurMinTimes='1' occurMaxTimes='1' minSize='-1' maxSize='-1' groupType='1' repHandlerStruct='' visible='true' inheritsFrom='' V281='13' V1='4' name='OrgContactName' checksumValid='true' checksum='jMZKqnUS1dNaklvSAi07H8K3IzI='>
              <structNode t='150' idref='1'/>
              <child t='167' id='308' V167='21' V283='1' occurMaxTimes='1' minSize='-1' maxSize='-1' groupType='1' repHandlerStruct='' visible='true' inheritsFrom='' V281='13' V1='4' name='Title'>
                <structNode t='150' idref='1'/>
                <child t='167' id='309' V167='21' V283='1' occurMinTimes='1' occurMaxTimes='1' minSize='-1' maxSize='-1' dataType='2' repHandlerStruct='' visible='true' inheritsFrom='' V281='13' V1='4' name='Key'>
                  <structNode t='150' idref='1'/>
                </child>
                <child t='167' id='310' V167='21' V283='1' occurMinTimes='1' occurMaxTimes='1' minSize='-1' maxSize='-1' dataType='2' repHandlerStruct='' visible='true' inheritsFrom='' V281='13' V1='4' name='Value'>
                  <structNode t='150' idref='1'/>
                </child>
              </child>
              <child t='167' id='311' V167='21' V283='1' occurMaxTimes='1' minSize='-1' maxSize='-1' dataType='2' repHandlerStruct='' visible='true' inheritsFrom='' V281='13' V1='4' name='FirstName'>
                <structNode t='150' idref='1'/>
              </child>
              <child t='167' id='312' V167='21' V283='1' occurMaxTimes='1' minSize='-1' maxSize='-1' dataType='2' repHandlerStruct='' visible='true' inheritsFrom='' V281='13' V1='4' name='FirstInitial'>
                <structNode t='150' idref='1'/>
              </child>
              <child t='167' id='313' V167='21' V283='1' occurMaxTimes='1' minSize='-1' maxSize='-1' dataType='2' repHandlerStruct='' visible='true' inheritsFrom='' V281='13' V1='4' name='MiddleName'>
                <structNode t='150' idref='1'/>
              </child>
              <child t='167' id='314' V167='21' V283='1' occurMinTimes='1' occurMaxTimes='1' minSize='-1' maxSize='-1' dataType='2' repHandlerStruct='' visible='true' inheritsFrom='' V281='13' V1='4' name='LastName'>
                <structNode t='150' idref='1'/>
              </child>
              <child t='167' id='315' V167='21' V283='1' occurMaxTimes='1' minSize='-1' maxSize='-1' dataType='31' repHandlerStruct='' visible='true' inheritsFrom='' V281='13' V1='4' name='VintageEffectiveDate'>
                <structNode t='150' idref='1'/>
              </child>
              <child t='167' id='316' V167='21' V283='1' occurMaxTimes='1' minSize='-1' maxSize='-1' dataType='31' repHandlerStruct='' visible='true' inheritsFrom='' V281='13' V1='4' name='VintageExpiryDate'>
                <structNode t='150' idref='1'/>
              </child>
              <child t='167' id='317' V167='21' V283='1' occurMinTimes='1' occurMaxTimes='1' minSize='-1' maxSize='-1' groupType='1' repHandlerStruct='' visible='true' inheritsFrom='' V281='13' V1='4' name='SuffixType'>
                <structNode t='150' idref='1'/>
                <child t='167' id='318' V167='21' V283='1' occurMinTimes='1' occurMaxTimes='1' minSize='-1' maxSize='-1' dataType='2' repHandlerStruct='' visible='true' inheritsFrom='' V281='13' V1='4' name='Key'>
                  <structNode t='150' idref='1'/>
                </child>
                <child t='167' id='319' V167='21' V283='1' occurMinTimes='1' occurMaxTimes='1' minSize='-1' maxSize='-1' dataType='2' repHandlerStruct='' visible='true' inheritsFrom='' V281='13' V1='4' name='Value'>
                  <structNode t='150' idref='1'/>
                </child>
              </child>
            </child>
            <child t='167' id='320' V167='21' V283='1' occurMaxTimes='1' minSize='-1' maxSize='-1' dataType='31' repHandlerStruct='' visible='true' inheritsFrom='' V281='13' V1='4' name='DateOfBirth'>
              <structNode t='150' idref='1'/>
            </child>
          </child>
        </child>
      </child>
    </child>
  </rootElem>
  <defaultRep t='172' id='321' V172='6' autoFixNamespaceMismatch='true' V170='10' V692='1' V690='1' ignoreExcluded='true' fixInvalidCharacters='true' V1='4' name='XML'>
    <namespaceContainers t='220' ref='Namespace Containers/WebIntegration_v2_Acc-Pega_v56_Old_0.1.wsdl_0.1.xml'/>
  </defaultRep>
  <namespaceList t='161' id='322' V161='1' namespaceUri='___osdtDummy___' V1='4'>
  </namespaceList>
  <namespaceList t='161' id='323' V161='1' namespaceUri='urn:PegaRULES:SOAP:AccountManagementServices:Services' namespacePrefix='nslt1' V1='4'>
  </namespaceList>
  <child t='162' id='324' V1='4' name='Representations'>
    <child t='172' idref='321'/>
  </child>
  <child t='165' id='325' V1='4' name='Document Bindings'>
    <child t='166' id='326' V166='5' docType='1' V1='4' name='/nslt1:GetContractDetailsResponseType'>
      <elemNode t='167' idref='2'/>
    </child>
  </child>
</root>
