<?xml version="1.0" encoding="UTF-8"?>
<root t='150' id='1' V150='13' creationTimestamp='0x16285bdd898' V1='4' name='GetCusAcctDetByCusAcctNumResponseType' incarnation='8'>
  <rootElem t='167' id='2' V167='21' V283='1' occurMaxTimes='1' minSize='-1' maxSize='-1' groupType='1' repHandlerStruct='' inheritsFrom='' namespaceIndex='1' V281='13' V1='4' name='GetCusAcctDetByCusAcctNumResponseType'>
    <structNode t='150' idref='1'/>
    <child t='167' id='3' V167='21' V283='1' occurMinTimes='1' occurMaxTimes='1' minSize='-1' maxSize='-1' groupType='1' repHandlerStruct='' visible='true' inheritsFrom='' V281='13' V1='4' name='Outcome'>
      <structNode t='150' idref='1'/>
      <child t='167' id='4' V167='21' V283='1' occurMinTimes='1' occurMaxTimes='1' minSize='-1' maxSize='-1' dataType='2' repHandlerStruct='' visible='true' inheritsFrom='' V281='13' V1='4' name='ResultCode'>
        <structNode t='150' idref='1'/>
      </child>
      <child t='167' id='5' V167='21' V283='1' occurMinTimes='1' occurMaxTimes='1' minSize='-1' maxSize='-1' dataType='2' repHandlerStruct='' visible='true' inheritsFrom='' V281='13' V1='4' name='ResultDescription'>
        <structNode t='150' idref='1'/>
      </child>
      <child t='167' id='6' V167='21' V283='1' occurMinTimes='1' occurMaxTimes='1' minSize='-1' maxSize='-1' dataType='2' repHandlerStruct='' visible='true' inheritsFrom='' V281='13' V1='4' name='ResultStatus'>
        <structNode t='150' idref='1'/>
      </child>
      <child t='167' id='7' V167='21' V283='1' occurMaxTimes='-1' minSize='-1' maxSize='-1' groupType='1' repHandlerStruct='' visible='true' inheritsFrom='' V281='13' V1='4' name='ProcessOutcome'>
        <structNode t='150' idref='1'/>
        <child t='167' id='8' V167='21' V283='1' occurMinTimes='1' occurMaxTimes='1' minSize='-1' maxSize='-1' dataType='2' repHandlerStruct='' visible='true' inheritsFrom='' V281='13' V1='4' name='Code'>
          <structNode t='150' idref='1'/>
        </child>
        <child t='167' id='9' V167='21' V283='1' occurMinTimes='1' occurMaxTimes='1' minSize='-1' maxSize='-1' dataType='2' repHandlerStruct='' visible='true' inheritsFrom='' V281='13' V1='4' name='InteractionID'>
          <structNode t='150' idref='1'/>
        </child>
        <child t='167' id='10' V167='21' V283='1' occurMinTimes='1' occurMaxTimes='1' minSize='-1' maxSize='-1' dataType='2' repHandlerStruct='' visible='true' inheritsFrom='' V281='13' V1='4' name='Description'>
          <structNode t='150' idref='1'/>
        </child>
        <child t='167' id='11' V167='21' V283='1' occurMaxTimes='-1' minSize='-1' maxSize='-1' groupType='1' repHandlerStruct='' visible='true' inheritsFrom='' V281='13' V1='4' name='ServiceIntentList'>
          <structNode t='150' idref='1'/>
          <child t='167' id='12' V167='21' V283='1' occurMinTimes='1' occurMaxTimes='1' minSize='-1' maxSize='-1' dataType='2' repHandlerStruct='' visible='true' inheritsFrom='' V281='13' V1='4' name='CaseID'>
            <structNode t='150' idref='1'/>
          </child>
        </child>
      </child>
    </child>
    <child t='167' id='13' V167='21' V283='1' occurMinTimes='1' occurMaxTimes='1' minSize='-1' maxSize='-1' groupType='1' repHandlerStruct='' visible='true' inheritsFrom='' V281='13' V1='4' name='CustomerDetails' checksumValid='true' checksum='5JcBw8vSGoLSA725oj9Iw2zyJOc='>
      <structNode t='150' idref='1'/>
      <child t='167' id='14' V167='21' V283='1' occurMaxTimes='1' minSize='-1' maxSize='-1' dataType='2' repHandlerStruct='' visible='true' inheritsFrom='' V281='13' V1='4' name='SourceCustomerID'>
        <structNode t='150' idref='1'/>
      </child>
      <child t='167' id='15' V167='21' V283='1' occurMinTimes='1' occurMaxTimes='1' minSize='-1' maxSize='-1' dataType='2' repHandlerStruct='' visible='true' inheritsFrom='' V281='13' V1='4' name='CustomerAccountNumber'>
        <structNode t='150' idref='1'/>
      </child>
      <child t='167' id='16' V167='21' V283='1' occurMaxTimes='1' minSize='-1' maxSize='-1' dataType='31' repHandlerStruct='' visible='true' inheritsFrom='' V281='13' V1='4' name='VintageEffectiveDate'>
        <structNode t='150' idref='1'/>
      </child>
      <child t='167' id='17' V167='21' V283='1' occurMaxTimes='1' minSize='-1' maxSize='-1' dataType='31' repHandlerStruct='' visible='true' inheritsFrom='' V281='13' V1='4' name='VintageExpiryDate'>
        <structNode t='150' idref='1'/>
      </child>
      <child t='167' id='18' V167='21' V283='1' occurMinTimes='1' occurMaxTimes='1' minSize='-1' maxSize='-1' groupType='1' repHandlerStruct='' visible='true' inheritsFrom='' V281='13' V1='4' name='PartyDetails'>
        <structNode t='150' idref='1'/>
        <child t='167' id='19' V167='21' V283='1' occurMinTimes='1' occurMaxTimes='1' minSize='-1' maxSize='-1' dataType='2' repHandlerStruct='' visible='true' inheritsFrom='' V281='13' V1='4' name='PartyID'>
          <structNode t='150' idref='1'/>
        </child>
        <child t='167' id='20' V167='21' V283='1' occurMaxTimes='1' minSize='-1' maxSize='-1' dataType='2' repHandlerStruct='' visible='true' inheritsFrom='' V281='13' V1='4' name='PartyRole'>
          <structNode t='150' idref='1'/>
        </child>
        <child t='167' id='21' V167='21' V283='1' occurMinTimes='1' occurMaxTimes='1' minSize='-1' maxSize='-1' dataType='2' repHandlerStruct='' visible='true' inheritsFrom='' V281='13' V1='4' name='PartyType'>
          <structNode t='150' idref='1'/>
        </child>
        <child t='167' id='22' V167='21' V283='1' occurMaxTimes='1' minSize='-1' maxSize='-1' dataType='2' repHandlerStruct='' visible='true' inheritsFrom='' V281='13' V1='4' name='PartyRelationship'>
          <structNode t='150' idref='1'/>
        </child>
      </child>
      <child t='167' id='23' V167='21' V283='1' occurMaxTimes='1' minSize='-1' maxSize='-1' groupType='1' repHandlerStruct='' visible='true' inheritsFrom='' V281='13' V1='4' name='Person'>
        <structNode t='150' idref='1'/>
        <child t='167' id='24' V167='21' V283='1' occurMinTimes='1' occurMaxTimes='1' minSize='-1' maxSize='-1' groupType='1' repHandlerStruct='' visible='true' inheritsFrom='' V281='13' V1='4' name='PersonName' checksumValid='true' checksum='2zTs9dLCH4+PsV2R5nL7NBNZS1g='>
          <structNode t='150' idref='1'/>
          <child t='167' id='25' V167='21' V283='1' occurMinTimes='1' occurMaxTimes='1' minSize='-1' maxSize='-1' groupType='1' repHandlerStruct='' visible='true' inheritsFrom='' V281='13' V1='4' name='Title'>
            <structNode t='150' idref='1'/>
            <child t='167' id='26' V167='21' V283='1' occurMinTimes='1' occurMaxTimes='1' minSize='-1' maxSize='-1' dataType='2' repHandlerStruct='' visible='true' inheritsFrom='' V281='13' V1='4' name='Key'>
              <structNode t='150' idref='1'/>
            </child>
            <child t='167' id='27' V167='21' V283='1' occurMinTimes='1' occurMaxTimes='1' minSize='-1' maxSize='-1' dataType='2' repHandlerStruct='' visible='true' inheritsFrom='' V281='13' V1='4' name='Value'>
              <structNode t='150' idref='1'/>
            </child>
          </child>
          <child t='167' id='28' V167='21' V283='1' occurMinTimes='1' occurMaxTimes='1' minSize='-1' maxSize='-1' dataType='2' repHandlerStruct='' visible='true' inheritsFrom='' V281='13' V1='4' name='FirstName'>
            <structNode t='150' idref='1'/>
          </child>
          <child t='167' id='29' V167='21' V283='1' occurMaxTimes='1' minSize='-1' maxSize='-1' dataType='2' repHandlerStruct='' visible='true' inheritsFrom='' V281='13' V1='4' name='FirstInitial'>
            <structNode t='150' idref='1'/>
          </child>
          <child t='167' id='30' V167='21' V283='1' occurMaxTimes='1' minSize='-1' maxSize='-1' dataType='2' repHandlerStruct='' visible='true' inheritsFrom='' V281='13' V1='4' name='MiddleName'>
            <structNode t='150' idref='1'/>
          </child>
          <child t='167' id='31' V167='21' V283='1' occurMinTimes='1' occurMaxTimes='1' minSize='-1' maxSize='-1' dataType='2' repHandlerStruct='' visible='true' inheritsFrom='' V281='13' V1='4' name='LastName'>
            <structNode t='150' idref='1'/>
          </child>
          <child t='167' id='32' V167='21' V283='1' occurMaxTimes='1' minSize='-1' maxSize='-1' groupType='1' repHandlerStruct='' visible='true' inheritsFrom='' V281='13' V1='4' name='Suffix'>
            <structNode t='150' idref='1'/>
            <child t='167' id='33' V167='21' V283='1' occurMinTimes='1' occurMaxTimes='1' minSize='-1' maxSize='-1' dataType='2' repHandlerStruct='' visible='true' inheritsFrom='' V281='13' V1='4' name='Key'>
              <structNode t='150' idref='1'/>
            </child>
            <child t='167' id='34' V167='21' V283='1' occurMinTimes='1' occurMaxTimes='1' minSize='-1' maxSize='-1' dataType='2' repHandlerStruct='' visible='true' inheritsFrom='' V281='13' V1='4' name='Value'>
              <structNode t='150' idref='1'/>
            </child>
          </child>
          <child t='167' id='35' V167='21' V283='1' occurMaxTimes='1' minSize='-1' maxSize='-1' dataType='31' repHandlerStruct='' visible='true' inheritsFrom='' V281='13' V1='4' name='VintageEffectiveDate'>
            <structNode t='150' idref='1'/>
          </child>
          <child t='167' id='36' V167='21' V283='1' occurMaxTimes='1' minSize='-1' maxSize='-1' dataType='31' repHandlerStruct='' visible='true' inheritsFrom='' V281='13' V1='4' name='VintageExpiryDate'>
            <structNode t='150' idref='1'/>
          </child>
        </child>
        <child t='167' id='37' V167='21' V283='1' occurMaxTimes='1' minSize='-1' maxSize='-1' dataType='31' repHandlerStruct='' visible='true' inheritsFrom='' V281='13' V1='4' name='DateOfBirth'>
          <structNode t='150' idref='1'/>
        </child>
        <child t='167' id='38' V167='21' V283='1' occurMaxTimes='-1' minSize='-1' maxSize='-1' groupType='1' repHandlerStruct='' visible='true' inheritsFrom='' V281='13' V1='4' name='CustomerFlags'>
          <structNode t='150' idref='1'/>
          <child t='167' id='39' V167='21' V283='1' occurMinTimes='1' occurMaxTimes='1' minSize='-1' maxSize='-1' dataType='2' repHandlerStruct='' visible='true' inheritsFrom='' V281='13' V1='4' name='TypeID'>
            <structNode t='150' idref='1'/>
          </child>
          <child t='167' id='40' V167='21' V283='1' occurMaxTimes='1' minSize='-1' maxSize='-1' dataType='2' repHandlerStruct='' visible='true' inheritsFrom='' V281='13' V1='4' name='ParentTypeID'>
            <structNode t='150' idref='1'/>
          </child>
          <child t='167' id='41' V167='21' V283='1' occurMinTimes='1' occurMaxTimes='1' minSize='-1' maxSize='-1' dataType='2' repHandlerStruct='' visible='true' inheritsFrom='' V281='13' V1='4' name='Category'>
            <structNode t='150' idref='1'/>
          </child>
          <child t='167' id='42' V167='21' V283='1' occurMinTimes='1' occurMaxTimes='1' minSize='-1' maxSize='-1' groupType='1' repHandlerStruct='' visible='true' inheritsFrom='' V281='13' V1='4' name='NameValue' checksumValid='true' checksum='c5pNeTmI8zFueYRmoVd+TffqniM='>
            <structNode t='150' idref='1'/>
            <child t='167' id='43' V167='21' V283='1' occurMinTimes='1' occurMaxTimes='1' minSize='-1' maxSize='-1' dataType='2' repHandlerStruct='' visible='true' inheritsFrom='' V281='13' V1='4' name='Name'>
              <structNode t='150' idref='1'/>
            </child>
            <child t='167' id='44' V167='21' V283='1' occurMinTimes='1' occurMaxTimes='1' minSize='-1' maxSize='-1' dataType='2' repHandlerStruct='' visible='true' inheritsFrom='' V281='13' V1='4' name='ValueType'>
              <structNode t='150' idref='1'/>
            </child>
            <child t='167' id='45' V167='21' V283='1' occurMaxTimes='1' minSize='-1' maxSize='-1' dataType='31' repHandlerStruct='' visible='true' inheritsFrom='' V281='13' V1='4' name='DateValue'>
              <structNode t='150' idref='1'/>
            </child>
            <child t='167' id='46' V167='21' V283='1' occurMaxTimes='1' minSize='-1' maxSize='-1' dataType='22' repHandlerStruct='' visible='true' inheritsFrom='' V281='13' V1='4' name='NumericValue'>
              <structNode t='150' idref='1'/>
            </child>
            <child t='167' id='47' V167='21' V283='1' occurMaxTimes='1' minSize='-1' maxSize='-1' dataType='12' repHandlerStruct='' visible='true' inheritsFrom='' V281='13' V1='4' name='IntegerValue'>
              <structNode t='150' idref='1'/>
            </child>
            <child t='167' id='48' V167='21' V283='1' occurMaxTimes='1' minSize='-1' maxSize='-1' dataType='2' repHandlerStruct='' visible='true' inheritsFrom='' V281='13' V1='4' name='StringValue'>
              <structNode t='150' idref='1'/>
            </child>
            <child t='167' id='49' V167='21' V283='1' occurMaxTimes='1' minSize='-1' maxSize='-1' dataType='1' repHandlerStruct='' visible='true' inheritsFrom='' V281='13' V1='4' name='BooleanValue'>
              <structNode t='150' idref='1'/>
              <child t='167' id='50' V167='21' V283='1' occurMaxTimes='1' minSize='-1' maxSize='-1' dataType='2' elemType='5' repHandlerStruct='' visible='true' inheritsFrom='' V281='13' V1='4' name='true'>
                <structNode t='150' idref='1'/>
              </child>
              <child t='167' id='51' V167='21' V283='1' occurMaxTimes='1' minSize='-1' maxSize='-1' dataType='2' elemType='5' repHandlerStruct='' visible='true' inheritsFrom='' V281='13' V1='4' name='false'>
                <structNode t='150' idref='1'/>
              </child>
            </child>
            <child t='167' id='52' V167='21' V283='1' occurMaxTimes='1' minSize='-1' maxSize='-1' dataType='2' repHandlerStruct='' visible='true' inheritsFrom='' V281='13' V1='4' name='BlobValue'>
              <structNode t='150' idref='1'/>
            </child>
          </child>
          <child t='167' id='53' V167='21' V283='1' occurMaxTimes='1' minSize='-1' maxSize='-1' dataType='2' repHandlerStruct='' visible='true' inheritsFrom='' V281='13' V1='4' name='Description'>
            <structNode t='150' idref='1'/>
          </child>
          <child t='167' id='54' V167='21' V283='1' occurMinTimes='1' occurMaxTimes='1' minSize='-1' maxSize='-1' dataType='1' repHandlerStruct='' visible='true' inheritsFrom='' V281='13' V1='4' name='IsDefault'>
            <structNode t='150' idref='1'/>
            <child t='167' id='55' V167='21' V283='1' occurMaxTimes='1' minSize='-1' maxSize='-1' dataType='2' elemType='5' repHandlerStruct='' visible='true' inheritsFrom='' V281='13' V1='4' name='true'>
              <structNode t='150' idref='1'/>
            </child>
            <child t='167' id='56' V167='21' V283='1' occurMaxTimes='1' minSize='-1' maxSize='-1' dataType='2' elemType='5' repHandlerStruct='' visible='true' inheritsFrom='' V281='13' V1='4' name='false'>
              <structNode t='150' idref='1'/>
            </child>
          </child>
          <child t='167' id='57' V167='21' V283='1' occurMinTimes='1' occurMaxTimes='1' minSize='-1' maxSize='-1' dataType='1' repHandlerStruct='' visible='true' inheritsFrom='' V281='13' V1='4' name='IsMandatory'>
            <structNode t='150' idref='1'/>
            <child t='167' id='58' V167='21' V283='1' occurMaxTimes='1' minSize='-1' maxSize='-1' dataType='2' elemType='5' repHandlerStruct='' visible='true' inheritsFrom='' V281='13' V1='4' name='true'>
              <structNode t='150' idref='1'/>
            </child>
            <child t='167' id='59' V167='21' V283='1' occurMaxTimes='1' minSize='-1' maxSize='-1' dataType='2' elemType='5' repHandlerStruct='' visible='true' inheritsFrom='' V281='13' V1='4' name='false'>
              <structNode t='150' idref='1'/>
            </child>
          </child>
        </child>
      </child>
      <child t='167' id='60' V167='21' V283='1' occurMaxTimes='1' minSize='-1' maxSize='-1' groupType='1' repHandlerStruct='' visible='true' inheritsFrom='' V281='13' V1='4' name='OrganisationDetails'>
        <structNode t='150' idref='1'/>
        <child t='167' id='61' V167='21' V283='1' occurMinTimes='1' occurMaxTimes='1' minSize='-1' maxSize='-1' dataType='2' repHandlerStruct='' visible='true' inheritsFrom='' V281='13' V1='4' name='Name'>
          <structNode t='150' idref='1'/>
        </child>
        <child t='167' id='62' V167='21' V283='1' occurMaxTimes='1' minSize='-1' maxSize='-1' groupType='1' repHandlerStruct='' visible='true' inheritsFrom='' V281='13' V1='4' name='OrganisationContact'>
          <structNode t='150' idref='1'/>
          <child t='167' id='63' V167='21' V283='1' occurMinTimes='1' occurMaxTimes='1' minSize='-1' maxSize='-1' groupType='1' repHandlerStruct='' visible='true' inheritsFrom='' V281='13' V1='4' name='OrgContactName' checksumValid='true' checksum='q8qkFeNjDGndnEBPvlGG51qUKoI='>
            <structNode t='150' idref='1'/>
            <child t='167' id='64' V167='21' V283='1' occurMaxTimes='1' minSize='-1' maxSize='-1' groupType='1' repHandlerStruct='' visible='true' inheritsFrom='' V281='13' V1='4' name='Title'>
              <structNode t='150' idref='1'/>
              <child t='167' id='65' V167='21' V283='1' occurMinTimes='1' occurMaxTimes='1' minSize='-1' maxSize='-1' dataType='2' repHandlerStruct='' visible='true' inheritsFrom='' V281='13' V1='4' name='Key'>
                <structNode t='150' idref='1'/>
              </child>
              <child t='167' id='66' V167='21' V283='1' occurMinTimes='1' occurMaxTimes='1' minSize='-1' maxSize='-1' dataType='2' repHandlerStruct='' visible='true' inheritsFrom='' V281='13' V1='4' name='Value'>
                <structNode t='150' idref='1'/>
              </child>
            </child>
            <child t='167' id='67' V167='21' V283='1' occurMaxTimes='1' minSize='-1' maxSize='-1' dataType='2' repHandlerStruct='' visible='true' inheritsFrom='' V281='13' V1='4' name='FirstName'>
              <structNode t='150' idref='1'/>
            </child>
            <child t='167' id='68' V167='21' V283='1' occurMaxTimes='1' minSize='-1' maxSize='-1' dataType='2' repHandlerStruct='' visible='true' inheritsFrom='' V281='13' V1='4' name='FirstInitial'>
              <structNode t='150' idref='1'/>
            </child>
            <child t='167' id='69' V167='21' V283='1' occurMaxTimes='1' minSize='-1' maxSize='-1' dataType='2' repHandlerStruct='' visible='true' inheritsFrom='' V281='13' V1='4' name='MiddleName'>
              <structNode t='150' idref='1'/>
            </child>
            <child t='167' id='70' V167='21' V283='1' occurMinTimes='1' occurMaxTimes='1' minSize='-1' maxSize='-1' dataType='2' repHandlerStruct='' visible='true' inheritsFrom='' V281='13' V1='4' name='LastName'>
              <structNode t='150' idref='1'/>
            </child>
            <child t='167' id='71' V167='21' V283='1' occurMaxTimes='1' minSize='-1' maxSize='-1' groupType='1' repHandlerStruct='' visible='true' inheritsFrom='' V281='13' V1='4' name='SuffixType'>
              <structNode t='150' idref='1'/>
              <child t='167' id='72' V167='21' V283='1' occurMinTimes='1' occurMaxTimes='1' minSize='-1' maxSize='-1' dataType='2' repHandlerStruct='' visible='true' inheritsFrom='' V281='13' V1='4' name='Key'>
                <structNode t='150' idref='1'/>
              </child>
              <child t='167' id='73' V167='21' V283='1' occurMinTimes='1' occurMaxTimes='1' minSize='-1' maxSize='-1' dataType='2' repHandlerStruct='' visible='true' inheritsFrom='' V281='13' V1='4' name='Value'>
                <structNode t='150' idref='1'/>
              </child>
            </child>
            <child t='167' id='74' V167='21' V283='1' occurMaxTimes='1' minSize='-1' maxSize='-1' dataType='31' repHandlerStruct='' visible='true' inheritsFrom='' V281='13' V1='4' name='VintageEffectiveDate'>
              <structNode t='150' idref='1'/>
            </child>
            <child t='167' id='75' V167='21' V283='1' occurMaxTimes='1' minSize='-1' maxSize='-1' dataType='31' repHandlerStruct='' visible='true' inheritsFrom='' V281='13' V1='4' name='VintageExpiryDate'>
              <structNode t='150' idref='1'/>
            </child>
          </child>
          <child t='167' id='76' V167='21' V283='1' occurMaxTimes='1' minSize='-1' maxSize='-1' dataType='31' repHandlerStruct='' visible='true' inheritsFrom='' V281='13' V1='4' name='DateOfBirth'>
            <structNode t='150' idref='1'/>
          </child>
          <child t='167' id='77' V167='21' V283='1' occurMaxTimes='-1' minSize='-1' maxSize='-1' groupType='1' repHandlerStruct='' visible='true' inheritsFrom='' V281='13' V1='4' name='CustomerFlags'>
            <structNode t='150' idref='1'/>
            <child t='167' id='78' V167='21' V283='1' occurMinTimes='1' occurMaxTimes='1' minSize='-1' maxSize='-1' dataType='2' repHandlerStruct='' visible='true' inheritsFrom='' V281='13' V1='4' name='TypeID'>
              <structNode t='150' idref='1'/>
            </child>
            <child t='167' id='79' V167='21' V283='1' occurMaxTimes='1' minSize='-1' maxSize='-1' dataType='2' repHandlerStruct='' visible='true' inheritsFrom='' V281='13' V1='4' name='ParentTypeID'>
              <structNode t='150' idref='1'/>
            </child>
            <child t='167' id='80' V167='21' V283='1' occurMinTimes='1' occurMaxTimes='1' minSize='-1' maxSize='-1' dataType='2' repHandlerStruct='' visible='true' inheritsFrom='' V281='13' V1='4' name='Category'>
              <structNode t='150' idref='1'/>
            </child>
            <child t='167' id='81' V167='21' V283='1' occurMinTimes='1' occurMaxTimes='1' minSize='-1' maxSize='-1' groupType='1' repHandlerStruct='' visible='true' inheritsFrom='' V281='13' V1='4' name='NameValue' checksumValid='true' checksum='0jPqmHTzhFa+pJY6x24rEBERnAM='>
              <structNode t='150' idref='1'/>
              <child t='167' id='82' V167='21' V283='1' occurMinTimes='1' occurMaxTimes='1' minSize='-1' maxSize='-1' dataType='2' repHandlerStruct='' visible='true' inheritsFrom='' V281='13' V1='4' name='Name'>
                <structNode t='150' idref='1'/>
              </child>
              <child t='167' id='83' V167='21' V283='1' occurMinTimes='1' occurMaxTimes='1' minSize='-1' maxSize='-1' dataType='2' repHandlerStruct='' visible='true' inheritsFrom='' V281='13' V1='4' name='ValueType'>
                <structNode t='150' idref='1'/>
              </child>
              <child t='167' id='84' V167='21' V283='1' occurMaxTimes='1' minSize='-1' maxSize='-1' dataType='31' repHandlerStruct='' visible='true' inheritsFrom='' V281='13' V1='4' name='DateValue'>
                <structNode t='150' idref='1'/>
              </child>
              <child t='167' id='85' V167='21' V283='1' occurMaxTimes='1' minSize='-1' maxSize='-1' dataType='22' repHandlerStruct='' visible='true' inheritsFrom='' V281='13' V1='4' name='NumericValue'>
                <structNode t='150' idref='1'/>
              </child>
              <child t='167' id='86' V167='21' V283='1' occurMaxTimes='1' minSize='-1' maxSize='-1' dataType='12' repHandlerStruct='' visible='true' inheritsFrom='' V281='13' V1='4' name='IntegerValue'>
                <structNode t='150' idref='1'/>
              </child>
              <child t='167' id='87' V167='21' V283='1' occurMaxTimes='1' minSize='-1' maxSize='-1' dataType='2' repHandlerStruct='' visible='true' inheritsFrom='' V281='13' V1='4' name='StringValue'>
                <structNode t='150' idref='1'/>
              </child>
              <child t='167' id='88' V167='21' V283='1' occurMaxTimes='1' minSize='-1' maxSize='-1' dataType='1' repHandlerStruct='' visible='true' inheritsFrom='' V281='13' V1='4' name='BooleanValue'>
                <structNode t='150' idref='1'/>
                <child t='167' id='89' V167='21' V283='1' occurMaxTimes='1' minSize='-1' maxSize='-1' dataType='2' elemType='5' repHandlerStruct='' visible='true' inheritsFrom='' V281='13' V1='4' name='true'>
                  <structNode t='150' idref='1'/>
                </child>
                <child t='167' id='90' V167='21' V283='1' occurMaxTimes='1' minSize='-1' maxSize='-1' dataType='2' elemType='5' repHandlerStruct='' visible='true' inheritsFrom='' V281='13' V1='4' name='false'>
                  <structNode t='150' idref='1'/>
                </child>
              </child>
              <child t='167' id='91' V167='21' V283='1' occurMaxTimes='1' minSize='-1' maxSize='-1' dataType='2' repHandlerStruct='' visible='true' inheritsFrom='' V281='13' V1='4' name='BlobValue'>
                <structNode t='150' idref='1'/>
              </child>
            </child>
            <child t='167' id='92' V167='21' V283='1' occurMaxTimes='1' minSize='-1' maxSize='-1' dataType='2' repHandlerStruct='' visible='true' inheritsFrom='' V281='13' V1='4' name='Description'>
              <structNode t='150' idref='1'/>
            </child>
            <child t='167' id='93' V167='21' V283='1' occurMaxTimes='1' minSize='-1' maxSize='-1' dataType='1' repHandlerStruct='' visible='true' inheritsFrom='' V281='13' V1='4' name='IsDefault'>
              <structNode t='150' idref='1'/>
              <child t='167' id='94' V167='21' V283='1' occurMaxTimes='1' minSize='-1' maxSize='-1' dataType='2' elemType='5' repHandlerStruct='' visible='true' inheritsFrom='' V281='13' V1='4' name='true'>
                <structNode t='150' idref='1'/>
              </child>
              <child t='167' id='95' V167='21' V283='1' occurMaxTimes='1' minSize='-1' maxSize='-1' dataType='2' elemType='5' repHandlerStruct='' visible='true' inheritsFrom='' V281='13' V1='4' name='false'>
                <structNode t='150' idref='1'/>
              </child>
            </child>
            <child t='167' id='96' V167='21' V283='1' occurMaxTimes='1' minSize='-1' maxSize='-1' dataType='1' repHandlerStruct='' visible='true' inheritsFrom='' V281='13' V1='4' name='IsMandatory'>
              <structNode t='150' idref='1'/>
              <child t='167' id='97' V167='21' V283='1' occurMaxTimes='1' minSize='-1' maxSize='-1' dataType='2' elemType='5' repHandlerStruct='' visible='true' inheritsFrom='' V281='13' V1='4' name='true'>
                <structNode t='150' idref='1'/>
              </child>
              <child t='167' id='98' V167='21' V283='1' occurMaxTimes='1' minSize='-1' maxSize='-1' dataType='2' elemType='5' repHandlerStruct='' visible='true' inheritsFrom='' V281='13' V1='4' name='false'>
                <structNode t='150' idref='1'/>
              </child>
            </child>
          </child>
        </child>
      </child>
      <child t='167' id='99' V167='21' V283='1' occurMinTimes='1' occurMaxTimes='-1' minSize='-1' maxSize='-1' groupType='1' repHandlerStruct='' visible='true' inheritsFrom='' V281='13' V1='4' name='Addresses' checksumValid='true' checksum='pfcwdZP4pUlIWV0sYDaCmviKjHk='>
        <structNode t='150' idref='1'/>
        <child t='167' id='100' V167='21' V283='1' occurMaxTimes='1' minSize='-1' maxSize='-1' dataType='2' repHandlerStruct='' visible='true' inheritsFrom='' V281='13' V1='4' name='AddressID'>
          <structNode t='150' idref='1'/>
        </child>
        <child t='167' id='101' V167='21' V283='1' occurMinTimes='1' occurMaxTimes='1' minSize='-1' maxSize='-1' dataType='2' repHandlerStruct='' visible='true' inheritsFrom='' V281='13' V1='4' name='AddressType'>
          <structNode t='150' idref='1'/>
        </child>
        <child t='167' id='102' V167='21' V283='1' occurMaxTimes='1' minSize='-1' maxSize='-1' dataType='2' repHandlerStruct='' visible='true' inheritsFrom='' V281='13' V1='4' name='FlatNumber'>
          <structNode t='150' idref='1'/>
        </child>
        <child t='167' id='103' V167='21' V283='1' occurMaxTimes='1' minSize='-1' maxSize='-1' dataType='2' repHandlerStruct='' visible='true' inheritsFrom='' V281='13' V1='4' name='VanityName'>
          <structNode t='150' idref='1'/>
        </child>
        <child t='167' id='104' V167='21' V283='1' occurMaxTimes='1' minSize='-1' maxSize='-1' dataType='2' repHandlerStruct='' visible='true' inheritsFrom='' V281='13' V1='4' name='BuildingName'>
          <structNode t='150' idref='1'/>
        </child>
        <child t='167' id='105' V167='21' V283='1' occurMaxTimes='1' minSize='-1' maxSize='-1' dataType='2' repHandlerStruct='' visible='true' inheritsFrom='' V281='13' V1='4' name='BuildingNumber'>
          <structNode t='150' idref='1'/>
        </child>
        <child t='167' id='106' V167='21' V283='1' occurMaxTimes='1' minSize='-1' maxSize='-1' dataType='2' repHandlerStruct='' visible='true' inheritsFrom='' V281='13' V1='4' name='PropertyType'>
          <structNode t='150' idref='1'/>
        </child>
        <child t='167' id='107' V167='21' V283='1' occurMaxTimes='1' minSize='-1' maxSize='-1' dataType='2' repHandlerStruct='' visible='true' inheritsFrom='' V281='13' V1='4' name='SubStreet'>
          <structNode t='150' idref='1'/>
        </child>
        <child t='167' id='108' V167='21' V283='1' occurMaxTimes='1' minSize='-1' maxSize='-1' dataType='2' repHandlerStruct='' visible='true' inheritsFrom='' V281='13' V1='4' name='Street'>
          <structNode t='150' idref='1'/>
        </child>
        <child t='167' id='109' V167='21' V283='1' occurMaxTimes='1' minSize='-1' maxSize='-1' dataType='2' repHandlerStruct='' visible='true' inheritsFrom='' V281='13' V1='4' name='City'>
          <structNode t='150' idref='1'/>
        </child>
        <child t='167' id='110' V167='21' V283='1' occurMaxTimes='1' minSize='-1' maxSize='-1' dataType='2' repHandlerStruct='' visible='true' inheritsFrom='' V281='13' V1='4' name='County'>
          <structNode t='150' idref='1'/>
        </child>
        <child t='167' id='111' V167='21' V283='1' occurMinTimes='1' occurMaxTimes='1' minSize='-1' maxSize='-1' groupType='1' repHandlerStruct='' visible='true' inheritsFrom='' V281='13' V1='4' name='CountryType'>
          <structNode t='150' idref='1'/>
          <child t='167' id='112' V167='21' V283='1' occurMinTimes='1' occurMaxTimes='1' minSize='-1' maxSize='-1' dataType='2' repHandlerStruct='' visible='true' inheritsFrom='' V281='13' V1='4' name='Key'>
            <structNode t='150' idref='1'/>
          </child>
          <child t='167' id='113' V167='21' V283='1' occurMinTimes='1' occurMaxTimes='1' minSize='-1' maxSize='-1' dataType='2' repHandlerStruct='' visible='true' inheritsFrom='' V281='13' V1='4' name='Value'>
            <structNode t='150' idref='1'/>
          </child>
        </child>
        <child t='167' id='114' V167='21' V283='1' occurMaxTimes='1' minSize='-1' maxSize='-1' dataType='2' repHandlerStruct='' visible='true' inheritsFrom='' V281='13' V1='4' name='POBox'>
          <structNode t='150' idref='1'/>
        </child>
        <child t='167' id='115' V167='21' V283='1' occurMinTimes='1' occurMaxTimes='1' minSize='-1' maxSize='-1' dataType='2' repHandlerStruct='' visible='true' inheritsFrom='' V281='13' V1='4' name='Postcode'>
          <structNode t='150' idref='1'/>
        </child>
        <child t='167' id='116' V167='21' V283='1' occurMaxTimes='1' minSize='-1' maxSize='-1' dataType='2' repHandlerStruct='' visible='true' inheritsFrom='' V281='13' V1='4' name='DPS'>
          <structNode t='150' idref='1'/>
        </child>
        <child t='167' id='117' V167='21' V283='1' occurMaxTimes='1' minSize='-1' maxSize='-1' dataType='2' repHandlerStruct='' visible='true' inheritsFrom='' V281='13' V1='4' name='ExtAddressKey'>
          <structNode t='150' idref='1'/>
        </child>
        <child t='167' id='118' V167='21' V283='1' occurMaxTimes='1' minSize='-1' maxSize='-1' dataType='31' repHandlerStruct='' visible='true' inheritsFrom='' V281='13' V1='4' name='VintageEffectiveDate'>
          <structNode t='150' idref='1'/>
        </child>
        <child t='167' id='119' V167='21' V283='1' occurMaxTimes='1' minSize='-1' maxSize='-1' dataType='31' repHandlerStruct='' visible='true' inheritsFrom='' V281='13' V1='4' name='VintageExpiryDate'>
          <structNode t='150' idref='1'/>
        </child>
      </child>
      <child t='167' id='120' V167='21' V283='1' occurMinTimes='1' occurMaxTimes='1' minSize='-1' maxSize='-1' groupType='1' repHandlerStruct='' visible='true' inheritsFrom='' V281='13' V1='4' name='ContactDetails'>
        <structNode t='150' idref='1'/>
        <child t='167' id='121' V167='21' V283='1' occurMaxTimes='-1' minSize='-1' maxSize='-1' groupType='1' repHandlerStruct='' visible='true' inheritsFrom='' V281='13' V1='4' name='PhoneDetails'>
          <structNode t='150' idref='1'/>
          <child t='167' id='122' V167='21' V283='1' occurMinTimes='1' occurMaxTimes='1' minSize='-1' maxSize='-1' dataType='2' repHandlerStruct='' visible='true' inheritsFrom='' V281='13' V1='4' name='PhoneID'>
            <structNode t='150' idref='1'/>
          </child>
          <child t='167' id='123' V167='21' V283='1' occurMinTimes='1' occurMaxTimes='1' minSize='-1' maxSize='-1' dataType='2' repHandlerStruct='' visible='true' inheritsFrom='' V281='13' V1='4' name='CountryCode'>
            <structNode t='150' idref='1'/>
          </child>
          <child t='167' id='124' V167='21' V283='1' occurMinTimes='1' occurMaxTimes='1' minSize='-1' maxSize='-1' dataType='2' repHandlerStruct='' visible='true' inheritsFrom='' V281='13' V1='4' name='Number'>
            <structNode t='150' idref='1'/>
          </child>
          <child t='167' id='125' V167='21' V283='1' occurMinTimes='1' occurMaxTimes='1' minSize='-1' maxSize='-1' dataType='2' repHandlerStruct='' visible='true' inheritsFrom='' V281='13' V1='4' name='Type'>
            <structNode t='150' idref='1'/>
          </child>
          <child t='167' id='126' V167='21' V283='1' occurMinTimes='1' occurMaxTimes='1' minSize='-1' maxSize='-1' dataType='2' repHandlerStruct='' visible='true' inheritsFrom='' V281='13' V1='4' name='Default'>
            <structNode t='150' idref='1'/>
          </child>
          <child t='167' id='127' V167='21' V283='1' occurMaxTimes='1' minSize='-1' maxSize='-1' dataType='2' repHandlerStruct='' visible='true' inheritsFrom='' V281='13' V1='4' name='Extension'>
            <structNode t='150' idref='1'/>
          </child>
        </child>
        <child t='167' id='128' V167='21' V283='1' occurMaxTimes='-1' minSize='-1' maxSize='-1' groupType='1' repHandlerStruct='' visible='true' inheritsFrom='' V281='13' V1='4' name='EmailDetails'>
          <structNode t='150' idref='1'/>
          <child t='167' id='129' V167='21' V283='1' occurMinTimes='1' occurMaxTimes='1' minSize='-1' maxSize='-1' dataType='2' repHandlerStruct='' visible='true' inheritsFrom='' V281='13' V1='4' name='ID'>
            <structNode t='150' idref='1'/>
          </child>
          <child t='167' id='130' V167='21' V283='1' occurMinTimes='1' occurMaxTimes='1' minSize='-1' maxSize='-1' dataType='2' repHandlerStruct='' visible='true' inheritsFrom='' V281='13' V1='4' name='EmailAddress'>
            <structNode t='150' idref='1'/>
          </child>
          <child t='167' id='131' V167='21' V283='1' occurMinTimes='1' occurMaxTimes='1' minSize='-1' maxSize='-1' dataType='2' repHandlerStruct='' visible='true' inheritsFrom='' V281='13' V1='4' name='Type'>
            <structNode t='150' idref='1'/>
          </child>
          <child t='167' id='132' V167='21' V283='1' occurMinTimes='1' occurMaxTimes='1' minSize='-1' maxSize='-1' dataType='2' repHandlerStruct='' visible='true' inheritsFrom='' V281='13' V1='4' name='Default'>
            <structNode t='150' idref='1'/>
          </child>
        </child>
      </child>
      <child t='167' id='133' V167='21' V283='1' occurMaxTimes='-1' minSize='-1' maxSize='-1' groupType='1' repHandlerStruct='' visible='true' inheritsFrom='' V281='13' V1='4' name='Preferences'>
        <structNode t='150' idref='1'/>
        <child t='167' id='134' V167='21' V283='1' occurMinTimes='1' occurMaxTimes='1' minSize='-1' maxSize='-1' dataType='2' repHandlerStruct='' visible='true' inheritsFrom='' V281='13' V1='4' name='PreferencesID'>
          <structNode t='150' idref='1'/>
        </child>
        <child t='167' id='135' V167='21' V283='1' occurMaxTimes='1' minSize='-1' maxSize='-1' dataType='2' repHandlerStruct='' visible='true' inheritsFrom='' V281='13' V1='4' name='PartnerID'>
          <structNode t='150' idref='1'/>
        </child>
        <child t='167' id='136' V167='21' V283='1' occurMaxTimes='1' minSize='-1' maxSize='-1' dataType='2' repHandlerStruct='' visible='true' inheritsFrom='' V281='13' V1='4' name='ContractID'>
          <structNode t='150' idref='1'/>
        </child>
        <child t='167' id='137' V167='21' V283='1' occurMaxTimes='1' minSize='-1' maxSize='-1' dataType='2' repHandlerStruct='' visible='true' inheritsFrom='' V281='13' V1='4' name='CustomerAccountNumber'>
          <structNode t='150' idref='1'/>
        </child>
        <child t='167' id='138' V167='21' V283='1' occurMinTimes='1' occurMaxTimes='1' minSize='-1' maxSize='-1' groupType='1' repHandlerStruct='' visible='true' inheritsFrom='' V281='13' V1='4' name='PreferenceDetails'>
          <structNode t='150' idref='1'/>
          <child t='167' id='139' V167='21' V283='1' occurMinTimes='1' occurMaxTimes='1' minSize='-1' maxSize='-1' dataType='2' repHandlerStruct='' visible='true' inheritsFrom='' V281='13' V1='4' name='TypeID'>
            <structNode t='150' idref='1'/>
          </child>
          <child t='167' id='140' V167='21' V283='1' occurMinTimes='1' occurMaxTimes='1' minSize='-1' maxSize='-1' dataType='2' repHandlerStruct='' visible='true' inheritsFrom='' V281='13' V1='4' name='ParentTypeID'>
            <structNode t='150' idref='1'/>
          </child>
          <child t='167' id='141' V167='21' V283='1' occurMinTimes='1' occurMaxTimes='1' minSize='-1' maxSize='-1' dataType='2' repHandlerStruct='' visible='true' inheritsFrom='' V281='13' V1='4' name='Category'>
            <structNode t='150' idref='1'/>
          </child>
          <child t='167' id='142' V167='21' V283='1' occurMinTimes='1' occurMaxTimes='1' minSize='-1' maxSize='-1' groupType='1' repHandlerStruct='' visible='true' inheritsFrom='' V281='13' V1='4' name='NameValue' checksumValid='true' checksum='G3KtZOQQxlSHnnKX8jpt1/StMug='>
            <structNode t='150' idref='1'/>
            <child t='167' id='143' V167='21' V283='1' occurMinTimes='1' occurMaxTimes='1' minSize='-1' maxSize='-1' dataType='2' repHandlerStruct='' visible='true' inheritsFrom='' V281='13' V1='4' name='Name'>
              <structNode t='150' idref='1'/>
            </child>
            <child t='167' id='144' V167='21' V283='1' occurMinTimes='1' occurMaxTimes='1' minSize='-1' maxSize='-1' dataType='2' repHandlerStruct='' visible='true' inheritsFrom='' V281='13' V1='4' name='ValueType'>
              <structNode t='150' idref='1'/>
            </child>
            <child t='167' id='145' V167='21' V283='1' occurMaxTimes='1' minSize='-1' maxSize='-1' dataType='31' repHandlerStruct='' visible='true' inheritsFrom='' V281='13' V1='4' name='DateValue'>
              <structNode t='150' idref='1'/>
            </child>
            <child t='167' id='146' V167='21' V283='1' occurMaxTimes='1' minSize='-1' maxSize='-1' dataType='22' repHandlerStruct='' visible='true' inheritsFrom='' V281='13' V1='4' name='NumericValue'>
              <structNode t='150' idref='1'/>
            </child>
            <child t='167' id='147' V167='21' V283='1' occurMaxTimes='1' minSize='-1' maxSize='-1' dataType='12' repHandlerStruct='' visible='true' inheritsFrom='' V281='13' V1='4' name='IntegerValue'>
              <structNode t='150' idref='1'/>
            </child>
            <child t='167' id='148' V167='21' V283='1' occurMaxTimes='1' minSize='-1' maxSize='-1' dataType='2' repHandlerStruct='' visible='true' inheritsFrom='' V281='13' V1='4' name='StringValue'>
              <structNode t='150' idref='1'/>
            </child>
            <child t='167' id='149' V167='21' V283='1' occurMaxTimes='1' minSize='-1' maxSize='-1' dataType='1' repHandlerStruct='' visible='true' inheritsFrom='' V281='13' V1='4' name='BooleanValue'>
              <structNode t='150' idref='1'/>
              <child t='167' id='150' V167='21' V283='1' occurMaxTimes='1' minSize='-1' maxSize='-1' dataType='2' elemType='5' repHandlerStruct='' visible='true' inheritsFrom='' V281='13' V1='4' name='true'>
                <structNode t='150' idref='1'/>
              </child>
              <child t='167' id='151' V167='21' V283='1' occurMaxTimes='1' minSize='-1' maxSize='-1' dataType='2' elemType='5' repHandlerStruct='' visible='true' inheritsFrom='' V281='13' V1='4' name='false'>
                <structNode t='150' idref='1'/>
              </child>
            </child>
            <child t='167' id='152' V167='21' V283='1' occurMaxTimes='1' minSize='-1' maxSize='-1' dataType='2' repHandlerStruct='' visible='true' inheritsFrom='' V281='13' V1='4' name='BlobValue'>
              <structNode t='150' idref='1'/>
            </child>
          </child>
          <child t='167' id='153' V167='21' V283='1' occurMaxTimes='1' minSize='-1' maxSize='-1' dataType='2' repHandlerStruct='' visible='true' inheritsFrom='' V281='13' V1='4' name='Description'>
            <structNode t='150' idref='1'/>
          </child>
          <child t='167' id='154' V167='21' V283='1' occurMaxTimes='1' minSize='-1' maxSize='-1' dataType='1' repHandlerStruct='' visible='true' inheritsFrom='' V281='13' V1='4' name='IsDefault'>
            <structNode t='150' idref='1'/>
            <child t='167' id='155' V167='21' V283='1' occurMaxTimes='1' minSize='-1' maxSize='-1' dataType='2' elemType='5' repHandlerStruct='' visible='true' inheritsFrom='' V281='13' V1='4' name='true'>
              <structNode t='150' idref='1'/>
            </child>
            <child t='167' id='156' V167='21' V283='1' occurMaxTimes='1' minSize='-1' maxSize='-1' dataType='2' elemType='5' repHandlerStruct='' visible='true' inheritsFrom='' V281='13' V1='4' name='false'>
              <structNode t='150' idref='1'/>
            </child>
          </child>
          <child t='167' id='157' V167='21' V283='1' occurMaxTimes='1' minSize='-1' maxSize='-1' dataType='1' repHandlerStruct='' visible='true' inheritsFrom='' V281='13' V1='4' name='IsMandatory'>
            <structNode t='150' idref='1'/>
            <child t='167' id='158' V167='21' V283='1' occurMaxTimes='1' minSize='-1' maxSize='-1' dataType='2' elemType='5' repHandlerStruct='' visible='true' inheritsFrom='' V281='13' V1='4' name='true'>
              <structNode t='150' idref='1'/>
            </child>
            <child t='167' id='159' V167='21' V283='1' occurMaxTimes='1' minSize='-1' maxSize='-1' dataType='2' elemType='5' repHandlerStruct='' visible='true' inheritsFrom='' V281='13' V1='4' name='false'>
              <structNode t='150' idref='1'/>
            </child>
          </child>
        </child>
      </child>
    </child>
    <child t='167' id='160' V167='21' V283='1' occurMaxTimes='-1' minSize='-1' maxSize='-1' groupType='1' repHandlerStruct='' visible='true' inheritsFrom='' V281='13' V1='4' name='ContractsSummary' checksumValid='true' checksum='Z88zSwi80i2d2zR4krZVF+Vdk2s='>
      <structNode t='150' idref='1'/>
      <child t='167' id='161' V167='21' V283='1' occurMinTimes='1' occurMaxTimes='1' minSize='-1' maxSize='-1' dataType='2' repHandlerStruct='' visible='true' inheritsFrom='' V281='13' V1='4' name='ContractID'>
        <structNode t='150' idref='1'/>
      </child>
      <child t='167' id='162' V167='21' V283='1' occurMaxTimes='1' minSize='-1' maxSize='-1' dataType='2' repHandlerStruct='' visible='true' inheritsFrom='' V281='13' V1='4' name='SpinePricePlanID'>
        <structNode t='150' idref='1'/>
      </child>
      <child t='167' id='163' V167='21' V283='1' occurMaxTimes='1' minSize='-1' maxSize='-1' dataType='31' repHandlerStruct='' visible='true' inheritsFrom='' V281='13' V1='4' name='VintageEffectiveDate'>
        <structNode t='150' idref='1'/>
      </child>
      <child t='167' id='164' V167='21' V283='1' occurMaxTimes='1' minSize='-1' maxSize='-1' dataType='31' repHandlerStruct='' visible='true' inheritsFrom='' V281='13' V1='4' name='VintageExpiryDate'>
        <structNode t='150' idref='1'/>
      </child>
      <child t='167' id='165' V167='21' V283='1' occurMinTimes='1' occurMaxTimes='1' minSize='-1' maxSize='-1' dataType='12' repHandlerStruct='' visible='true' inheritsFrom='' V281='13' V1='4' name='MinorVersion'>
        <structNode t='150' idref='1'/>
      </child>
      <child t='167' id='166' V167='21' V283='1' occurMinTimes='1' occurMaxTimes='1' minSize='-1' maxSize='-1' dataType='12' repHandlerStruct='' visible='true' inheritsFrom='' V281='13' V1='4' name='MajorVersion'>
        <structNode t='150' idref='1'/>
      </child>
      <child t='167' id='167' V167='21' V283='1' occurMinTimes='1' occurMaxTimes='1' minSize='-1' maxSize='-1' dataType='31' repHandlerStruct='' visible='true' inheritsFrom='' V281='13' V1='4' name='StartDate'>
        <structNode t='150' idref='1'/>
      </child>
      <child t='167' id='168' V167='21' V283='1' occurMaxTimes='1' minSize='-1' maxSize='-1' dataType='31' repHandlerStruct='' visible='true' inheritsFrom='' V281='13' V1='4' name='EndDate'>
        <structNode t='150' idref='1'/>
      </child>
      <child t='167' id='169' V167='21' V283='1' occurMinTimes='1' occurMaxTimes='1' minSize='-1' maxSize='-1' dataType='2' repHandlerStruct='' visible='true' inheritsFrom='' V281='13' V1='4' name='Status'>
        <structNode t='150' idref='1'/>
      </child>
      <child t='167' id='170' V167='21' V283='1' occurMinTimes='1' occurMaxTimes='1' minSize='-1' maxSize='-1' dataType='31' repHandlerStruct='' visible='true' inheritsFrom='' V281='13' V1='4' name='EffectiveDate'>
        <structNode t='150' idref='1'/>
      </child>
      <child t='167' id='171' V167='21' V283='1' occurMaxTimes='1' minSize='-1' maxSize='-1' dataType='31' repHandlerStruct='' visible='true' inheritsFrom='' V281='13' V1='4' name='ExpiryDate'>
        <structNode t='150' idref='1'/>
      </child>
      <child t='167' id='172' V167='21' V283='1' occurMinTimes='1' occurMaxTimes='1' minSize='-1' maxSize='-1' dataType='30' repHandlerStruct='' visible='true' inheritsFrom='' V281='13' V1='4' name='LastUpdated'>
        <structNode t='150' idref='1'/>
      </child>
      <child t='167' id='173' V167='21' V283='1' occurMaxTimes='1' minSize='-1' maxSize='-1' dataType='31' repHandlerStruct='' visible='true' inheritsFrom='' V281='13' V1='4' name='CancellationDate'>
        <structNode t='150' idref='1'/>
      </child>
      <child t='167' id='174' V167='21' V283='1' occurMaxTimes='1' minSize='-1' maxSize='-1' dataType='31' repHandlerStruct='' visible='true' inheritsFrom='' V281='13' V1='4' name='ClaimFromDate'>
        <structNode t='150' idref='1'/>
      </child>
      <child t='167' id='175' V167='21' V283='1' occurMinTimes='1' occurMaxTimes='1' minSize='-1' maxSize='-1' dataType='31' repHandlerStruct='' visible='true' inheritsFrom='' V281='13' V1='4' name='CoolingOffDate'>
        <structNode t='150' idref='1'/>
      </child>
      <child t='167' id='176' V167='21' V283='1' occurMinTimes='1' occurMaxTimes='1' minSize='-1' maxSize='-1' groupType='1' repHandlerStruct='' visible='true' inheritsFrom='' V281='13' V1='4' name='RenewalOption'>
        <structNode t='150' idref='1'/>
        <child t='167' id='177' V167='21' V283='1' occurMinTimes='1' occurMaxTimes='1' minSize='-1' maxSize='-1' dataType='2' repHandlerStruct='' visible='true' inheritsFrom='' V281='13' V1='4' name='Key'>
          <structNode t='150' idref='1'/>
        </child>
        <child t='167' id='178' V167='21' V283='1' occurMinTimes='1' occurMaxTimes='1' minSize='-1' maxSize='-1' dataType='2' repHandlerStruct='' visible='true' inheritsFrom='' V281='13' V1='4' name='Value'>
          <structNode t='150' idref='1'/>
        </child>
      </child>
      <child t='167' id='179' V167='21' V283='1' occurMaxTimes='1' minSize='-1' maxSize='-1' dataType='1' repHandlerStruct='' visible='true' inheritsFrom='' V281='13' V1='4' name='ServiceIndicator'>
        <structNode t='150' idref='1'/>
        <child t='167' id='180' V167='21' V283='1' occurMaxTimes='1' minSize='-1' maxSize='-1' dataType='2' elemType='5' repHandlerStruct='' visible='true' inheritsFrom='' V281='13' V1='4' name='true'>
          <structNode t='150' idref='1'/>
        </child>
        <child t='167' id='181' V167='21' V283='1' occurMaxTimes='1' minSize='-1' maxSize='-1' dataType='2' elemType='5' repHandlerStruct='' visible='true' inheritsFrom='' V281='13' V1='4' name='false'>
          <structNode t='150' idref='1'/>
        </child>
      </child>
      <child t='167' id='182' V167='21' V283='1' occurMinTimes='1' occurMaxTimes='-1' minSize='-1' maxSize='-1' groupType='1' repHandlerStruct='' visible='true' inheritsFrom='' V281='13' V1='4' name='OrderLinesSummary' checksumValid='true' checksum='6g+wnEaWzBkGB1HrXzoZ5jWvN38='>
        <structNode t='150' idref='1'/>
        <child t='167' id='183' V167='21' V283='1' occurMinTimes='1' occurMaxTimes='1' minSize='-1' maxSize='-1' dataType='2' repHandlerStruct='' visible='true' inheritsFrom='' V281='13' V1='4' name='OrderLineID'>
          <structNode t='150' idref='1'/>
        </child>
        <child t='167' id='184' V167='21' V283='1' occurMinTimes='1' occurMaxTimes='1' minSize='-1' maxSize='-1' dataType='2' repHandlerStruct='' visible='true' inheritsFrom='' V281='13' V1='4' name='LevelID'>
          <structNode t='150' idref='1'/>
        </child>
        <child t='167' id='185' V167='21' V283='1' occurMaxTimes='1' minSize='-1' maxSize='-1' dataType='2' repHandlerStruct='' visible='true' inheritsFrom='' V281='13' V1='4' name='ParentLevelID'>
          <structNode t='150' idref='1'/>
        </child>
        <child t='167' id='186' V167='21' V283='1' occurMinTimes='1' occurMaxTimes='1' minSize='-1' maxSize='-1' dataType='2' repHandlerStruct='' visible='true' inheritsFrom='' V281='13' V1='4' name='LevelType'>
          <structNode t='150' idref='1'/>
        </child>
        <child t='167' id='187' V167='21' V283='1' occurMinTimes='1' occurMaxTimes='1' minSize='-1' maxSize='-1' dataType='2' repHandlerStruct='' visible='true' inheritsFrom='' V281='13' V1='4' name='LevelReferenceID'>
          <structNode t='150' idref='1'/>
        </child>
        <child t='167' id='188' V167='21' V283='1' occurMaxTimes='1' minSize='-1' maxSize='-1' dataType='2' repHandlerStruct='' visible='true' inheritsFrom='' V281='13' V1='4' name='QuoteID'>
          <structNode t='150' idref='1'/>
        </child>
        <child t='167' id='189' V167='21' V283='1' occurMaxTimes='1' minSize='-1' maxSize='-1' dataType='2' repHandlerStruct='' visible='true' inheritsFrom='' V281='13' V1='4' name='AssetID'>
          <structNode t='150' idref='1'/>
        </child>
        <child t='167' id='190' V167='21' V283='1' occurMinTimes='1' occurMaxTimes='1' minSize='-1' maxSize='-1' dataType='2' repHandlerStruct='' visible='true' inheritsFrom='' V281='13' V1='4' name='ContractID'>
          <structNode t='150' idref='1'/>
        </child>
        <child t='167' id='191' V167='21' V283='1' occurMaxTimes='1' minSize='-1' maxSize='-1' dataType='2' repHandlerStruct='' visible='true' inheritsFrom='' V281='13' V1='4' name='OrderSubType'>
          <structNode t='150' idref='1'/>
        </child>
        <child t='167' id='192' V167='21' V283='1' occurMaxTimes='1' minSize='-1' maxSize='-1' dataType='2' repHandlerStruct='' visible='true' inheritsFrom='' V281='13' V1='4' name='CampaignID'>
          <structNode t='150' idref='1'/>
        </child>
        <child t='167' id='193' V167='21' V283='1' occurMaxTimes='1' minSize='-1' maxSize='-1' dataType='2' repHandlerStruct='' visible='true' inheritsFrom='' V281='13' V1='4' name='SpinePricePlanID'>
          <structNode t='150' idref='1'/>
        </child>
        <child t='167' id='194' V167='21' V283='1' occurMinTimes='1' occurMaxTimes='1' minSize='-1' maxSize='-1' dataType='12' repHandlerStruct='' visible='true' inheritsFrom='' V281='13' V1='4' name='MinorVersion'>
          <structNode t='150' idref='1'/>
        </child>
        <child t='167' id='195' V167='21' V283='1' occurMinTimes='1' occurMaxTimes='1' minSize='-1' maxSize='-1' dataType='12' repHandlerStruct='' visible='true' inheritsFrom='' V281='13' V1='4' name='MajorVersion'>
          <structNode t='150' idref='1'/>
        </child>
        <child t='167' id='196' V167='21' V283='1' occurMinTimes='1' occurMaxTimes='1' minSize='-1' maxSize='-1' dataType='2' repHandlerStruct='' visible='true' inheritsFrom='' V281='13' V1='4' name='Name'>
          <structNode t='150' idref='1'/>
        </child>
        <child t='167' id='197' V167='21' V283='1' occurMaxTimes='1' minSize='-1' maxSize='-1' dataType='2' repHandlerStruct='' visible='true' inheritsFrom='' V281='13' V1='4' name='Definition'>
          <structNode t='150' idref='1'/>
        </child>
        <child t='167' id='198' V167='21' V283='1' occurMaxTimes='1' minSize='-1' maxSize='-1' dataType='2' repHandlerStruct='' visible='true' inheritsFrom='' V281='13' V1='4' name='Status'>
          <structNode t='150' idref='1'/>
        </child>
        <child t='167' id='199' V167='21' V283='1' occurMinTimes='1' occurMaxTimes='1' minSize='-1' maxSize='-1' dataType='31' repHandlerStruct='' visible='true' inheritsFrom='' V281='13' V1='4' name='EffectiveDate'>
          <structNode t='150' idref='1'/>
        </child>
        <child t='167' id='200' V167='21' V283='1' occurMaxTimes='1' minSize='-1' maxSize='-1' dataType='31' repHandlerStruct='' visible='true' inheritsFrom='' V281='13' V1='4' name='ExpiryDate'>
          <structNode t='150' idref='1'/>
        </child>
        <child t='167' id='201' V167='21' V283='1' occurMinTimes='1' occurMaxTimes='1' minSize='-1' maxSize='-1' dataType='30' repHandlerStruct='' visible='true' inheritsFrom='' V281='13' V1='4' name='LastUpdated'>
          <structNode t='150' idref='1'/>
        </child>
        <child t='167' id='202' V167='21' V283='1' occurMaxTimes='1' minSize='-1' maxSize='-1' dataType='22' repHandlerStruct='' visible='true' inheritsFrom='' V281='13' V1='4' name='Price'>
          <structNode t='150' idref='1'/>
        </child>
        <child t='167' id='203' V167='21' V283='1' occurMaxTimes='1' minSize='-1' maxSize='-1' dataType='12' repHandlerStruct='' visible='true' inheritsFrom='' V281='13' V1='4' name='PriceVintage'>
          <structNode t='150' idref='1'/>
        </child>
        <child t='167' id='204' V167='21' V283='1' occurMaxTimes='1' minSize='-1' maxSize='-1' dataType='12' repHandlerStruct='' visible='true' inheritsFrom='' V281='13' V1='4' name='SpineVintage'>
          <structNode t='150' idref='1'/>
        </child>
        <child t='167' id='205' V167='21' V283='1' occurMaxTimes='1' minSize='-1' maxSize='-1' dataType='12' repHandlerStruct='' visible='true' inheritsFrom='' V281='13' V1='4' name='PackageVintage'>
          <structNode t='150' idref='1'/>
        </child>
        <child t='167' id='206' V167='21' V283='1' occurMinTimes='1' occurMaxTimes='1' minSize='-1' maxSize='-1' dataType='1' repHandlerStruct='' visible='true' inheritsFrom='' V281='13' V1='4' name='IsMaterialized'>
          <structNode t='150' idref='1'/>
          <child t='167' id='207' V167='21' V283='1' occurMaxTimes='1' minSize='-1' maxSize='-1' dataType='2' elemType='5' repHandlerStruct='' visible='true' inheritsFrom='' V281='13' V1='4' name='true'>
            <structNode t='150' idref='1'/>
          </child>
          <child t='167' id='208' V167='21' V283='1' occurMaxTimes='1' minSize='-1' maxSize='-1' dataType='2' elemType='5' repHandlerStruct='' visible='true' inheritsFrom='' V281='13' V1='4' name='false'>
            <structNode t='150' idref='1'/>
          </child>
        </child>
        <child t='167' id='209' V167='21' V283='1' occurMinTimes='1' occurMaxTimes='1' minSize='-1' maxSize='-1' dataType='1' repHandlerStruct='' visible='true' inheritsFrom='' V281='13' V1='4' name='IsExclusion'>
          <structNode t='150' idref='1'/>
          <child t='167' id='210' V167='21' V283='1' occurMaxTimes='1' minSize='-1' maxSize='-1' dataType='2' elemType='5' repHandlerStruct='' visible='true' inheritsFrom='' V281='13' V1='4' name='true'>
            <structNode t='150' idref='1'/>
          </child>
          <child t='167' id='211' V167='21' V283='1' occurMaxTimes='1' minSize='-1' maxSize='-1' dataType='2' elemType='5' repHandlerStruct='' visible='true' inheritsFrom='' V281='13' V1='4' name='false'>
            <structNode t='150' idref='1'/>
          </child>
        </child>
      </child>
      <child t='167' id='212' V167='21' V283='1' occurMinTimes='1' occurMaxTimes='1' minSize='-1' maxSize='-1' groupType='1' repHandlerStruct='' visible='true' inheritsFrom='' V281='13' V1='4' name='ServiceAddress' checksumValid='true' checksum='zjSmjmYQp+NQ59kJvE/W/TIylYU='>
        <structNode t='150' idref='1'/>
        <child t='167' id='213' V167='21' V283='1' occurMaxTimes='1' minSize='-1' maxSize='-1' dataType='2' repHandlerStruct='' visible='true' inheritsFrom='' V281='13' V1='4' name='AddressID'>
          <structNode t='150' idref='1'/>
        </child>
        <child t='167' id='214' V167='21' V283='1' occurMinTimes='1' occurMaxTimes='1' minSize='-1' maxSize='-1' dataType='2' repHandlerStruct='' visible='true' inheritsFrom='' V281='13' V1='4' name='AddressType'>
          <structNode t='150' idref='1'/>
        </child>
        <child t='167' id='215' V167='21' V283='1' occurMaxTimes='1' minSize='-1' maxSize='-1' dataType='2' repHandlerStruct='' visible='true' inheritsFrom='' V281='13' V1='4' name='FlatNumber'>
          <structNode t='150' idref='1'/>
        </child>
        <child t='167' id='216' V167='21' V283='1' occurMaxTimes='1' minSize='-1' maxSize='-1' dataType='2' repHandlerStruct='' visible='true' inheritsFrom='' V281='13' V1='4' name='VanityName'>
          <structNode t='150' idref='1'/>
        </child>
        <child t='167' id='217' V167='21' V283='1' occurMaxTimes='1' minSize='-1' maxSize='-1' dataType='2' repHandlerStruct='' visible='true' inheritsFrom='' V281='13' V1='4' name='BuildingName'>
          <structNode t='150' idref='1'/>
        </child>
        <child t='167' id='218' V167='21' V283='1' occurMaxTimes='1' minSize='-1' maxSize='-1' dataType='2' repHandlerStruct='' visible='true' inheritsFrom='' V281='13' V1='4' name='BuildingNumber'>
          <structNode t='150' idref='1'/>
        </child>
        <child t='167' id='219' V167='21' V283='1' occurMaxTimes='1' minSize='-1' maxSize='-1' dataType='2' repHandlerStruct='' visible='true' inheritsFrom='' V281='13' V1='4' name='PropertyType'>
          <structNode t='150' idref='1'/>
        </child>
        <child t='167' id='220' V167='21' V283='1' occurMaxTimes='1' minSize='-1' maxSize='-1' dataType='2' repHandlerStruct='' visible='true' inheritsFrom='' V281='13' V1='4' name='SubStreet'>
          <structNode t='150' idref='1'/>
        </child>
        <child t='167' id='221' V167='21' V283='1' occurMaxTimes='1' minSize='-1' maxSize='-1' dataType='2' repHandlerStruct='' visible='true' inheritsFrom='' V281='13' V1='4' name='Street'>
          <structNode t='150' idref='1'/>
        </child>
        <child t='167' id='222' V167='21' V283='1' occurMaxTimes='1' minSize='-1' maxSize='-1' dataType='2' repHandlerStruct='' visible='true' inheritsFrom='' V281='13' V1='4' name='City'>
          <structNode t='150' idref='1'/>
        </child>
        <child t='167' id='223' V167='21' V283='1' occurMaxTimes='1' minSize='-1' maxSize='-1' dataType='2' repHandlerStruct='' visible='true' inheritsFrom='' V281='13' V1='4' name='County'>
          <structNode t='150' idref='1'/>
        </child>
        <child t='167' id='224' V167='21' V283='1' occurMinTimes='1' occurMaxTimes='1' minSize='-1' maxSize='-1' groupType='1' repHandlerStruct='' visible='true' inheritsFrom='' V281='13' V1='4' name='CountryType'>
          <structNode t='150' idref='1'/>
          <child t='167' id='225' V167='21' V283='1' occurMinTimes='1' occurMaxTimes='1' minSize='-1' maxSize='-1' dataType='2' repHandlerStruct='' visible='true' inheritsFrom='' V281='13' V1='4' name='Key'>
            <structNode t='150' idref='1'/>
          </child>
          <child t='167' id='226' V167='21' V283='1' occurMinTimes='1' occurMaxTimes='1' minSize='-1' maxSize='-1' dataType='2' repHandlerStruct='' visible='true' inheritsFrom='' V281='13' V1='4' name='Value'>
            <structNode t='150' idref='1'/>
          </child>
        </child>
        <child t='167' id='227' V167='21' V283='1' occurMaxTimes='1' minSize='-1' maxSize='-1' dataType='2' repHandlerStruct='' visible='true' inheritsFrom='' V281='13' V1='4' name='POBox'>
          <structNode t='150' idref='1'/>
        </child>
        <child t='167' id='228' V167='21' V283='1' occurMinTimes='1' occurMaxTimes='1' minSize='-1' maxSize='-1' dataType='2' repHandlerStruct='' visible='true' inheritsFrom='' V281='13' V1='4' name='Postcode'>
          <structNode t='150' idref='1'/>
        </child>
        <child t='167' id='229' V167='21' V283='1' occurMaxTimes='1' minSize='-1' maxSize='-1' dataType='2' repHandlerStruct='' visible='true' inheritsFrom='' V281='13' V1='4' name='DPS'>
          <structNode t='150' idref='1'/>
        </child>
        <child t='167' id='230' V167='21' V283='1' occurMaxTimes='1' minSize='-1' maxSize='-1' dataType='2' repHandlerStruct='' visible='true' inheritsFrom='' V281='13' V1='4' name='ExtAddressKey'>
          <structNode t='150' idref='1'/>
        </child>
        <child t='167' id='231' V167='21' V283='1' occurMaxTimes='1' minSize='-1' maxSize='-1' dataType='31' repHandlerStruct='' visible='true' inheritsFrom='' V281='13' V1='4' name='VintageEffectiveDate'>
          <structNode t='150' idref='1'/>
        </child>
        <child t='167' id='232' V167='21' V283='1' occurMaxTimes='1' minSize='-1' maxSize='-1' dataType='31' repHandlerStruct='' visible='true' inheritsFrom='' V281='13' V1='4' name='VintageExpiryDate'>
          <structNode t='150' idref='1'/>
        </child>
      </child>
      <child t='167' id='233' V167='21' V283='1' occurMaxTimes='1' minSize='-1' maxSize='-1' groupType='1' repHandlerStruct='' visible='true' inheritsFrom='' V281='13' V1='4' name='NextPaymentInstruction'>
        <structNode t='150' idref='1'/>
        <child t='167' id='234' V167='21' V283='1' occurMaxTimes='1' minSize='-1' maxSize='-1' dataType='31' repHandlerStruct='' visible='true' inheritsFrom='' V281='13' V1='4' name='NextPaymentDate'>
          <structNode t='150' idref='1'/>
        </child>
        <child t='167' id='235' V167='21' V283='1' occurMaxTimes='1' minSize='-1' maxSize='-1' dataType='22' repHandlerStruct='' visible='true' inheritsFrom='' V281='13' V1='4' name='NextPaymentAmount'>
          <structNode t='150' idref='1'/>
        </child>
        <child t='167' id='236' V167='21' V283='1' occurMinTimes='1' occurMaxTimes='1' minSize='-1' maxSize='-1' dataType='2' repHandlerStruct='' visible='true' inheritsFrom='' V281='13' V1='4' name='PaymentFrequency'>
          <structNode t='150' idref='1'/>
        </child>
        <child t='167' id='237' V167='21' V283='1' occurMinTimes='1' occurMaxTimes='1' minSize='-1' maxSize='-1' groupType='1' repHandlerStruct='' visible='true' inheritsFrom='' V281='13' V1='4' name='PaymentMethod'>
          <structNode t='150' idref='1'/>
          <child t='167' id='238' V167='21' V283='1' occurMinTimes='1' occurMaxTimes='1' minSize='-1' maxSize='-1' dataType='2' repHandlerStruct='' visible='true' inheritsFrom='' V281='13' V1='4' name='PaymentMethodID'>
            <structNode t='150' idref='1'/>
          </child>
          <child t='167' id='239' V167='21' V283='1' occurMinTimes='1' occurMaxTimes='1' minSize='-1' maxSize='-1' groupType='1' repHandlerStruct='' visible='true' inheritsFrom='' V281='13' V1='4' name='PaymentMethodType'>
            <structNode t='150' idref='1'/>
            <child t='167' id='240' V167='21' V283='1' occurMinTimes='1' occurMaxTimes='1' minSize='-1' maxSize='-1' dataType='2' repHandlerStruct='' visible='true' inheritsFrom='' V281='13' V1='4' name='Key'>
              <structNode t='150' idref='1'/>
            </child>
            <child t='167' id='241' V167='21' V283='1' occurMinTimes='1' occurMaxTimes='1' minSize='-1' maxSize='-1' dataType='2' repHandlerStruct='' visible='true' inheritsFrom='' V281='13' V1='4' name='Value'>
              <structNode t='150' idref='1'/>
            </child>
          </child>
          <child t='167' id='242' V167='21' V283='1' occurMinTimes='1' occurMaxTimes='1' minSize='-1' maxSize='-1' dataType='2' repHandlerStruct='' visible='true' inheritsFrom='' V281='13' V1='4' name='PaymentMethodStatus'>
            <structNode t='150' idref='1'/>
          </child>
          <child t='167' id='243' V167='21' V283='1' occurMaxTimes='1' minSize='-1' maxSize='-1' groupType='1' repHandlerStruct='' visible='true' inheritsFrom='' V281='13' V1='4' name='BankAccountInformation'>
            <structNode t='150' idref='1'/>
            <child t='167' id='244' V167='21' V283='1' occurMinTimes='1' occurMaxTimes='1' minSize='-1' maxSize='-1' dataType='2' repHandlerStruct='' visible='true' inheritsFrom='' V281='13' V1='4' name='AccountNumber'>
              <structNode t='150' idref='1'/>
            </child>
            <child t='167' id='245' V167='21' V283='1' occurMinTimes='1' occurMaxTimes='1' minSize='-1' maxSize='-1' dataType='2' repHandlerStruct='' visible='true' inheritsFrom='' V281='13' V1='4' name='AccountHolderName'>
              <structNode t='150' idref='1'/>
            </child>
            <child t='167' id='246' V167='21' V283='1' occurMaxTimes='1' minSize='-1' maxSize='-1' dataType='2' repHandlerStruct='' visible='true' inheritsFrom='' V281='13' V1='4' name='SortCode'>
              <structNode t='150' idref='1'/>
            </child>
            <child t='167' id='247' V167='21' V283='1' occurMaxTimes='1' minSize='-1' maxSize='-1' dataType='2' repHandlerStruct='' visible='true' inheritsFrom='' V281='13' V1='4' name='RollNumber'>
              <structNode t='150' idref='1'/>
            </child>
            <child t='167' id='248' V167='21' V283='1' occurMinTimes='1' occurMaxTimes='1' minSize='-1' maxSize='-1' dataType='2' repHandlerStruct='' visible='true' inheritsFrom='' V281='13' V1='4' name='CheckContext'>
              <structNode t='150' idref='1'/>
            </child>
            <child t='167' id='249' V167='21' V283='1' occurMaxTimes='1' minSize='-1' maxSize='-1' groupType='1' repHandlerStruct='' visible='true' inheritsFrom='' V281='13' V1='4' name='AccountInformation'>
              <structNode t='150' idref='1'/>
              <child t='167' id='250' V167='21' V283='1' occurMinTimes='1' occurMaxTimes='1' minSize='-1' maxSize='-1' dataType='2' repHandlerStruct='' visible='true' inheritsFrom='' V281='13' V1='4' name='AccountType'>
                <structNode t='150' idref='1'/>
              </child>
              <child t='167' id='251' V167='21' V283='1' occurMinTimes='1' occurMaxTimes='1' minSize='-1' maxSize='-1' dataType='2' repHandlerStruct='' visible='true' inheritsFrom='' V281='13' V1='4' name='CustomerAccountType'>
                <structNode t='150' idref='1'/>
              </child>
            </child>
          </child>
          <child t='167' id='252' V167='21' V283='1' occurMaxTimes='1' minSize='-1' maxSize='-1' groupType='1' repHandlerStruct='' visible='true' inheritsFrom='' V281='13' V1='4' name='CardInformation' checksumValid='true' checksum='nmYCyH8ORpGQEHMCp/82YP3H48M='>
            <structNode t='150' idref='1'/>
            <child t='167' id='253' V167='21' V283='1' occurMinTimes='1' occurMaxTimes='1' minSize='-1' maxSize='-1' dataType='2' repHandlerStruct='' visible='true' inheritsFrom='' V281='13' V1='4' name='CardAuthorisationToken'>
              <structNode t='150' idref='1'/>
            </child>
            <child t='167' id='254' V167='21' V283='1' occurMaxTimes='1' minSize='-1' maxSize='-1' dataType='2' repHandlerStruct='' visible='true' inheritsFrom='' V281='13' V1='4' name='CardNumberLast4Digits'>
              <structNode t='150' idref='1'/>
            </child>
            <child t='167' id='255' V167='21' V283='1' occurMaxTimes='1' minSize='-1' maxSize='-1' dataType='2' repHandlerStruct='' visible='true' inheritsFrom='' V281='13' V1='4' name='CardType'>
              <structNode t='150' idref='1'/>
            </child>
            <child t='167' id='256' V167='21' V283='1' occurMinTimes='1' occurMaxTimes='1' minSize='-1' maxSize='-1' dataType='2' repHandlerStruct='' visible='true' inheritsFrom='' V281='13' V1='4' name='NameOnCard'>
              <structNode t='150' idref='1'/>
            </child>
            <child t='167' id='257' V167='21' V283='1' occurMaxTimes='1' minSize='-1' maxSize='-1' dataType='2' repHandlerStruct='' visible='true' inheritsFrom='' V281='13' V1='4' name='NonStandardAccountNumber'>
              <structNode t='150' idref='1'/>
            </child>
            <child t='167' id='258' V167='21' V283='1' occurMaxTimes='1' minSize='-1' maxSize='-1' dataType='31' repHandlerStruct='' visible='true' inheritsFrom='' V281='13' V1='4' name='ValidFrom'>
              <structNode t='150' idref='1'/>
            </child>
            <child t='167' id='259' V167='21' V283='1' occurMinTimes='1' occurMaxTimes='1' minSize='-1' maxSize='-1' dataType='31' repHandlerStruct='' visible='true' inheritsFrom='' V281='13' V1='4' name='ExpiryDate'>
              <structNode t='150' idref='1'/>
            </child>
            <child t='167' id='260' V167='21' V283='1' occurMinTimes='1' occurMaxTimes='1' minSize='-1' maxSize='-1' dataType='2' repHandlerStruct='' visible='true' inheritsFrom='' V281='13' V1='4' name='TxnReference'>
              <structNode t='150' idref='1'/>
            </child>
            <child t='167' id='261' V167='21' V283='1' occurMinTimes='1' occurMaxTimes='1' minSize='-1' maxSize='-1' dataType='2' repHandlerStruct='' visible='true' inheritsFrom='' V281='13' V1='4' name='MerchantReference'>
              <structNode t='150' idref='1'/>
            </child>
            <child t='167' id='262' V167='21' V283='1' occurMaxTimes='1' minSize='-1' maxSize='-1' dataType='2' repHandlerStruct='' visible='true' inheritsFrom='' V281='13' V1='4' name='AuthorisationCode'>
              <structNode t='150' idref='1'/>
            </child>
          </child>
          <child t='167' id='263' V167='21' V283='1' occurMaxTimes='1' minSize='-1' maxSize='-1' groupType='1' repHandlerStruct='' visible='true' inheritsFrom='' V281='13' V1='4' name='ChequeInformation'>
            <structNode t='150' idref='1'/>
            <child t='167' id='264' V167='21' V283='1' occurMinTimes='1' occurMaxTimes='1' minSize='-1' maxSize='-1' dataType='2' repHandlerStruct='' visible='true' inheritsFrom='' V281='13' V1='4' name='ChequeNumber'>
              <structNode t='150' idref='1'/>
            </child>
            <child t='167' id='265' V167='21' V283='1' occurMinTimes='1' occurMaxTimes='1' minSize='-1' maxSize='-1' dataType='2' repHandlerStruct='' visible='true' inheritsFrom='' V281='13' V1='4' name='ChequeType'>
              <structNode t='150' idref='1'/>
            </child>
            <child t='167' id='266' V167='21' V283='1' occurMinTimes='1' occurMaxTimes='1' minSize='-1' maxSize='-1' dataType='31' repHandlerStruct='' visible='true' inheritsFrom='' V281='13' V1='4' name='IssueDate'>
              <structNode t='150' idref='1'/>
            </child>
            <child t='167' id='267' V167='21' V283='1' occurMinTimes='1' occurMaxTimes='1' minSize='-1' maxSize='-1' dataType='2' repHandlerStruct='' visible='true' inheritsFrom='' V281='13' V1='4' name='AccountNumber'>
              <structNode t='150' idref='1'/>
            </child>
            <child t='167' id='268' V167='21' V283='1' occurMaxTimes='1' minSize='-1' maxSize='-1' dataType='2' repHandlerStruct='' visible='true' inheritsFrom='' V281='13' V1='4' name='SortCode'>
              <structNode t='150' idref='1'/>
            </child>
            <child t='167' id='269' V167='21' V283='1' occurMinTimes='1' occurMaxTimes='1' minSize='-1' maxSize='-1' dataType='2' repHandlerStruct='' visible='true' inheritsFrom='' V281='13' V1='4' name='Amount'>
              <structNode t='150' idref='1'/>
            </child>
          </child>
        </child>
      </child>
      <child t='167' id='270' V167='21' V283='1' occurMinTimes='1' occurMaxTimes='-1' minSize='-1' maxSize='-1' groupType='1' repHandlerStruct='' visible='true' inheritsFrom='' V281='13' V1='4' name='Partners'>
        <structNode t='150' idref='1'/>
        <child t='167' id='271' V167='21' V283='1' occurMinTimes='1' occurMaxTimes='1' minSize='-1' maxSize='-1' dataType='2' repHandlerStruct='' visible='true' inheritsFrom='' V281='13' V1='4' name='PartnerID'>
          <structNode t='150' idref='1'/>
        </child>
        <child t='167' id='272' V167='21' V283='1' occurMinTimes='1' occurMaxTimes='1' minSize='-1' maxSize='-1' dataType='2' repHandlerStruct='' visible='true' inheritsFrom='' V281='13' V1='4' name='PartnerCode'>
          <structNode t='150' idref='1'/>
        </child>
        <child t='167' id='273' V167='21' V283='1' occurMinTimes='1' occurMaxTimes='1' minSize='-1' maxSize='-1' dataType='2' repHandlerStruct='' visible='true' inheritsFrom='' V281='13' V1='4' name='PartnerName'>
          <structNode t='150' idref='1'/>
        </child>
        <child t='167' id='274' V167='21' V283='1' occurMinTimes='1' occurMaxTimes='1' minSize='-1' maxSize='-1' dataType='2' repHandlerStruct='' visible='true' inheritsFrom='' V281='13' V1='4' name='PartnerType'>
          <structNode t='150' idref='1'/>
        </child>
        <child t='167' id='275' V167='21' V283='1' occurMinTimes='1' occurMaxTimes='1' minSize='-1' maxSize='-1' dataType='2' repHandlerStruct='' visible='true' inheritsFrom='' V281='13' V1='4' name='LevelID'>
          <structNode t='150' idref='1'/>
        </child>
        <child t='167' id='276' V167='21' V283='1' occurMinTimes='1' occurMaxTimes='1' minSize='-1' maxSize='-1' dataType='2' repHandlerStruct='' visible='true' inheritsFrom='' V281='13' V1='4' name='LevelReferenceID'>
          <structNode t='150' idref='1'/>
        </child>
        <child t='167' id='277' V167='21' V283='1' occurMinTimes='1' occurMaxTimes='1' minSize='-1' maxSize='-1' dataType='2' repHandlerStruct='' visible='true' inheritsFrom='' V281='13' V1='4' name='OrderLineID'>
          <structNode t='150' idref='1'/>
        </child>
      </child>
      <child t='167' id='278' V167='21' V283='1' occurMaxTimes='1' minSize='-1' maxSize='-1' dataType='1' repHandlerStruct='' visible='true' inheritsFrom='' V281='13' V1='4' name='InspectionCompleted'>
        <structNode t='150' idref='1'/>
        <child t='167' id='279' V167='21' V283='1' occurMaxTimes='1' minSize='-1' maxSize='-1' dataType='2' elemType='5' repHandlerStruct='' visible='true' inheritsFrom='' V281='13' V1='4' name='true'>
          <structNode t='150' idref='1'/>
        </child>
        <child t='167' id='280' V167='21' V283='1' occurMaxTimes='1' minSize='-1' maxSize='-1' dataType='2' elemType='5' repHandlerStruct='' visible='true' inheritsFrom='' V281='13' V1='4' name='false'>
          <structNode t='150' idref='1'/>
        </child>
      </child>
      <child t='167' id='281' V167='21' V283='1' occurMaxTimes='1' minSize='-1' maxSize='-1' dataType='1' repHandlerStruct='' visible='true' inheritsFrom='' V281='13' V1='4' name='InspectionAttempt'>
        <structNode t='150' idref='1'/>
        <child t='167' id='282' V167='21' V283='1' occurMaxTimes='1' minSize='-1' maxSize='-1' dataType='2' elemType='5' repHandlerStruct='' visible='true' inheritsFrom='' V281='13' V1='4' name='true'>
          <structNode t='150' idref='1'/>
        </child>
        <child t='167' id='283' V167='21' V283='1' occurMaxTimes='1' minSize='-1' maxSize='-1' dataType='2' elemType='5' repHandlerStruct='' visible='true' inheritsFrom='' V281='13' V1='4' name='false'>
          <structNode t='150' idref='1'/>
        </child>
      </child>
      <child t='167' id='284' V167='21' V283='1' occurMaxTimes='1' minSize='-1' maxSize='-1' dataType='1' repHandlerStruct='' visible='true' inheritsFrom='' V281='13' V1='4' name='InspectionRealised'>
        <structNode t='150' idref='1'/>
        <child t='167' id='285' V167='21' V283='1' occurMaxTimes='1' minSize='-1' maxSize='-1' dataType='2' elemType='5' repHandlerStruct='' visible='true' inheritsFrom='' V281='13' V1='4' name='true'>
          <structNode t='150' idref='1'/>
        </child>
        <child t='167' id='286' V167='21' V283='1' occurMaxTimes='1' minSize='-1' maxSize='-1' dataType='2' elemType='5' repHandlerStruct='' visible='true' inheritsFrom='' V281='13' V1='4' name='false'>
          <structNode t='150' idref='1'/>
        </child>
      </child>
      <child t='167' id='287' V167='21' V283='1' occurMaxTimes='1' minSize='-1' maxSize='-1' dataType='1' repHandlerStruct='' visible='true' inheritsFrom='' V281='13' V1='4' name='ServiceUsed'>
        <structNode t='150' idref='1'/>
        <child t='167' id='288' V167='21' V283='1' occurMaxTimes='1' minSize='-1' maxSize='-1' dataType='2' elemType='5' repHandlerStruct='' visible='true' inheritsFrom='' V281='13' V1='4' name='true'>
          <structNode t='150' idref='1'/>
        </child>
        <child t='167' id='289' V167='21' V283='1' occurMaxTimes='1' minSize='-1' maxSize='-1' dataType='2' elemType='5' repHandlerStruct='' visible='true' inheritsFrom='' V281='13' V1='4' name='false'>
          <structNode t='150' idref='1'/>
        </child>
      </child>
    </child>
  </rootElem>
  <defaultRep t='172' id='290' V172='6' autoFixNamespaceMismatch='true' V170='10' V692='1' V690='1' ignoreExcluded='true' fixInvalidCharacters='true' V1='4' name='XML'>
    <namespaceContainers t='220' ref='Namespace Containers/WebIntegration_v2_Acc-Pega_v56_Old_0.1.wsdl_0.1.xml'/>
  </defaultRep>
  <namespaceList t='161' id='291' V161='1' namespaceUri='___osdtDummy___' V1='4'>
  </namespaceList>
  <namespaceList t='161' id='292' V161='1' namespaceUri='urn:PegaRULES:SOAP:AccountManagementServices:Services' namespacePrefix='nslt1' V1='4'>
  </namespaceList>
  <child t='162' id='293' V1='4' name='Representations'>
    <child t='172' idref='290'/>
  </child>
  <child t='165' id='294' V1='4' name='Document Bindings'>
    <child t='166' id='295' V166='5' docType='1' V1='4' name='/nslt1:GetCusAcctDetByCusAcctNumResponseType'>
      <elemNode t='167' idref='2'/>
    </child>
  </child>
</root>
