<?xml version="1.0" encoding="UTF-8"?>
<root t='150' id='1' V150='13' creationTimestamp='0x1505a9a334b' V1='4' name='ContractDetailsType' incarnation='10'>
  <rootElem t='167' id='2' V167='21' V283='1' occurMaxTimes='1' minSize='-1' maxSize='-1' groupType='1' repHandlerStruct='' inheritsFrom='' namespaceIndex='1' V281='13' V1='4' name='ContractDetailsType'>
    <structNode t='150' idref='1'/>
    <child t='167' id='3' V167='21' V283='1' occurMinTimes='1' occurMaxTimes='1' minSize='-1' maxSize='-1' dataType='12' repHandlerStruct='' visible='true' inheritsFrom='' namespaceIndex='1' V281='13' V1='4' name='MajorVersion'>
      <structNode t='150' idref='1'/>
    </child>
    <child t='167' id='4' V167='21' V283='1' occurMinTimes='1' occurMaxTimes='1' minSize='-1' maxSize='-1' dataType='12' repHandlerStruct='' visible='true' inheritsFrom='' namespaceIndex='1' V281='13' V1='4' name='MinorVersion'>
      <structNode t='150' idref='1'/>
    </child>
    <child t='167' id='5' V167='21' V283='1' occurMinTimes='1' occurMaxTimes='1' minSize='-1' maxSize='-1' dataType='2' repHandlerStruct='' visible='true' inheritsFrom='' namespaceIndex='1' V281='13' V1='4' name='Status'>
      <structNode t='150' idref='1'/>
    </child>
    <child t='167' id='6' V167='21' V283='1' occurMinTimes='1' occurMaxTimes='1' minSize='-1' maxSize='-1' dataType='31' repHandlerStruct='' visible='true' inheritsFrom='' namespaceIndex='1' V281='13' V1='4' name='EffectiveDate'>
      <structNode t='150' idref='1'/>
    </child>
    <child t='167' id='7' V167='21' V283='1' occurMinTimes='1' occurMaxTimes='1' minSize='-1' maxSize='-1' dataType='31' repHandlerStruct='' visible='true' inheritsFrom='' namespaceIndex='1' V281='13' V1='4' name='ExpiryDate'>
      <structNode t='150' idref='1'/>
    </child>
    <child t='167' id='8' V167='21' V283='1' occurMinTimes='1' occurMaxTimes='1' minSize='-1' maxSize='-1' dataType='30' repHandlerStruct='' visible='true' inheritsFrom='' namespaceIndex='1' V281='13' V1='4' name='LastUpdated'>
      <structNode t='150' idref='1'/>
    </child>
    <child t='167' id='9' V167='21' V283='1' occurMaxTimes='1' minSize='-1' maxSize='-1' dataType='31' repHandlerStruct='' visible='true' inheritsFrom='' namespaceIndex='1' V281='13' V1='4' name='CancellationDate'>
      <structNode t='150' idref='1'/>
    </child>
    <child t='167' id='10' V167='21' inheritsFromIncarnation='9' inheritsFromTimestamp='0x1505a9a33d3' inheritsInThisStruct='true' V283='1' occurMinTimes='1' occurMaxTimes='1' minSize='-1' maxSize='-1' inheritsFromCopyRule='20' groupType='1' repHandlerStruct='' visible='true' inheritsFrom='Structures/WorkRequestService/Types/hsgps/OffersType.xml' namespaceIndex='1' V281='13' V1='4' name='Offers'>
      <structNode t='150' idref='1'/>
      <savedDerivedCopy t='167' id='11' V167='21' needInheritInit='true' inheritsInThisStruct='true' V283='1' occurMinTimes='1' occurMaxTimes='1' minSize='-1' maxSize='-1' inheritsFromCopyRule='20' groupType='1' repHandlerStruct='' visible='true' inheritsFrom='Structures/WorkRequestService/Types/hsgps/OffersType.xml' namespaceIndex='1' V281='13' V1='4' name='Offers'>
      </savedDerivedCopy>
      <savedOrigCopyAtInheritsFrom t='167' id='12' V167='21' V283='1' occurMaxTimes='1' minSize='-1' maxSize='-1' groupType='1' repHandlerStruct='' inheritsFrom='' namespaceIndex='1' V281='13' V1='4' name='OffersType'>
      </savedOrigCopyAtInheritsFrom>
    </child>
    <child t='167' id='13' V167='21' inheritsFromIncarnation='9' inheritsFromTimestamp='0x1505a9a32e7' inheritsInThisStruct='true' V283='1' occurMaxTimes='1' minSize='-1' maxSize='-1' inheritsFromCopyRule='20' groupType='1' repHandlerStruct='' visible='true' inheritsFrom='Structures/WorkRequestService/Types/hsgca1/AssetsType.xml' namespaceIndex='1' V281='13' V1='4' name='Assets'>
      <structNode t='150' idref='1'/>
      <savedDerivedCopy t='167' id='14' V167='21' needInheritInit='true' inheritsInThisStruct='true' V283='1' occurMaxTimes='1' minSize='-1' maxSize='-1' inheritsFromCopyRule='20' groupType='1' repHandlerStruct='' visible='true' inheritsFrom='Structures/WorkRequestService/Types/hsgca1/AssetsType.xml' namespaceIndex='1' V281='13' V1='4' name='Assets'>
      </savedDerivedCopy>
      <savedOrigCopyAtInheritsFrom t='167' id='15' V167='21' V283='1' occurMaxTimes='1' minSize='-1' maxSize='-1' groupType='1' repHandlerStruct='' inheritsFrom='' namespaceIndex='1' V281='13' V1='4' name='AssetsType'>
      </savedOrigCopyAtInheritsFrom>
    </child>
  </rootElem>
  <defaultRep t='172' id='16' V172='6' autoFixNamespaceMismatch='true' V170='10' V692='1' unnamedElemsNamespace='1' V690='1' ignoreExcluded='true' fixInvalidCharacters='true' V1='4' name='XML'>
    <namespaceContainers t='220' ref='Namespace Containers/WorkRequestService.xml'/>
  </defaultRep>
  <namespaceList t='161' id='17' V161='1' namespaceUri='___osdtDummy___' V1='4'>
  </namespaceList>
  <namespaceList t='161' id='18' V161='1' namespaceUri='http://www.homeserve.com/Global/Customer/Contract/v1' namespacePrefix='hsgcn' V1='4'>
  </namespaceList>
  <namespaceList t='161' id='19' V161='1' namespaceUri='http://www.homeserve.com/Global/ProductSpine/v1' namespacePrefix='hsgps' V1='4'>
  </namespaceList>
  <namespaceList t='161' id='20' V161='1' namespaceUri='http://www.homeserve.com/Global/Customer/Asset/v1' namespacePrefix='hsgca1' V1='4'>
  </namespaceList>
  <child t='162' id='21' V1='4' name='Representations'>
    <child t='172' idref='16'/>
  </child>
  <child t='165' id='22' V1='4' name='Document Bindings'>
    <child t='166' id='23' V166='5' docType='1' V1='4' name='/hsgcn:ContractDetailsType'>
      <elemNode t='167' idref='2'/>
    </child>
  </child>
</root>
