<?xml version="1.0" encoding="UTF-8"?>
<root t='220' id='1' V220='3' V1='4' name='CompositeDataBlock_30Nov2018' incarnation='10'>
  <namespaceRoot t='221' id='2' V222='3' V1='4'>
    <namespaceContainer t='220' idref='1'/>
    <child t='222' id='3' V222='3' namespaceUri='http://www.w3.org/2001/XMLSchema' V1='4' name='xs'>
      <namespaceContainer t='220' idref='1'/>
    </child>
    <child t='222' id='4' V222='3' namespaceUri='http://www.w3.org/2001/XMLSchema-instance' V1='4' name='xsi'>
      <namespaceContainer t='220' idref='1'/>
    </child>
    <child t='222' id='5' V222='3' namespaceUri='http://www.homeserve.com/Europe/GB/Document/BuildingBlocks/v2/CompositeDatablock' V1='4' name='hsegdbc'>
      <namespaceContainer t='220' idref='1'/>
    </child>
  </namespaceRoot>
</root>
