<?xml version="1.0" encoding="UTF-8"?>
<root t='220' id='1' V220='3' V1='4' name='R6.4_DocCompositionService' incarnation='58'>
  <namespaceRoot t='221' id='2' V222='3' V1='4'>
    <namespaceContainer t='220' idref='1'/>
    <child t='222' id='3' V222='3' namespaceUri='http://www.w3.org/2001/XMLSchema' V1='4' name='xs'>
      <namespaceContainer t='220' idref='1'/>
    </child>
    <child t='222' id='4' V222='3' namespaceUri='http://www.w3.org/2001/XMLSchema-instance' V1='4' name='xsi'>
      <namespaceContainer t='220' idref='1'/>
    </child>
    <child t='222' id='5' V222='3' namespaceUri='http://www.homeserve.com/Global/Common/CommonService/v1' V1='4' name='hsgco'>
      <namespaceContainer t='220' idref='1'/>
    </child>
    <child t='222' id='6' V222='3' namespaceUri='http://www.homeserve.com/Global/Document/Composition/DocCompositionService/v1' V1='4' name='hsgdcs'>
      <namespaceContainer t='220' idref='1'/>
    </child>
    <child t='222' id='7' V222='3' namespaceUri='http://schemas.xmlsoap.org/wsdl/soap/' V1='4' name='soap'>
      <namespaceContainer t='220' idref='1'/>
    </child>
    <child t='222' id='8' V222='3' namespaceUri='http://schemas.xmlsoap.org/wsdl/' V1='4' name='wsdl'>
      <namespaceContainer t='220' idref='1'/>
    </child>
    <child t='222' id='9' V222='3' namespaceUri='http://www.homeserve.com/Global/Common/v1' V1='4' name='hsgcm'>
      <namespaceContainer t='220' idref='1'/>
    </child>
    <child t='222' id='10' V222='3' namespaceUri='http://www.homeserve.com/Europe/GB/Address/v1' V1='4' name='hsega'>
      <namespaceContainer t='220' idref='1'/>
    </child>
    <child t='222' id='11' V222='3' namespaceUri='http://www.homeserve.com/Global/Finance/BankAccount/v1' V1='4' name='hsgbad'>
      <namespaceContainer t='220' idref='1'/>
    </child>
    <child t='222' id='12' V222='3' namespaceUri='http://www.homeserve.com/Global/Customer/v1' V1='4' name='hsgc'>
      <namespaceContainer t='220' idref='1'/>
    </child>
    <child t='222' id='13' V222='3' namespaceUri='http://www.homeserve.com/Global/Customer/Appointment/v1' V1='4' name='hsgca'>
      <namespaceContainer t='220' idref='1'/>
    </child>
    <child t='222' id='14' V222='3' namespaceUri='http://www.homeserve.com/Global/Customer/Claim/v1' V1='4' name='hsgcc'>
      <namespaceContainer t='220' idref='1'/>
    </child>
    <child t='222' id='15' V222='3' namespaceUri='http://www.homeserve.com/Global/Customer/Contract/v1' V1='4' name='hsgcn'>
      <namespaceContainer t='220' idref='1'/>
    </child>
    <child t='222' id='16' V222='3' namespaceUri='http://www.homeserve.com/Global/WorkRequest/v1' V1='4' name='hsgcwr'>
      <namespaceContainer t='220' idref='1'/>
    </child>
    <child t='222' id='17' V222='3' namespaceUri='http://www.homeserve.com/Global/Document/Composition/DocComposition/v1' V1='4' name='hsgdcot'>
      <namespaceContainer t='220' idref='1'/>
    </child>
    <child t='222' id='18' V222='3' namespaceUri='http://www.homeserve.com/Global/Document/v1' V1='4' name='hsgdo'>
      <namespaceContainer t='220' idref='1'/>
    </child>
    <child t='222' id='19' V222='3' namespaceUri='http://www.homeserve.com/Global/Partner/v1' V1='4' name='hsgpt'>
      <namespaceContainer t='220' idref='1'/>
    </child>
    <child t='222' id='20' V222='3' namespaceUri='http://www.homeserve.com/Global/Document/Processing/DocProcessing/v1' V1='4' name='Q1'>
      <namespaceContainer t='220' idref='1'/>
    </child>
    <child t='222' id='21' V222='3' namespaceUri='http://www.homeserve.com/Global/Document/Composition/DocCompositionServiceOperations/v1' V1='4' name='hsgdcso'>
      <namespaceContainer t='220' idref='1'/>
    </child>
  </namespaceRoot>
</root>
