<?xml version="1.0" encoding="UTF-8"?>
<root t='190' id='1' V190='11' inStruct='Structures/EmailService/EmailService_0.1/Elements/hsgdcecs/GenerateEmailRequest.xml' outStruct='Structures/EmailService/EmailService_0.1/Elements/hsgdcecs/GenerateEmailRequest.xml' inputRep='172' outputRep='172' nextMap='' inputStructUserName='GenerateEmailRequest' outputStructUserName='GenerateEmailRequest' V1='4' name='EmailInputMap' incarnation='109'>
  <inputMapElem t='200' id='2' V200='7' input='true' shown='5' structElemExists='true' V283='1' occurMinTimes='1' occurMaxTimes='1' minSize='-1' maxSize='-1' inheritsFromCopyRule='20' groupType='1' repHandlerStruct='' visible='true' inheritsFrom='Structures/EmailService/EmailService_0.1/Types/hsgdcecso/GenerateEmailRequestType.xml' namespaceIndex='1' V281='13' V1='4' name='GenerateEmailRequest'>
    <mapNode t='190' idref='1'/>
    <child t='200' id='3' V200='7' input='true' shown='5' structElemExists='true' V283='1' occurMinTimes='1' occurMaxTimes='1' minSize='-1' maxSize='-1' dataType='2' repHandlerStruct='' visible='true' inheritsFrom='' namespaceIndex='2' V281='13' V1='4' name='schedule'>
      <mapNode t='190' idref='1'/>
    </child>
    <child t='200' id='4' V200='7' input='true' shown='5' structElemExists='true' V283='1' occurMinTimes='1' occurMaxTimes='1' minSize='-1' maxSize='-1' dataType='12' repHandlerStruct='' visible='true' inheritsFrom='' namespaceIndex='2' V281='13' V1='4' name='batch_id'>
      <mapNode t='190' idref='1'/>
    </child>
    <child t='200' id='5' V200='7' input='true' shown='5' structElemExists='true' V283='1' occurMaxTimes='1' minSize='-1' maxSize='-1' elemType='6' repHandlerStruct='' visible='true' inheritsFrom='' V281='13' V1='4' name='Any'>
      <mapNode t='190' idref='1'/>
    </child>
  </inputMapElem>
  <outputMapElem t='200' id='6' V200='7' shown='5' structElemExists='true' V283='1' occurMinTimes='1' occurMaxTimes='1' minSize='-1' maxSize='-1' inheritsFromCopyRule='20' groupType='1' repHandlerStruct='' visible='true' inheritsFrom='Structures/EmailService/EmailService_0.1/Types/hsgdcecso/GenerateEmailRequestType.xml' namespaceIndex='1' V281='13' modifiedFromParent_loop='true' V1='4' name='GenerateEmailRequest'>
    <mapNode t='190' idref='1'/>
    <loop>SimpleLoop([autoAdded="true"],in$/hsgdcecs:GenerateEmailRequest,{Filter},{Sort Keys},{Contexts})</loop>
    <child t='200' id='7' V200='7' shown='5' structElemExists='true' V283='1' occurMinTimes='1' occurMaxTimes='1' minSize='-1' maxSize='-1' dataType='2' repHandlerStruct='' visible='true' inheritsFrom='' namespaceIndex='2' V281='13' modifiedFromParent_value='true' V1='4' name='schedule'>
      <mapNode t='190' idref='1'/>
      <value>in$/hsgdcecs:GenerateEmailRequest/hsgdcecso:schedule</value>
    </child>
    <child t='200' id='8' V200='7' shown='5' structElemExists='true' V283='1' occurMinTimes='1' occurMaxTimes='1' minSize='-1' maxSize='-1' dataType='12' repHandlerStruct='' visible='true' inheritsFrom='' namespaceIndex='2' V281='13' modifiedFromParent_value='true' V1='4' name='batch_id'>
      <mapNode t='190' idref='1'/>
      <value>in$/hsgdcecs:GenerateEmailRequest/hsgdcecso:batch_id</value>
    </child>
    <child t='200' id='9' V200='7' shown='5' structElemExists='true' V283='1' occurMaxTimes='1' minSize='-1' maxSize='-1' elemType='6' repHandlerStruct='' visible='true' inheritsFrom='' V281='13' modifiedFromParent_value='true' V1='4' name='Any'>
      <mapNode t='190' idref='1'/>
      <value>AnyConcat(in$/hsgdcecs:GenerateEmailRequest/Any)</value>
    </child>
  </outputMapElem>
  <inputNsList t='161' id='10' V161='1' namespaceUri='___osdtDummy___' V1='4'>
  </inputNsList>
  <inputNsList t='161' id='11' V161='1' namespaceUri='http://www.homeserve.com/Global/Document/Composition/EmailCompositionService/v1' namespacePrefix='hsgdcecs' V1='4'>
  </inputNsList>
  <inputNsList t='161' id='12' V161='1' namespaceUri='http://www.homeserve.com/Global/Document/Composition/EmailCompositionServiceOperations/v1' namespacePrefix='hsgdcecso' V1='4'>
  </inputNsList>
  <outputNsList t='161' id='13' V161='1' namespaceUri='___osdtDummy___' V1='4'>
  </outputNsList>
  <outputNsList t='161' id='14' V161='1' namespaceUri='http://www.homeserve.com/Global/Document/Composition/EmailCompositionService/v1' namespacePrefix='hsgdcecs' V1='4'>
  </outputNsList>
  <outputNsList t='161' id='15' V161='1' namespaceUri='http://www.homeserve.com/Global/Document/Composition/EmailCompositionServiceOperations/v1' namespacePrefix='hsgdcecso' V1='4'>
  </outputNsList>
  <inputRepRuntime t='692' id='16' V692='1' V690='1'>
    <namespaceContainers t='220' ref='Namespace Containers/EmailService_EmailService_0.1.xml'/>
  </inputRepRuntime>
  <outputRepRuntime t='692' idref='16'/>
  <valueSets></valueSets>
  <inputXmlRepRuntime t='692' idref='16'/>
  <outputXmlRepRuntime t='692' idref='16'/>
  <child t='165' id='17' V1='4' name='Document Bindings'>
    <child t='166' id='18' V166='5' docType='1' V1='4' name='in$/hsgdcecs:GenerateEmailRequest'>
      <elemNode t='200' idref='2'/>
    </child>
    <child t='166' id='19' V166='5' docType='2' V1='4' name='out$/hsgdcecs:GenerateEmailRequest'>
      <elemNode t='200' idref='6'/>
    </child>
  </child>
  <child t='201' id='20' V1='4' name='Inherits From'>
  </child>
</root>
